purpose,config,fold,row_excel,date,group,tile,bairro,area,actual,predicted,k,effective,floor,n_train,discount,error,razao,erro_percentual_absoluto
TERRENO,baseline,teste_reservado,164842,2026-08-28,100056290,-3351|-4930,vila nova,1419.04,324000.0,2977863.2230986264,12,11.999792592776764,200.0,97,0.0,,9.190935873761193,8.190935873761193
GARAGEM / VAGA NÃO RESIDENCIAL,baseline,teste_reservado,166272,2026-09-14,100011760,-3341|-4934,cidade baixa,11.5,5000.0,43000.126344689714,7,5.720728424765045,150.0,2612,0.2,,8.600025268937943,7.600025268937943
GARAGEM / VAGA NÃO RESIDENCIAL,baseline,teste_reservado,164319,2026-09-01,8618801,-3340|-4934,centro historic,31.0,5000.0,39399.8482713998,7,6.957690462147799,150.0,2612,0.2,,7.87996965427996,6.87996965427996
GARAGEM / VAGA RESIDENCIAL,baseline,teste_reservado,165959,2026-09-10,5473624,-3338|-4922,jar leopoldina,13.5,3000.0,22841.73140825236,7,6.459118553231284,200.0,17117,0.0374643698062107,,7.613910469417453,6.613910469417453
CASA / RESIDÊNCIA,baseline,teste_reservado,166226,2026-09-11,2156032,-3341|-4929,petropolis,267.0,233333.33,1763650.2238824363,5,5.0,800.0,16815,0.1487989829969808,,7.558501067474743,6.558501067474743
GARAGEM / VAGA RESIDENCIAL,baseline,teste_reservado,163229,2026-08-25,6144926,-3342|-4930,jardim botanico,12.0,5034.21,36644.30275643536,7,5.5012013656993,200.0,17117,0.0374643698062107,,7.279057241639773,6.279057241639773
GARAGEM / VAGA RESIDENCIAL,baseline,teste_reservado,164326,2026-08-31,10043144,-3338|-4927,passo da areia,10.58,7000.0,50902.496615932,7,6.638011460302643,200.0,17117,0.0374643698062107,,7.271785230847429,6.271785230847429
GARAGEM / VAGA RESIDENCIAL,baseline,teste_reservado,165409,2026-09-08,8204136,-3342|-4932,santana,23.25,8000.0,55496.71196737503,7,6.832008391197658,200.0,17117,0.0374643698062107,,6.937088995921878,5.937088995921878
GARAGEM / VAGA RESIDENCIAL,baseline,teste_reservado,165912,2026-09-04,100051058,-3340|-4931,rio branco,10.58,5600.0,38842.226228388,7,6.958328459119964,200.0,17117,0.0374643698062107,,6.936111826497856,5.936111826497856
CASA / RESIDÊNCIA,baseline,teste_reservado,164854,2026-08-31,2300532,-3348|-4934,cavalhada,65.0,61000.0,410807.5477245054,5,5.0,800.0,16815,0.1487989829969808,,6.734549962696811,5.734549962696811
TERRENO,baseline,teste_reservado,162604,2026-08-19,100050408,-3354|-4933,guaruja,304.0,70680.0,471097.4324751636,12,11.959016378748364,200.0,97,0.0,,6.665215513230951,5.665215513230951
APARTAMENTO,baseline,teste_reservado,160430,2026-08-07,10700692,-3341|-4929,petropolis,124.54,182000.0,1189822.8198260476,21,11.24256243867415,1200.0,96700,0.2,,6.53748802102224,5.53748802102224
TERRENO,baseline,teste_reservado,163626,2026-08-27,1029215,-3335|-4925,sarandi,300.0,62500.0,401704.1615793667,12,11.837306505115455,200.0,97,0.0,,6.427266585269868,5.427266585269868
CASA / RESIDÊNCIA,baseline,teste_reservado,162970,2026-08-21,380318,-3342|-4933,menino deus,78.0,75000.0,464726.1651257874,5,5.0,800.0,16815,0.1487989829969808,,6.196348868343832,5.196348868343832
GARAGEM / VAGA RESIDENCIAL,baseline,teste_reservado,160823,2026-08-10,10151362,-3346|-4934,cristal,12.0,5000.0,30870.755065134945,11,5.026234674408876,200.0,17117,0.0374643698062107,,6.1741510130269885,5.1741510130269885
TERRENO,baseline,teste_reservado,159922,2026-08-05,100088539,-3353|-4932,aberta dos morr,434.3,149000.0,910155.837470027,12,11.977214858809951,200.0,97,0.0,,6.108428439396155,5.108428439396155
CASA / RESIDÊNCIA,baseline,teste_reservado,163704,2026-08-27,190799,-3341|-4929,petropolis,436.0,540000.0,3205767.5882129623,6,5.872819786740466,800.0,16815,0.1487989829969808,,5.936606644838819,4.936606644838819
GARAGEM / VAGA RESIDENCIAL,baseline,teste_reservado,167096,2026-09-17,10375481,-3349|-4933,vila nova,12.0,5516.0,32142.85714285714,7,7.0,200.0,17117,0.0374643698062107,,5.8272039780379155,4.8272039780379155
TERRENO,baseline,teste_reservado,162376,2026-08-17,10663428,-3355|-4930,hipica,134.0,31490.35,180192.121051196,12,11.952135834514586,200.0,97,0.0,,5.7221377676398015,4.7221377676398015
CASA / RESIDÊNCIA,baseline,teste_reservado,163633,2026-08-21,1365355,-3341|-4934,cidade baixa,52.0,50000.0,276871.4804088019,5,5.0,800.0,16815,0.1487989829969808,,5.537429608176037,4.537429608176037
CASA / RESIDÊNCIA,baseline,teste_reservado,165894,2026-09-09,1442120,-3341|-4927,bom jesus,221.0,182700.0,983113.2773328058,5,5.0,800.0,16815,0.1487989829969808,,5.381025053819408,4.381025053819408
TERRENO,baseline,teste_reservado,159589,2026-08-04,100075346,-3341|-4928,bom jesus,335.31,70000.0,367853.37604741525,12,11.944282596152844,200.0,97,0.0,,5.255048229248789,4.255048229248789
TERRENO,baseline,teste_reservado,159587,2026-08-04,100075347,-3341|-4928,bom jesus,333.88,70000.0,366261.0512051461,12,11.94413069737131,200.0,97,0.0,,5.232300731502088,4.232300731502088
GARAGEM / VAGA RESIDENCIAL,baseline,teste_reservado,160399,2026-08-07,10701745,-3341|-4929,petropolis,21.16,12000.0,62670.57024475493,7,6.759931166618432,200.0,17117,0.0374643698062107,,5.222547520396244,4.222547520396244
LOJA,baseline,teste_reservado,163910,2026-08-28,1268821,-3340|-4933,cidade baixa,313.7,238080.0,1164373.34829708,12,11.945996801213209,700.0,1774,0.2,,4.890681066435988,3.890681066435988
CASA / RESIDÊNCIA,baseline,teste_reservado,163576,2026-08-26,350478,-3337|-4927,cristo redentor,109.0,100000.0,485808.8772248336,5,5.0,800.0,16815,0.1487989829969808,,4.858088772248336,3.858088772248336
TERRENO,baseline,teste_reservado,164305,2026-08-27,100106520,-3341|-4921,mario quintana,204.88,88000.0,425640.7153472347,12,11.98282775677221,200.0,97,0.0,,4.836826310764031,3.836826310764031
CASA / RESIDÊNCIA,baseline,teste_reservado,159387,2026-08-03,1539884,-3338|-4931,floresta,149.94,209750.0,992527.5373056931,5,5.0,800.0,16815,0.1487989829969808,,4.7319548858435905,3.7319548858435905
TERRENO,baseline,teste_reservado,164845,2026-08-28,100055656,-3351|-4930,vila nova,502.19,225314.77,1053858.4727668294,12,11.999795260700056,200.0,97,0.0,,4.677272034881821,3.6772720348818213
LOJA,baseline,teste_reservado,163822,2026-08-27,1338986,-3341|-4932,santana,95.38,106000.0,494663.1159990368,12,11.820032643516068,700.0,1774,0.2,,4.6666331698022345,3.6666331698022345
GARAGEM / VAGA NÃO RESIDENCIAL,baseline,teste_reservado,160273,2026-08-06,9285040,-3343|-4934,menino deus,10.58,5000.0,23120.117886002165,7,5.662577079381272,150.0,2612,0.2,,4.6240235772004326,3.6240235772004326
GARAGEM / VAGA NÃO RESIDENCIAL,baseline,teste_reservado,164199,2026-08-31,10748881,-3340|-4929,petropolis,10.58,15000.0,68989.70003636551,7,6.943782865202265,150.0,2612,0.2,,4.5993133357577,3.5993133357577003
COBERTURA,baseline,teste_reservado,166754,2026-09-15,8824398,-3340|-4929,petropolis,295.04,400000.0,1814835.7889862184,12,11.97755421584738,900.0,1688,0.2,,4.537089472465546,3.5370894724655457
CASA / RESIDÊNCIA,baseline,teste_reservado,162788,2026-08-21,887471,-3337|-4931,sao geraldo,149.0,260000.0,1169259.6487536114,5,5.0,800.0,16815,0.1487989829969808,,4.497152495206198,3.4971524952061976
SALA COMERCIAL,baseline,teste_reservado,165500,2026-09-08,10749217,-3340|-4929,petropolis,46.11,80000.0,356043.9948781226,20,10.74152355033796,900.0,7886,0.2,,4.450549935976532,3.4505499359765324
TERRENO,baseline,teste_reservado,166834,2026-09-17,100131331,-3347|-4924,lomba pinheiro,220.59,60000.0,259059.09684133544,12,11.938112830290844,200.0,97,0.0,,4.317651614022258,3.3176516140222576
TERRENO,baseline,teste_reservado,167339,2026-09-22,11000406,-3356|-4929,ponta grossa,150.0,60000.0,256249.69490300468,12,11.946335591775618,200.0,97,0.0,,4.2708282483834115,3.2708282483834115
SALA COMERCIAL,baseline,teste_reservado,161491,2026-08-07,8576386,-3341|-4934,menino deus,29.57,27807.5,116869.8135963973,16,15.897802019795447,900.0,7886,0.2,,4.202816276054924,3.202816276054924
GARAGEM / VAGA RESIDENCIAL,baseline,teste_reservado,165775,2026-09-10,100071695,-3348|-4934,cavalhada,10.58,7692.5,32000.00000928709,7,6.000000013930624,200.0,17117,0.0374643698062107,,4.159896003807226,3.1598960038072264
CASA / RESIDÊNCIA,baseline,teste_reservado,161774,2026-08-14,2206234,-3351|-4935,jardim isabel,252.0,234600.0,945352.8462120938,5,5.0,800.0,16815,0.1487989829969808,,4.029637025626998,3.0296370256269984
CASA / RESIDÊNCIA,baseline,teste_reservado,166080,2026-09-11,2156016,-3341|-4929,petropolis,131.0,233333.33,939543.5549844474,5,5.0,800.0,16815,0.1487989829969808,,4.026615293170708,3.0266152931707078
GARAGEM / VAGA RESIDENCIAL,baseline,teste_reservado,167016,2026-09-17,5282357,-3342|-4933,menino deus,12.0,10000.0,40000.0,7,6.702756436484713,200.0,17117,0.0374643698062107,,4.0,3.0
GARAGEM / VAGA RESIDENCIAL,baseline,teste_reservado,164443,2026-09-01,2875454,-3339|-4931,moinhos vento,14.4,16000.0,63780.933204131936,7,5.778510303116033,200.0,17117,0.0374643698062107,,3.986308325258246,2.986308325258246
GARAGEM / VAGA NÃO RESIDENCIAL,baseline,teste_reservado,159333,2026-08-03,8620474,-3340|-4934,centro historic,31.0,10000.0,39399.8482713998,7,6.957690462147799,150.0,2612,0.2,,3.93998482713998,2.93998482713998
SALA COMERCIAL,baseline,teste_reservado,162208,2026-08-19,8761981,-3339|-4932,moinhos vento,66.87,90000.0,354184.53227863385,17,15.565514260640049,900.0,7886,0.2,,3.9353836919848204,2.9353836919848204
GARAGEM / VAGA NÃO RESIDENCIAL,baseline,teste_reservado,160992,2026-08-12,10492305,-3340|-4933,centro historic,13.88,10000.0,39262.15920866698,7,5.825242718446603,150.0,2612,0.2,,3.9262159208666976,2.9262159208666976
TERRENO,baseline,teste_reservado,163172,2026-08-20,100055886,-3351|-4930,vila nova,540.8,296000.0,1134882.0816693832,12,11.999795147839183,200.0,97,0.0,,3.8340610867208893,2.8340610867208893
TERRENO,baseline,teste_reservado,161922,2026-08-17,100106506,-3341|-4921,mario quintana,216.51,120000.0,449789.0013413828,12,11.982756823614125,200.0,97,0.0,,3.748241677844857,2.748241677844857
GARAGEM / VAGA RESIDENCIAL,baseline,teste_reservado,161929,2026-08-18,10360344,-3338|-4926,vila ipiranga,10.58,10000.0,37000.0,7,5.825242718446604,200.0,17117,0.0374643698062107,,3.7,2.7
TERRENO,baseline,teste_reservado,161079,2026-08-08,1617095,-3338|-4932,floresta,296.0,420000.0,1546846.1092064674,12,11.97534039117906,200.0,97,0.0,,3.6829669266820653,2.6829669266820653
TERRENO,baseline,teste_reservado,166319,2026-09-14,6044565,-3339|-4922,mario quintana,300.0,94000.0,344162.3691856301,12,11.83241506851573,200.0,97,0.0,,3.661301799847129,2.661301799847129
SALA COMERCIAL,baseline,teste_reservado,166308,2026-09-14,100011708,-3341|-4934,cidade baixa,28.97,40000.0,145962.26447111607,20,5.838610553721199,900.0,7886,0.2,,3.6490566117779015,2.6490566117779015
GARAGEM / VAGA NÃO RESIDENCIAL,baseline,teste_reservado,162212,2026-08-19,8761515,-3339|-4932,moinhos vento,11.04,10000.0,36070.709263411874,7,5.255096148608177,150.0,2612,0.2,,3.6070709263411875,2.6070709263411875
GARAGEM / VAGA RESIDENCIAL,baseline,teste_reservado,163186,2026-08-25,6584373,-3340|-4927,vila jardim,12.0,11250.0,40044.00000000001,7,6.999999999999997,200.0,17117,0.0374643698062107,,3.5594666666666672,2.5594666666666672
GARAGEM / VAGA RESIDENCIAL,baseline,teste_reservado,163741,2026-08-26,11550848,-3340|-4929,petropolis,207.88,628000.0,2220804.0792133133,7,5.763412274175996,200.0,17117,0.0374643698062107,,3.536312228046677,2.536312228046677
TERRENO,baseline,teste_reservado,162077,2026-08-17,9513973,-3342|-4931,santana,508.0,540000.0,1902872.306270391,12,11.95904663572536,200.0,97,0.0,,3.5238376042044277,2.5238376042044277
CASA / RESIDÊNCIA,baseline,teste_reservado,164227,2026-08-31,1472178,-3340|-4927,chacara pedras,545.79,800000.0,2802168.020718897,5,5.0,800.0,16815,0.1487989829969808,,3.5027100258986215,2.5027100258986215
CASA / RESIDÊNCIA,baseline,teste_reservado,162575,2026-08-19,2479869,-3341|-4924,morro santana,46.0,60000.0,210055.43794871797,5,5.0,800.0,16815,0.1487989829969808,,3.500923965811966,2.500923965811966
TERRENO,baseline,teste_reservado,166235,2026-09-11,2023733,-3344|-4934,santa tereza,1932.0,400000.0,1372042.477313138,12,11.985315126766942,200.0,97,0.0,,3.430106193282845,2.430106193282845
TERRENO,baseline,teste_reservado,163614,2026-08-26,100135070,-3340|-4921,mario quintana,150.0,48360.46,163321.09296541728,12,11.96974846214799,200.0,97,0.0,,3.3771616929495147,2.3771616929495147
TERRENO,baseline,teste_reservado,166071,2026-09-10,470767,-3342|-4932,azenha,364.0,345379.49,1160406.098007602,12,11.95016057651699,200.0,97,0.0,,3.3598002533607363,2.3598002533607363
GARAGEM / VAGA RESIDENCIAL,baseline,teste_reservado,166855,2026-09-16,100039333,-3343|-4931,santo antonio,10.58,10000.0,33333.3333171575,7,6.000000014558249,200.0,17117,0.0374643698062107,,3.33333333171575,2.33333333171575
GARAGEM / VAGA NÃO RESIDENCIAL,baseline,teste_reservado,166270,2026-09-14,11053232,-3340|-4929,bela vista,10.58,15000.0,49880.57349413931,7,6.999991465172689,150.0,2612,0.2,,3.3253715662759538,2.3253715662759538
GARAGEM / VAGA NÃO RESIDENCIAL,baseline,teste_reservado,166269,2026-09-14,11053089,-3340|-4929,bela vista,10.58,15000.0,49880.57349413931,7,6.999991465172689,150.0,2612,0.2,,3.3253715662759538,2.3253715662759538
GARAGEM / VAGA RESIDENCIAL,baseline,teste_reservado,162578,2026-08-19,100060282,-3341|-4927,chacara pedras,11.04,10000.0,33132.49212368087,7,5.491429723526276,200.0,17117,0.0374643698062107,,3.3132492123680874,2.3132492123680874
APARTAMENTO,baseline,teste_reservado,161270,2026-08-13,9134948,-3349|-4936,tristeza,88.94,126666.54,416403.8538590286,12,11.99998250300985,1200.0,96700,0.2,,3.287402133657623,2.287402133657623
CASA / RESIDÊNCIA,baseline,teste_reservado,167322,2026-09-17,3082032,-3340|-4927,vila jardim,323.98,400000.0,1294347.771576569,5,5.0,800.0,16815,0.1487989829969808,,3.2358694289414225,2.2358694289414225
TERRENO,baseline,teste_reservado,167416,2026-09-17,9604472,-3339|-4923,mario quintana,300.0,100000.0,321351.76662349334,12,11.803941553370503,200.0,97,0.0,,3.2135176662349334,2.2135176662349334
TERRENO,baseline,teste_reservado,166970,2026-09-17,9609806,-3339|-4923,mario quintana,300.0,100000.0,321326.0158292984,12,11.802001364388715,200.0,97,0.0,,3.213260158292984,2.213260158292984
TERRENO,baseline,teste_reservado,164385,2026-08-31,2034581,-3337|-4927,jardim floresta,1124.0,825000.0,2616106.307606069,12,11.955776210510638,200.0,97,0.0,,3.171037948613417,2.171037948613417
TERRENO,baseline,teste_reservado,166969,2026-09-15,9589155,-3339|-4923,jar leopoldina,315.0,120000.0,379157.47960518906,12,11.810075418786209,200.0,97,0.0,,3.1596456633765757,2.1596456633765757
GARAGEM / VAGA NÃO RESIDENCIAL,baseline,teste_reservado,167391,2026-09-22,10491759,-3340|-4933,centro historic,14.43,10000.0,31276.09379928018,7,6.647549131484572,150.0,2612,0.2,,3.127609379928018,2.127609379928018
CASA / RESIDÊNCIA,baseline,teste_reservado,165084,2026-09-02,1279335,-3341|-4933,cidade baixa,174.0,300000.0,929965.2652589028,5,5.0,800.0,16815,0.1487989829969808,,3.099884217529676,2.099884217529676
TERRENO,baseline,teste_reservado,166801,2026-09-16,2343606,-3335|-4924,sarandi,961.0,317000.0,982487.7675049946,12,11.98854341381178,200.0,97,0.0,,3.0993304968611817,2.0993304968611817
GARAGEM / VAGA NÃO RESIDENCIAL,baseline,teste_reservado,160991,2026-08-12,10491848,-3340|-4933,centro historic,14.19,10000.0,30851.228196074,7,5.799513957952,150.0,2612,0.2,,3.0851228196074,2.0851228196074
TERRENO,baseline,teste_reservado,163319,2026-08-24,10631674,-3338|-4923,jar leopoldina,330.0,120000.0,367578.337505282,12,11.773173912342637,200.0,97,0.0,,3.0631528125440166,2.0631528125440166
TERRENO,baseline,teste_reservado,163823,2026-08-27,100134863,-3340|-4922,mario quintana,154.0,55005.0,167377.34706282898,12,11.94890510540421,200.0,97,0.0,,3.042947860427761,2.042947860427761
CASA / RESIDÊNCIA,baseline,teste_reservado,162756,2026-08-21,914231,-3352|-4933,ipanema,224.0,320000.0,970374.4605461912,5,5.0,800.0,16815,0.1487989829969808,,3.0324201892068476,2.0324201892068476
CASA / RESIDÊNCIA,baseline,teste_reservado,164545,2026-09-01,1181173,-3341|-4929,petropolis,145.0,245000.0,732841.5196099197,5,5.0,800.0,16815,0.1487989829969808,,2.991189875958856,1.991189875958856
APARTAMENTO,baseline,teste_reservado,167255,2026-09-21,9911561,-3340|-4930,bela vista,289.44,620000.0,1851834.686387553,12,11.992686076446132,1200.0,96700,0.2,,2.986830139334763,1.9868301393347632
GARAGEM / VAGA RESIDENCIAL,baseline,teste_reservado,161838,2026-08-13,9204903,-3344|-4932,medianeira,251.26,445000.0,1316511.2411915846,7,6.716415542261549,200.0,17117,0.0374643698062107,,2.9584522273968195,1.9584522273968195
CASA / RESIDÊNCIA,baseline,teste_reservado,161642,2026-08-13,10073736,-3358|-4928,belem novo,275.0,500000.0,1478651.1344765865,5,5.0,800.0,16815,0.1487989829969808,,2.957302268953173,1.957302268953173
SALA COMERCIAL,baseline,teste_reservado,160301,2026-08-06,9284583,-3343|-4934,menino deus,43.67,86783.39,253655.43647149537,16,15.662226482865206,900.0,7886,0.2,,2.9228569714952983,1.9228569714952983
GARAGEM / VAGA RESIDENCIAL,baseline,teste_reservado,167104,2026-09-18,100147968,-3337|-4929,sao joao,10.58,15000.0,43699.309275125896,30,4.000000165351272,200.0,17117,0.0374643698062107,,2.913287285008393,1.9132872850083928
CASA / RESIDÊNCIA,baseline,teste_reservado,166952,2026-09-17,1221159,-3338|-4929,passo da areia,68.0,90000.0,260605.8906967164,5,5.0,800.0,16815,0.1487989829969808,,2.8956210077412936,1.8956210077412936
GARAGEM / VAGA NÃO RESIDENCIAL,baseline,teste_reservado,161490,2026-08-07,8575959,-3341|-4934,menino deus,12.0,11123.0,32000.37787556429,7,5.817183360520193,150.0,2612,0.2,,2.876955666237911,1.8769556662379112
GARAGEM / VAGA RESIDENCIAL,baseline,teste_reservado,162390,2026-08-18,9404236,-3343|-4934,praia de belas,10.58,20000.0,57523.84027701728,30,3.698353181751322,200.0,17117,0.0374643698062107,,2.876192013850864,1.876192013850864
TERRENO,baseline,teste_reservado,163955,2026-08-28,10548343,-3348|-4932,vila nova,276.0,200000.0,572936.8039922662,12,11.979920802073742,200.0,97,0.0,,2.864684019961331,1.8646840199613308
TERRENO,baseline,teste_reservado,167060,2026-09-15,9589163,-3339|-4923,jar leopoldina,300.0,120000.0,343717.1307818694,12,11.79474939004992,200.0,97,0.0,,2.8643094231822452,1.8643094231822452
SALA COMERCIAL,baseline,teste_reservado,166369,2026-09-14,8304149,-3338|-4932,floresta,27.72,35000.0,100241.51061253232,20,9.406780813559717,900.0,7886,0.2,,2.8640431603580665,1.8640431603580665
GARAGEM / VAGA RESIDENCIAL,baseline,teste_reservado,159991,2026-08-05,5878136,-3341|-4927,vila jardim,72.31,73181.44,209105.4067164932,13,5.242310009989865,200.0,17117,0.0374643698062107,,2.8573557273059014,1.8573557273059014
SALA COMERCIAL,baseline,teste_reservado,160784,2026-08-11,100115649,-3339|-4932,moinhos vento,101.04,223060.15,637224.1011774052,16,15.8690364000066,900.0,7886,0.2,,2.8567366299063512,1.8567366299063512
COBERTURA,baseline,teste_reservado,162614,2026-08-20,23981,-3341|-4933,cidade baixa,130.45,195000.0,552934.5216875051,12,11.920042663751737,900.0,1688,0.2,,2.835561649679513,1.835561649679513
APARTAMENTO,baseline,teste_reservado,162098,2026-08-17,6170153,-3347|-4936,tristeza,63.61,90000.0,254495.68813166,12,11.919294598721848,1200.0,96700,0.2,,2.8277298681295555,1.8277298681295555
TERRENO,baseline,teste_reservado,162075,2026-08-12,10754407,-3353|-4931,aberta dos morr,174.0,87500.0,246417.9069430036,12,11.95229029823241,200.0,97,0.0,,2.816204650777184,1.816204650777184
TERRENO,baseline,teste_reservado,163046,2026-08-24,748137,-3337|-4930,sao joao,352.0,430000.0,1210105.1926504828,12,11.577419849004787,200.0,97,0.0,,2.814198122442983,1.814198122442983
GARAGEM / VAGA RESIDENCIAL,baseline,teste_reservado,161518,2026-08-13,10245332,-3340|-4930,bela vista,12.49,20000.0,56148.552332704974,7,5.042392683011605,200.0,17117,0.0374643698062107,,2.8074276166352488,1.8074276166352488
GARAGEM / VAGA NÃO RESIDENCIAL,baseline,teste_reservado,164790,2026-09-03,7113056,-3338|-4932,floresta,12.0,10000.0,28027.422462353086,7,5.847517681922284,150.0,2612,0.2,,2.8027422462353084,1.8027422462353084
GARAGEM / VAGA NÃO RESIDENCIAL,baseline,teste_reservado,164188,2026-08-28,7113196,-3338|-4932,floresta,12.0,10000.0,28027.422462353086,7,5.847517681922284,150.0,2612,0.2,,2.8027422462353084,1.8027422462353084
CASA / RESIDÊNCIA,baseline,teste_reservado,166911,2026-09-17,10076387,-3358|-4928,belem novo,300.18,757000.0,2052124.286217492,5,5.0,800.0,16815,0.1487989829969808,,2.710864314686251,1.7108643146862512
GARAGEM / VAGA NÃO RESIDENCIAL,baseline,teste_reservado,166782,2026-09-17,3945197,-3340|-4933,centro historic,15.81,12000.0,32119.360401476868,7,5.888875652563057,150.0,2612,0.2,,2.676613366789739,1.6766133667897392
CASA / RESIDÊNCIA,baseline,teste_reservado,163052,2026-08-24,11381825,-3345|-4927,vila sao jose,77.0,100000.0,265374.6149077137,5,5.0,800.0,16815,0.1487989829969808,,2.6537461490771372,1.6537461490771372
APARTAMENTO,baseline,teste_reservado,161192,2026-08-13,9665994,-3340|-4927,chacara pedras,190.26,755125.36,1995426.2530720169,12,11.904693495887669,1200.0,96700,0.2,,2.6425099179188165,1.6425099179188165
SALA COMERCIAL,baseline,teste_reservado,162945,2026-08-24,791741,-3340|-4933,centro historic,26.72,35000.0,92447.25679119532,16,15.133581800805278,900.0,7886,0.2,,2.641350194034152,1.641350194034152
APARTAMENTO,baseline,teste_reservado,167271,2026-09-21,100022376,-3338|-4926,vila ipiranga,79.27,154908.64,408131.0728595464,17,11.060537948984695,1200.0,96700,0.2,,2.6346566134693736,1.6346566134693736
SALA COMERCIAL,baseline,teste_reservado,160825,2026-08-11,8247412,-3343|-4934,menino deus,23.78,45000.0,118124.53078848532,20,12.29752574860559,900.0,7886,0.2,,2.6249895730774515,1.6249895730774515
CASA / RESIDÊNCIA,baseline,teste_reservado,165890,2026-09-08,10922873,-3347|-4935,cristal,50.1,100000.0,260679.917443349,5,5.0,800.0,16815,0.1487989829969808,,2.60679917443349,1.60679917443349
TERRENO,baseline,teste_reservado,161603,2026-08-14,100091399,-3352|-4931,campo novo,306.68,160000.0,415688.1386329384,12,11.94143531870224,200.0,97,0.0,,2.598050866455865,1.598050866455865
CASA / RESIDÊNCIA,baseline,teste_reservado,160013,2026-08-03,1629239,-3350|-4935,jardim isabel,272.46,262000.0,679818.1308718125,5,5.0,800.0,16815,0.1487989829969808,,2.594725690350429,1.5947256903504292
TERRENO,baseline,teste_reservado,161723,2026-08-13,5068010,-3337|-4932,navegantes,392.15,600000.0,1556528.2234832072,12,11.991513035053549,200.0,97,0.0,,2.594213705805345,1.5942137058053452
GARAGEM / VAGA NÃO RESIDENCIAL,baseline,teste_reservado,161489,2026-08-07,8576149,-3341|-4934,menino deus,11.04,11123.0,28781.28598765002,7,5.908020325115073,150.0,2612,0.2,,2.587547063530524,1.5875470635305242
TERRENO,baseline,teste_reservado,162118,2026-08-18,10141421,-3349|-4923,lomba pinheiro,234.0,110000.0,281760.35643818264,12,11.67713439143591,200.0,97,0.0,,2.5614577858016605,1.5614577858016605
APARTAMENTO,baseline,teste_reservado,167431,2026-09-22,10856048,-3343|-4933,menino deus,139.64,441549.48,1119440.378348022,15,11.812468534044957,1200.0,96700,0.2,,2.535254663527227,1.535254663527227
GARAGEM / VAGA RESIDENCIAL,baseline,teste_reservado,160398,2026-08-07,10701249,-3341|-4929,petropolis,10.58,12000.0,30056.33061317857,7,6.825833468875128,200.0,17117,0.0374643698062107,,2.5046942177648805,1.5046942177648805
COBERTURA,baseline,teste_reservado,164999,2026-09-03,2145944,-3339|-4931,moinhos vento,89.19,217000.0,543085.2106927371,12,11.99287358878355,900.0,1688,0.2,,2.5026968234688347,1.5026968234688347
APARTAMENTO,baseline,teste_reservado,165424,2026-09-04,5957087,-3347|-4937,vila assuncao,81.5,120000.0,299491.65274293243,25,8.969492183101185,1200.0,96700,0.2,,2.4957637728577704,1.4957637728577704
APARTAMENTO,baseline,teste_reservado,166164,2026-09-11,3974480,-3340|-4934,centro historic,26.73,50000.0,123853.34427231064,12,11.965020608336111,1200.0,96700,0.2,,2.477066885446213,1.477066885446213
GARAGEM / VAGA RESIDENCIAL,baseline,teste_reservado,161140,2026-08-12,5340489,-3339|-4927,vila ipiranga,12.0,15900.0,39226.577831560135,8,5.384729867645602,200.0,17117,0.0374643698062107,,2.4670803667647885,1.4670803667647885
GARAGEM / VAGA RESIDENCIAL,baseline,teste_reservado,162101,2026-08-17,9409688,-3337|-4921,rubem berta,10.58,11000.0,26999.99999579274,7,5.000000012997522,200.0,17117,0.0374643698062107,,2.454545454162976,1.454545454162976
APARTAMENTO,baseline,teste_reservado,160707,2026-08-10,100075942,-3340|-4927,vila jardim,136.01,595282.5,1459509.3816387972,25,8.8377676999016,1200.0,96700,0.2,,2.451792857406017,1.451792857406017
SALA COMERCIAL,baseline,teste_reservado,164324,2026-09-01,2846667,-3339|-4933,centro historic,41.92,44000.0,106546.75548326437,18,15.16802509547384,900.0,7886,0.2,,2.42151717007419,1.42151717007419
GARAGEM / VAGA NÃO RESIDENCIAL,baseline,teste_reservado,162318,2026-08-20,3945375,-3340|-4933,centro historic,25.0,15000.0,36298.2754932016,7,5.445676990594734,150.0,2612,0.2,,2.419885032880107,1.419885032880107
GARAGEM / VAGA RESIDENCIAL,baseline,teste_reservado,163443,2026-08-25,9496637,-3340|-4930,bela vista,21.16,26666.67,63852.98102472779,7,5.832282741824126,200.0,17117,0.0374643698062107,,2.394486489116481,1.3944864891164812
TERRENO,baseline,teste_reservado,161779,2026-08-11,100055570,-3351|-4930,vila nova,564.53,495000.0,1184679.7764390616,12,11.99979507849579,200.0,97,0.0,,2.39329247765467,1.3932924776546698
SALA COMERCIAL,baseline,teste_reservado,160783,2026-08-11,830208,-3339|-4932,moinhos vento,40.21,114842.29,273171.441012681,17,15.30587904487982,900.0,7886,0.2,,2.3786659166469164,1.3786659166469164
CASA / RESIDÊNCIA,baseline,teste_reservado,161835,2026-08-17,251364,-3338|-4924,passo pedras,116.0,220000.0,521491.2013489784,5,5.0,800.0,16815,0.1487989829969808,,2.3704145515862654,1.3704145515862654
TERRENO,baseline,teste_reservado,166070,2026-09-10,331406,-3342|-4932,azenha,1441.0,1367342.23,3208425.2141441656,12,11.610009058167597,200.0,97,0.0,,2.3464683118462344,1.3464683118462344
COBERTURA,baseline,teste_reservado,166221,2026-09-14,2580829,-3338|-4931,floresta,325.57,550000.0,1284752.4559157435,12,11.903138105249262,900.0,1688,0.2,,2.3359135562104427,1.3359135562104427
SALA COMERCIAL,baseline,teste_reservado,160786,2026-08-11,100115651,-3339|-4932,moinhos vento,40.86,116687.08,271813.59728564054,18,15.26007693692388,900.0,7886,0.2,,2.3294232513628805,1.3294232513628805
SALA COMERCIAL,baseline,teste_reservado,160775,2026-08-11,8068658,-3340|-4933,centro historic,26.1,40000.0,93019.1108820556,20,9.770608608133172,900.0,7886,0.2,,2.3254777720513897,1.3254777720513897
CASA / RESIDÊNCIA,baseline,teste_reservado,160829,2026-08-11,3510611,-3345|-4934,santa tereza,207.5,350000.0,807579.1280922954,5,5.0,800.0,16815,0.1487989829969808,,2.307368937406558,1.307368937406558
TERRENO,baseline,teste_reservado,165960,2026-09-10,100134492,-3340|-4922,mario quintana,151.55,66960.0,154277.04286219872,12,11.904162288806068,200.0,97,0.0,,2.3040179638918565,1.3040179638918565
APARTAMENTO,baseline,teste_reservado,166509,2026-09-08,840726,-3340|-4934,centro historic,173.76,290000.0,665224.8165114925,14,11.20100709544812,1200.0,96700,0.2,,2.293878677625836,1.2938786776258362
GARAGEM / VAGA RESIDENCIAL,baseline,teste_reservado,162256,2026-08-19,100013544,-3339|-4926,vila ipiranga,10.58,17500.0,39995.849262803495,7,6.992275222992597,200.0,17117,0.0374643698062107,,2.285477100731628,1.2854771007316281
CASA / RESIDÊNCIA,baseline,teste_reservado,160303,2026-08-06,1781383,-3340|-4926,jardim sabara,150.0,245000.0,557743.5154135793,5,5.0,800.0,16815,0.1487989829969808,,2.2765041445452217,1.2765041445452217
TERRENO,baseline,teste_reservado,162636,2026-08-20,100134726,-3340|-4922,mario quintana,150.0,72000.0,163279.81897622696,12,11.967743238480184,200.0,97,0.0,,2.2677752635587076,1.2677752635587076
SALA COMERCIAL,baseline,teste_reservado,166502,2026-09-15,8429650,-3340|-4934,centro historic,37.57,66740.0,150989.59354309467,20,13.766129033919576,900.0,7886,0.2,,2.262355312302887,1.262355312302887
CASA / RESIDÊNCIA,baseline,teste_reservado,165891,2026-09-08,2927500,-3353|-4932,campo novo,83.0,105000.0,236652.35479106885,5,5.0,800.0,16815,0.1487989829969808,,2.253831950391132,1.253831950391132
SALA COMERCIAL,baseline,teste_reservado,160854,2026-08-11,100115654,-3339|-4932,moinhos vento,16.0,45690.95,102880.18631441296,16,15.8310763557972,900.0,7886,0.2,,2.2516534743622745,1.2516534743622745
SALA COMERCIAL,baseline,teste_reservado,160855,2026-08-11,100115655,-3339|-4932,moinhos vento,15.85,45271.68,101921.56705095986,16,15.837357826758252,900.0,7886,0.2,,2.2513316724928223,1.2513316724928223
CASA / RESIDÊNCIA,baseline,teste_reservado,160326,2026-08-06,1667076,-3339|-4932,independencia,246.0,350000.0,785985.2343323858,5,5.0,800.0,16815,0.1487989829969808,,2.245672098092531,1.2456720980925309
GARAGEM / VAGA RESIDENCIAL,baseline,teste_reservado,167393,2026-09-22,10740325,-3340|-4931,rio branco,12.88,30000.0,67335.82109175574,7,6.758045014475309,200.0,17117,0.0374643698062107,,2.2445273697251915,1.2445273697251915
GARAGEM / VAGA RESIDENCIAL,baseline,teste_reservado,162084,2026-08-13,8349649,-3337|-4927,cristo redentor,12.0,10000.0,22382.38078643744,7,6.888556675456667,200.0,17117,0.0374643698062107,,2.238238078643744,1.238238078643744
GARAGEM / VAGA RESIDENCIAL,baseline,teste_reservado,159461,2026-08-03,10508732,-3340|-4930,bela vista,10.58,20000.0,44669.84402137138,7,6.460818927147542,200.0,17117,0.0374643698062107,,2.233492201068569,1.233492201068569
CASA / RESIDÊNCIA,baseline,teste_reservado,167015,2026-09-15,11551941,-3345|-4934,santa tereza,49.0,95000.0,211483.9477869998,5,5.0,800.0,16815,0.1487989829969808,,2.2261468188105242,1.2261468188105242
TERRENO,baseline,teste_reservado,163927,2026-08-27,1930036,-3337|-4929,santa m goretti,467.0,650000.0,1435193.4105695393,12,11.92749999461452,200.0,97,0.0,,2.2079898624146757,1.2079898624146757
CASA / RESIDÊNCIA,baseline,teste_reservado,166445,2026-09-10,6786464,-3342|-4925,morro santana,87.0,122500.0,268469.8433670381,6,5.882352941176471,800.0,16815,0.1487989829969808,,2.1915905580982704,1.1915905580982704
APARTAMENTO,baseline,teste_reservado,163468,2026-08-26,11306165,-3342|-4925,jardim carvalho,57.66,123110.44,268064.3247995863,13,11.30356859502506,1200.0,96700,0.2,,2.1774296704616303,1.1774296704616303
SALA COMERCIAL,baseline,teste_reservado,167327,2026-09-21,100064380,-3340|-4934,centro historic,41.12,135000.0,293244.52890751057,17,15.004413214321524,900.0,7886,0.2,,2.1721816956111892,1.1721816956111892
TERRENO,baseline,teste_reservado,159831,2026-08-03,10437053,-3354|-4929,hipica,125.0,98600.0,214092.1711493345,12,11.948618746266456,200.0,97,0.0,,2.1713201942123175,1.1713201942123175
SALA COMERCIAL,baseline,teste_reservado,161492,2026-08-07,8576459,-3341|-4934,menino deus,30.23,55615.0,119710.16023063703,16,15.9092294271104,900.0,7886,0.2,,2.1524797308394685,1.1524797308394685
APARTAMENTO,baseline,teste_reservado,164566,2026-09-01,100006629,-3337|-4922,parque sta fe,40.02,60000.0,128282.03076270834,12,11.999999999999998,1200.0,96700,0.2,,2.138033846045139,1.138033846045139
SALA COMERCIAL,baseline,teste_reservado,160613,2026-08-07,8247803,-3338|-4928,passo da areia,64.53,60000.0,127980.27524024344,17,15.530689463531964,900.0,7886,0.2,,2.133004587337391,1.1330045873373908
CASA / RESIDÊNCIA,baseline,teste_reservado,166983,2026-09-17,518484,-3346|-4932,teresopolis,197.47,350000.0,745519.1075386221,5,5.0,800.0,16815,0.1487989829969808,,2.130054592967492,1.1300545929674919
GARAGEM / VAGA RESIDENCIAL,baseline,teste_reservado,167399,2026-09-21,8108439,-3349|-4936,tristeza,12.0,15000.0,31923.563351646717,7,6.603412166833241,200.0,17117,0.0374643698062107,,2.128237556776448,1.128237556776448
APARTAMENTO,baseline,teste_reservado,165002,2026-09-03,8867194,-3337|-4921,rubem berta,58.55,78000.0,165586.45384052323,13,11.205302096275824,1200.0,96700,0.2,,2.1229032543656823,1.1229032543656823
GARAGEM / VAGA NÃO RESIDENCIAL,baseline,teste_reservado,166159,2026-09-11,11604905,-3343|-4931,santo antonio,10.58,10000.0,21159.9672944154,30,3.6985472087290505,150.0,2612,0.2,,2.11599672944154,1.11599672944154
TERRENO,baseline,teste_reservado,160803,2026-08-10,747211,-3346|-4933,nonoai,255.0,250000.0,527260.1664794418,12,11.920040796330907,200.0,97,0.0,,2.1090406659177674,1.1090406659177674
GARAGEM / VAGA RESIDENCIAL,baseline,teste_reservado,161069,2026-08-12,5997755,-3342|-4931,santana,12.0,20000.0,41968.70563019341,7,6.304264226891021,200.0,17117,0.0374643698062107,,2.0984352815096705,1.0984352815096705
TERRENO,baseline,teste_reservado,165902,2026-09-10,100093274,-3355|-4931,aberta dos morr,172.83,129072.5,270564.9876078057,12,11.968257011517858,200.0,97,0.0,,2.0962248938217334,1.0962248938217334
GARAGEM / VAGA RESIDENCIAL,baseline,teste_reservado,165532,2026-09-08,11155221,-3339|-4927,jardim europa,21.16,40000.0,83819.20519408221,7,6.420508162069807,200.0,17117,0.0374643698062107,,2.095480129852055,1.0954801298520551
TERRENO,baseline,teste_reservado,167061,2026-09-17,100093262,-3355|-4931,aberta dos morr,149.31,111460.76,233434.64396421448,12,11.964616663805849,200.0,97,0.0,,2.0943213016330993,1.0943213016330993
CASA / RESIDÊNCIA,baseline,teste_reservado,163940,2026-08-28,315966,-3338|-4924,passo pedras,157.0,230000.0,481402.983508969,5,5.0,800.0,16815,0.1487989829969808,,2.0930564500389957,1.0930564500389957
CASA / RESIDÊNCIA,baseline,teste_reservado,166822,2026-09-16,2184133,-3334|-4925,sarandi,172.0,200000.0,418558.0723724716,5,5.0,800.0,16815,0.1487989829969808,,2.0927903618623582,1.0927903618623582
COBERTURA,baseline,teste_reservado,167373,2026-09-22,9762825,-3339|-4930,auxiliadora,275.54,780000.0,1630441.5676755807,12,11.978609692868377,900.0,1688,0.2,,2.0903097021481805,1.0903097021481805
GARAGEM / VAGA RESIDENCIAL,baseline,teste_reservado,165646,2026-09-09,8660786,-3341|-4930,petropolis,24.0,25000.0,52137.379111252216,7,6.94627489855296,200.0,17117,0.0374643698062107,,2.0854951644500885,1.0854951644500885
SALA COMERCIAL,baseline,teste_reservado,165882,2026-09-10,10667032,-3340|-4932,rio branco,36.9,109376.0,227742.2959765353,16,15.954499711842804,900.0,7886,0.2,,2.082196240276983,1.082196240276983
APARTAMENTO,baseline,teste_reservado,165818,2026-09-09,8660832,-3341|-4930,petropolis,123.86,375000.0,777985.7454506289,12,11.972776446222658,1200.0,96700,0.2,,2.0746286545350103,1.0746286545350103
GARAGEM / VAGA RESIDENCIAL,baseline,teste_reservado,161625,2026-08-14,9876359,-3342|-4930,petropolis,11.89,30000.0,62012.61712581936,7,6.802650578162544,200.0,17117,0.0374643698062107,,2.067087237527312,1.067087237527312
TERRENO,baseline,teste_reservado,166406,2026-09-14,100023011,-3353|-4933,espirito santo,484.0,230300.0,475141.3693063057,12,11.917434792081975,200.0,97,0.0,,2.063140987000893,1.0631409870008932
GARAGEM / VAGA RESIDENCIAL,baseline,teste_reservado,161879,2026-08-13,11163550,-3337|-4928,jar sao pedro,12.5,20000.0,41206.30355031842,7,6.753177925224937,200.0,17117,0.0374643698062107,,2.060315177515921,1.0603151775159212
SALA COMERCIAL,baseline,teste_reservado,165443,2026-09-08,6618936,-3339|-4933,centro historic,67.58,71000.0,145544.51617318374,17,15.436053080690945,900.0,7886,0.2,,2.049922763002588,1.0499227630025878
TERRENO,baseline,teste_reservado,164684,2026-09-01,5509114,-3334|-4931,farrapos,7000.0,6884850.0,14068084.132267954,12,11.771239519925444,200.0,97,0.0,,2.0433392350258837,1.0433392350258837
APARTAMENTO,baseline,teste_reservado,166397,2026-09-14,5996988,-3340|-4932,bom fim,30.23,80000.0,163415.9141638966,13,11.414406743784967,1200.0,96700,0.2,,2.0426989270487077,1.0426989270487077
GARAGEM / VAGA RESIDENCIAL,baseline,teste_reservado,166408,2026-09-14,2686821,-3341|-4931,rio branco,239.64,600000.0,1225536.6579250088,7,6.522540093175551,200.0,17117,0.0374643698062107,,2.0425610965416814,1.0425610965416814
TERRENO,baseline,teste_reservado,166498,2026-09-14,10157344,-3355|-4926,restinga,541.0,250000.0,509069.5570660769,12,11.99763535242718,200.0,97,0.0,,2.0362782282643077,1.0362782282643077
SALA COMERCIAL,baseline,teste_reservado,164007,2026-08-28,2327724,-3340|-4934,centro historic,20.24,35000.0,71251.48478944773,20,7.167862433023431,900.0,7886,0.2,,2.0357567082699353,1.0357567082699353
APARTAMENTO,baseline,teste_reservado,160850,2026-08-11,100117911,-3337|-4926,sao sebastiao,60.1,210000.0,426214.1129266413,18,11.60672807377344,1200.0,96700,0.2,,2.029591013936387,1.029591013936387
TERRENO,baseline,teste_reservado,167422,2026-09-22,11181338,-3354|-4930,hipica,329.0,220900.0,447425.47680934,12,11.935496603515029,200.0,97,0.0,,2.0254661693496603,1.0254661693496603
TERRENO,baseline,teste_reservado,162444,2026-08-18,10114785,-3337|-4922,parque sta fe,315.0,190000.0,381316.1889582396,12,11.728766262688286,200.0,97,0.0,,2.006927310306524,1.0069273103065242
GARAGEM / VAGA NÃO RESIDENCIAL,baseline,teste_reservado,162104,2026-08-18,2366177,-3340|-4933,centro historic,10.15,15000.0,30045.714285714294,7,6.999999999999997,150.0,2612,0.2,,2.0030476190476194,1.0030476190476194
GARAGEM / VAGA NÃO RESIDENCIAL,baseline,teste_reservado,164929,2026-09-03,2364727,-3340|-4933,centro historic,10.15,15000.0,30045.714285714294,7,6.999999999999997,150.0,2612,0.2,,2.0030476190476194,1.0030476190476194
GARAGEM / VAGA RESIDENCIAL,baseline,teste_reservado,164607,2026-09-02,6790232,-3344|-4931,partenon,12.0,20000.0,39992.080000000016,7,6.999999999999997,200.0,17117,0.0374643698062107,,1.9996040000000008,0.9996040000000008
GARAGEM / VAGA RESIDENCIAL,baseline,teste_reservado,162313,2026-08-19,100024607,-3340|-4932,bom fim,21.16,29080.0,58055.95548850265,7,6.222277337012703,200.0,17117,0.0374643698062107,,1.9964221282153594,0.9964221282153594
TERRENO,baseline,teste_reservado,161796,2026-08-10,100091365,-3352|-4931,campo novo,300.0,204000.0,406757.5755449608,12,11.942118122821295,200.0,97,0.0,,1.9939096840439254,0.9939096840439254
CASA / RESIDÊNCIA,baseline,teste_reservado,162881,2026-08-21,100005114,-3348|-4924,lomba pinheiro,100.71,205000.0,405101.6420000001,5,5.0,800.0,16815,0.1487989829969808,,1.976105570731708,0.9761055707317079
SALA COMERCIAL,baseline,teste_reservado,160787,2026-08-11,100115652,-3339|-4932,moinhos vento,67.36,158101.48,312228.90728466096,16,15.81836939184489,900.0,7886,0.2,,1.9748639119928602,0.9748639119928602
SALA COMERCIAL,baseline,teste_reservado,162833,2026-08-19,7113625,-3338|-4932,floresta,41.05,70000.0,138158.4890388818,20,15.50151435775267,900.0,7886,0.2,,1.973692700555454,0.9736927005554541
SALA COMERCIAL,baseline,teste_reservado,162832,2026-08-19,7113617,-3338|-4932,floresta,41.05,70000.0,138158.4890388818,20,15.50151435775267,900.0,7886,0.2,,1.973692700555454,0.9736927005554541
CASA / RESIDÊNCIA,baseline,teste_reservado,165165,2026-08-19,763594,-3348|-4935,camaqua,173.0,250000.0,492960.2796921109,5,5.0,800.0,16815,0.1487989829969808,,1.9718411187684435,0.9718411187684435
TERRENO,baseline,teste_reservado,166014,2026-09-10,1315668,-3337|-4921,rubem berta,300.0,185000.0,364044.514688768,12,11.781816838991196,200.0,97,0.0,,1.967808187506854,0.967808187506854
CASA / RESIDÊNCIA,baseline,teste_reservado,165620,2026-09-09,6863582,-3348|-4926,belem velho,103.0,130000.0,255604.13908194436,5,5.0,800.0,16815,0.1487989829969808,,1.9661856852457258,0.9661856852457258
SALA COMERCIAL,baseline,teste_reservado,162770,2026-08-20,5639875,-3338|-4931,floresta,22.65,45000.0,88438.23162683999,17,15.329087767456324,900.0,7886,0.2,,1.9652940361519997,0.9652940361519997
SALA COMERCIAL,baseline,teste_reservado,161031,2026-08-11,8017085,-3340|-4933,centro historic,467.79,1185893.67,2320944.89762118,17,15.429099367833508,900.0,7886,0.2,,1.9571273178489772,0.9571273178489772
CASA / RESIDÊNCIA,baseline,teste_reservado,165900,2026-09-03,602914,-3348|-4936,tristeza,143.71,290000.0,566007.1086232128,5,5.0,800.0,16815,0.1487989829969808,,1.9517486504248718,0.9517486504248718
SALA COMERCIAL,baseline,teste_reservado,160788,2026-08-11,100115653,-3339|-4932,moinhos vento,59.26,169244.71,329181.4092449279,19,15.5885194613793,900.0,7886,0.2,,1.9450026487972827,0.9450026487972827
APARTAMENTO,baseline,teste_reservado,166486,2026-09-15,100041331,-3343|-4931,santo antonio,65.29,162064.21,315023.58533647825,12,11.999999999999998,1200.0,96700,0.2,,1.9438195844503747,0.9438195844503747
SALA COMERCIAL,baseline,teste_reservado,165528,2026-09-08,10064850,-3337|-4928,passo da areia,18.57,34500.0,67033.754672301,20,7.745491076008224,900.0,7886,0.2,,1.9430073818058262,0.9430073818058262
COBERTURA,baseline,teste_reservado,165551,2026-09-03,11628235,-3344|-4932,medianeira,159.46,349616.0,678632.3935576779,12,11.981116825900267,900.0,1688,0.2,,1.941079337209046,0.941079337209046
APARTAMENTO,baseline,teste_reservado,161318,2026-08-13,1459821,-3343|-4934,menino deus,57.26,135000.0,261462.01423674895,12,11.553009707675225,1200.0,96700,0.2,,1.9367556610129553,0.9367556610129553
GARAGEM / VAGA RESIDENCIAL,baseline,teste_reservado,162407,2026-08-19,9127488,-3341|-4925,jardim carvalho,10.58,20000.0,38722.58622704933,30,3.698472642768386,200.0,17117,0.0374643698062107,,1.9361293113524665,0.9361293113524665
GARAGEM / VAGA RESIDENCIAL,baseline,teste_reservado,160030,2026-08-05,6212301,-3334|-4930,humaita,12.0,12000.0,23152.80473416899,7,6.151923583894177,200.0,17117,0.0374643698062107,,1.9294003945140825,0.9294003945140825
GARAGEM / VAGA RESIDENCIAL,baseline,teste_reservado,163031,2026-08-17,11571934,-3337|-4929,santa m goretti,27.1,28000.0,53864.14315594997,7,6.887053671486221,200.0,17117,0.0374643698062107,,1.9237193984267846,0.9237193984267846
SALA COMERCIAL,baseline,teste_reservado,166307,2026-09-14,11052252,-3340|-4929,bela vista,53.0,259999.6,499960.4995083524,20,5.211432611263583,900.0,7886,0.2,,1.92292795645975,0.9229279564597499
GARAGEM / VAGA NÃO RESIDENCIAL,baseline,teste_reservado,163461,2026-08-26,8503826,-3338|-4931,sao joao,12.0,9000.0,17291.666679807382,7,6.000000012408279,150.0,2612,0.2,,1.9212962977563757,0.9212962977563757
APARTAMENTO,baseline,teste_reservado,165348,2026-09-04,100081423,-3340|-4931,bela vista,179.95,1910000.0,3666628.4584886334,25,6.896999288395184,1200.0,96700,0.2,,1.9197007636066143,0.9197007636066143
APARTAMENTO,baseline,teste_reservado,164702,2026-09-02,1124323,-3340|-4932,rio branco,117.72,208750.0,400424.0069998036,25,8.554742022454283,1200.0,96700,0.2,,1.9181988359272029,0.9181988359272029
GARAGEM / VAGA RESIDENCIAL,baseline,teste_reservado,160402,2026-08-07,5492475,-3339|-4922,jar leopoldina,12.0,10000.0,19166.713578555024,7,6.5457894707365485,200.0,17117,0.0374643698062107,,1.9166713578555024,0.9166713578555024
APARTAMENTO,baseline,teste_reservado,160236,2026-08-07,9489517,-3342|-4931,partenon,71.0,187800.0,359719.9573885363,13,11.25169109303637,1200.0,96700,0.2,,1.9154417326333137,0.9154417326333137
GARAGEM / VAGA RESIDENCIAL,baseline,teste_reservado,166644,2026-09-16,10864954,-3344|-4933,menino deus,21.16,30000.0,57123.70273053456,7,6.929309869442884,200.0,17117,0.0374643698062107,,1.904123424351152,0.904123424351152
CASA / RESIDÊNCIA,baseline,teste_reservado,160342,2026-08-06,1784536,-3339|-4929,boa vista,336.87,1350000.0,2563184.2448969195,6,5.983848534876071,800.0,16815,0.1487989829969808,,1.8986549962199404,0.8986549962199404
COBERTURA,baseline,teste_reservado,165078,2026-09-03,6650600,-3336|-4924,sarandi,139.5,178689.26,339204.35336851445,12,11.974617421689782,900.0,1688,0.2,,1.8982917796431327,0.8982917796431327
APARTAMENTO,baseline,teste_reservado,166929,2026-09-16,10833978,-3338|-4930,auxiliadora,145.23,475000.0,897745.080601512,12,11.744484128846716,1200.0,96700,0.2,,1.8899896433716041,0.8899896433716041
TERRENO,baseline,teste_reservado,167452,2026-09-21,100100423,-3339|-4923,mario quintana,300.0,170000.0,321240.7180572184,12,11.80136768998799,200.0,97,0.0,,1.88965128268952,0.88965128268952
APARTAMENTO,baseline,teste_reservado,167215,2026-09-21,100099582,-3341|-4929,petropolis,68.5,391560.0,739554.7854545454,25,3.697478991596641,1200.0,96700,0.2,,1.8887393642214358,0.8887393642214358
GARAGEM / VAGA RESIDENCIAL,baseline,teste_reservado,164509,2026-09-02,100085575,-3351|-4933,ipanema,10.58,299770.44,33697.19329279707,7,6.955297640917834,200.0,17117,0.0374643698062107,,0.11240999376988962,0.8875900062301104
CASA / RESIDÊNCIA,baseline,teste_reservado,160455,2026-08-03,11160829,-3349|-4932,vila nova,60.0,160000.0,301203.5362323329,5,5.0,800.0,16815,0.1487989829969808,,1.8825221014520805,0.8825221014520805
SALA COMERCIAL,baseline,teste_reservado,162316,2026-08-20,8076251,-3339|-4934,centro historic,57.09,74000.0,138760.6155986211,20,10.017733447068496,900.0,7886,0.2,,1.8751434540354204,0.8751434540354204
GARAGEM / VAGA RESIDENCIAL,baseline,teste_reservado,163773,2026-08-27,100031879,-3339|-4927,jardim europa,25.39,50000.0,93604.1728130888,7,5.13399057052681,200.0,17117,0.0374643698062107,,1.8720834562617759,0.8720834562617759
APARTAMENTO,baseline,teste_reservado,163203,2026-08-25,1024396,-3338|-4927,cristo redentor,71.0,120000.0,224142.42592781896,12,11.043421869203929,1200.0,96700,0.2,,1.8678535493984914,0.8678535493984914
SALA COMERCIAL,baseline,teste_reservado,159731,2026-08-04,1410199,-3340|-4934,centro historic,21.82,35000.0,65253.54419232604,20,10.7762354538798,900.0,7886,0.2,,1.864386976923601,0.864386976923601
SALA COMERCIAL,baseline,teste_reservado,166287,2026-09-09,11466340,-3342|-4934,praia de belas,48.88,265000.0,493182.2371201683,20,6.821889744930218,900.0,7886,0.2,,1.8610650457364841,0.8610650457364841
CASA / RESIDÊNCIA,baseline,teste_reservado,159989,2026-08-04,2289814,-3343|-4927,partenon,424.0,850000.0,1577512.3895754537,5,5.0,800.0,16815,0.1487989829969808,,1.8558969289122984,0.8558969289122984
CASA / RESIDÊNCIA,baseline,teste_reservado,165825,2026-09-09,1377086,-3339|-4928,passo da areia,252.0,545500.01,1007333.9248298376,5,5.0,800.0,16815,0.1487989829969808,,1.8466249429213348,0.8466249429213348
SALA COMERCIAL,baseline,teste_reservado,159940,2026-08-04,10258248,-3351|-4934,ipanema,25.52,47500.0,87692.35470339138,19,15.09119428539665,900.0,7886,0.2,,1.846154835860871,0.846154835860871
APARTAMENTO,baseline,teste_reservado,166687,2026-09-15,6710298,-3351|-4932,cavalhada,36.42,59370.79,109560.33805791655,13,11.3695341947599,1200.0,96700,0.2,,1.845357591804262,0.845357591804262
CASA / RESIDÊNCIA,baseline,teste_reservado,161897,2026-08-13,8481199,-3335|-4931,farrapos,140.89,150000.0,276640.4988122409,5,5.0,800.0,16815,0.1487989829969808,,1.844269992081606,0.8442699920816059
GARAGEM / VAGA RESIDENCIAL,baseline,teste_reservado,164515,2026-09-02,100064687,-3348|-4935,tristeza,21.16,30000.0,55250.30048641007,13,5.025989167031217,200.0,17117,0.0374643698062107,,1.8416766828803357,0.8416766828803357
LOJA,baseline,teste_reservado,163301,2026-08-25,3076512,-3349|-4934,cavalhada,75.63,200000.0,368219.5951632449,12,11.97293232510855,700.0,1774,0.2,,1.8410979758162247,0.8410979758162247
APARTAMENTO,baseline,teste_reservado,161582,2026-08-12,8587507,-3337|-4921,rubem berta,28.35,42000.0,77271.09505942444,17,11.564802628271677,1200.0,96700,0.2,,1.8397879776053436,0.8397879776053436
GARAGEM / VAGA NÃO RESIDENCIAL,baseline,teste_reservado,159337,2026-08-03,9007164,-3340|-4932,bom fim,20.0,30000.0,55004.367049081055,7,6.948994367674939,150.0,2612,0.2,,1.833478901636035,0.8334789016360351
TERRENO,baseline,teste_reservado,163258,2026-08-25,100113772,-3355|-4931,aberta dos morr,154.0,174488.0,319832.9996333028,12,11.980579629395942,200.0,97,0.0,,1.832979916288242,0.8329799162882421
GARAGEM / VAGA NÃO RESIDENCIAL,baseline,teste_reservado,166036,2026-09-10,10209336,-3339|-4931,moinhos vento,10.58,20000.0,36611.79149181635,7,6.992353379341144,150.0,2612,0.2,,1.8305895745908176,0.8305895745908176
GARAGEM / VAGA RESIDENCIAL,baseline,teste_reservado,166926,2026-09-16,10834346,-3338|-4930,auxiliadora,15.17,21550.0,39434.54099959796,7,6.499645740461779,200.0,17117,0.0374643698062107,,1.8299090951089538,0.8299090951089538
GARAGEM / VAGA RESIDENCIAL,baseline,teste_reservado,167454,2026-09-21,100019895,-3347|-4935,camaqua,10.58,15000.0,27383.15221996951,7,6.033801730796119,200.0,17117,0.0374643698062107,,1.8255434813313007,0.8255434813313007
GARAGEM / VAGA RESIDENCIAL,baseline,teste_reservado,161063,2026-08-11,100063581,-3341|-4931,santana,10.58,22000.0,40144.43809983724,7,6.997857399106296,200.0,17117,0.0374643698062107,,1.8247471863562383,0.8247471863562383
SALA COMERCIAL,baseline,teste_reservado,165491,2026-09-04,10966080,-3343|-4933,menino deus,30.04,90000.0,164107.5958839023,17,15.024167853535948,900.0,7886,0.2,,1.8234177320433589,0.8234177320433589
SALA COMERCIAL,baseline,teste_reservado,166524,2026-09-14,100110204,-3347|-4935,cristal,99.45,452822.91,824572.7428949313,16,15.867495556751573,900.0,7886,0.2,,1.8209607435607253,0.8209607435607253
SALA COMERCIAL,baseline,teste_reservado,161956,2026-08-14,9176136,-3338|-4928,passo da areia,22.1,40000.0,72465.49054476213,20,15.320525943773264,900.0,7886,0.2,,1.8116372636190532,0.8116372636190532
GARAGEM / VAGA RESIDENCIAL,baseline,teste_reservado,160008,2026-08-06,8941238,-3341|-4927,bom jesus,170.57,395000.0,711873.7107476275,7,5.63717335782657,200.0,17117,0.0374643698062107,,1.8022119259433609,0.8022119259433609
SALA COMERCIAL,baseline,teste_reservado,165442,2026-09-08,5272386,-3339|-4933,centro historic,112.08,117000.0,210176.4082503006,16,15.779019143065216,900.0,7886,0.2,,1.796379557694877,0.7963795576948769
CASA / RESIDÊNCIA,baseline,teste_reservado,166928,2026-09-16,9243925,-3354|-4928,hipica,105.0,136000.0,243236.7303039648,5,5.0,800.0,16815,0.1487989829969808,,1.7885053698820943,0.7885053698820943
CASA / RESIDÊNCIA,baseline,teste_reservado,160158,2026-08-06,1757180,-3339|-4926,vila ipiranga,411.28,1100000.0,1966282.6286056084,5,5.0,800.0,16815,0.1487989829969808,,1.787529662368735,0.7875296623687349
SALA COMERCIAL,baseline,teste_reservado,163288,2026-08-25,100036225,-3340|-4934,centro historic,53.78,225000.0,401863.3450827326,20,9.786593530106511,900.0,7886,0.2,,1.7860593114788117,0.7860593114788117
GARAGEM / VAGA RESIDENCIAL,baseline,teste_reservado,166156,2026-09-11,100122685,-3344|-4928,vila sao jose,14.3,20000.0,35635.43813513864,7,6.406459726229935,200.0,17117,0.0374643698062107,,1.781771906756932,0.781771906756932
CASA / RESIDÊNCIA,baseline,teste_reservado,163051,2026-08-24,1471600,-3337|-4927,jardim floresta,112.0,230000.0,409521.685570302,5,5.0,800.0,16815,0.1487989829969808,,1.7805290676969652,0.7805290676969652
GARAGEM / VAGA RESIDENCIAL,baseline,teste_reservado,164608,2026-09-02,9023887,-3336|-4926,jardim lindoia,10.58,20000.0,35608.804873289075,7,5.607516938241533,200.0,17117,0.0374643698062107,,1.7804402436644537,0.7804402436644537
SALA COMERCIAL,baseline,teste_reservado,167182,2026-09-16,8486905,-3339|-4932,moinhos vento,45.56,125000.0,222487.96313519997,20,10.789323689558412,900.0,7886,0.2,,1.7799037050815998,0.7799037050815998
APARTAMENTO,baseline,teste_reservado,165414,2026-09-08,100088642,-3342|-4934,praia de belas,49.44,387336.81,685214.1870031724,12,11.24788927886107,1200.0,96700,0.2,,1.7690396815194827,0.7690396815194827
GARAGEM / VAGA RESIDENCIAL,baseline,teste_reservado,161517,2026-08-13,100113028,-3341|-4930,petropolis,12.42,24994.09,44165.62582530501,11,5.0560386994283615,200.0,17117,0.0374643698062107,,1.7670427619211186,0.7670427619211186
APARTAMENTO,baseline,teste_reservado,163499,2026-08-25,5465753,-3342|-4930,jardim botanico,69.16,129401.83,228465.73190768345,12,11.976254121577837,1200.0,96700,0.2,,1.7655525575463922,0.7655525575463922
GARAGEM / VAGA RESIDENCIAL,baseline,teste_reservado,162476,2026-08-20,11394137,-3342|-4930,petropolis,16.68,30000.0,52849.7058235822,7,5.793028524152462,200.0,17117,0.0374643698062107,,1.7616568607860732,0.7616568607860732
LOJA,baseline,teste_reservado,165668,2026-09-09,6434991,-3340|-4926,jardim sabara,52.34,120000.0,211329.93584396,12,11.797868449204474,700.0,1774,0.2,,1.7610827986996667,0.7610827986996667
SALA COMERCIAL,baseline,teste_reservado,159908,2026-08-05,100117524,-3340|-4931,rio branco,119.43,2272863.22,543465.0548362788,16,15.553522291359489,900.0,7886,0.2,,0.2391103213136947,0.7608896786863053
SALA COMERCIAL,baseline,teste_reservado,163417,2026-08-26,8076111,-3339|-4934,centro historic,52.0,85000.0,149565.7488964473,17,15.925011653775748,900.0,7886,0.2,,1.7595970458405565,0.7595970458405565
CASA / RESIDÊNCIA,baseline,teste_reservado,161358,2026-08-11,9858903,-3354|-4926,restinga,102.0,110000.0,192808.12772133527,5,5.0,800.0,16815,0.1487989829969808,,1.7528011611030478,0.7528011611030478
APARTAMENTO,baseline,teste_reservado,165617,2026-09-09,100125207,-3350|-4933,vila nova,10.58,200000.0,50464.50908894675,12,11.966012299089844,1200.0,96700,0.2,,0.25232254544473376,0.7476774545552662
CASA / RESIDÊNCIA,baseline,teste_reservado,165897,2026-09-09,1866605,-3344|-4928,vila sao jose,113.0,130000.0,226984.5978879909,5,5.0,800.0,16815,0.1487989829969808,,1.7460353683691607,0.7460353683691607
TERRENO,baseline,teste_reservado,161895,2026-08-13,11181184,-3354|-4930,hipica,409.0,220000.0,381426.5650580011,12,11.986895406215282,200.0,97,0.0,,1.733757113900005,0.733757113900005
TERRENO,baseline,teste_reservado,167162,2026-09-18,5443091,-3337|-4922,parque sta fe,358.0,250000.0,433327.1759788194,12,11.73294145663163,200.0,97,0.0,,1.7333087039152775,0.7333087039152775
CASA / RESIDÊNCIA,baseline,teste_reservado,166894,2026-09-17,8792526,-3354|-4931,aberta dos morr,132.0,200000.0,346215.3945967648,5,5.0,800.0,16815,0.1487989829969808,,1.731076972983824,0.731076972983824
COBERTURA,baseline,teste_reservado,161221,2026-08-12,7032609,-3341|-4932,santana,578.52,1700000.0,2939115.537600436,12,11.886719412690482,900.0,1688,0.2,,1.7288914927061387,0.7288914927061387
SALA COMERCIAL,baseline,teste_reservado,160785,2026-08-11,100115650,-3339|-4932,moinhos vento,54.83,156592.12,269292.7574542998,20,10.842821641676291,900.0,7886,0.2,,1.7197082295986528,0.7197082295986528
LOJA,baseline,teste_reservado,164996,2026-09-03,2145537,-3339|-4931,moinhos vento,50.0,121800.0,209417.7441345414,12,11.988017214424156,700.0,1774,0.2,,1.7193575052096994,0.7193575052096994
GARAGEM / VAGA RESIDENCIAL,baseline,teste_reservado,160331,2026-08-06,10424598,-3343|-4933,medianeira,110.91,470000.0,804553.222646316,7,6.909689136126204,200.0,17117,0.0374643698062107,,1.7118153673325873,0.7118153673325873
GARAGEM / VAGA RESIDENCIAL,baseline,teste_reservado,164533,2026-09-02,7079222,-3340|-4930,bela vista,437.74,1490000.0,2549229.5457425644,7,6.54130525594049,200.0,17117,0.0374643698062107,,1.7108923125789022,0.7108923125789022
CASA / RESIDÊNCIA,baseline,teste_reservado,160540,2026-08-10,401056,-3339|-4926,vila ipiranga,10.0,200000.0,58397.44441059356,5,5.0,800.0,16815,0.1487989829969808,,0.2919872220529678,0.7080127779470322
SALA COMERCIAL,baseline,teste_reservado,167063,2026-09-18,2287803,-3339|-4934,centro historic,54.27,90000.0,153253.4431208854,19,15.077510288568192,900.0,7886,0.2,,1.7028160346765044,0.7028160346765044
APARTAMENTO,baseline,teste_reservado,161587,2026-08-13,10324178,-3335|-4923,sarandi,47.81,90000.0,153041.47526193844,25,7.8854852062492515,1200.0,96700,0.2,,1.7004608362437603,0.7004608362437603
COBERTURA,baseline,teste_reservado,159475,2026-08-03,2591618,-3339|-4931,moinhos vento,187.49,2350000.0,707191.5966007598,12,11.782739092716472,900.0,1688,0.2,,0.30093259429819563,0.6990674057018044
GARAGEM / VAGA NÃO RESIDENCIAL,baseline,teste_reservado,163077,2026-08-25,9338055,-3339|-4930,auxiliadora,12.62,50000.0,15063.564607291835,7,6.00230061532848,150.0,2612,0.2,,0.3012712921458367,0.6987287078541633
COBERTURA,baseline,teste_reservado,159775,2026-08-03,6000029,-3340|-4933,bom fim,114.64,290000.0,492151.5446083064,12,11.909527419455252,900.0,1688,0.2,,1.6970742917527806,0.6970742917527806
GARAGEM / VAGA RESIDENCIAL,baseline,teste_reservado,163449,2026-08-26,100098018,-3350|-4933,cavalhada,10.58,15000.0,25430.126643507545,7,6.994951056808532,200.0,17117,0.0374643698062107,,1.6953417762338363,0.6953417762338363
APARTAMENTO,baseline,teste_reservado,165163,2026-09-04,5302919,-3339|-4930,mont serrat,43.48,800000.0,244510.5840600092,12,11.983212635419926,1200.0,96700,0.2,,0.3056382300750115,0.6943617699249884
GARAGEM / VAGA NÃO RESIDENCIAL,baseline,teste_reservado,164913,2026-09-03,8361959,-3340|-4934,centro historic,23.43,20000.0,33855.24201869455,7,6.625198359949563,150.0,2612,0.2,,1.6927621009347276,0.6927621009347276
TERRENO,baseline,teste_reservado,166939,2026-09-17,9955712,-3337|-4922,parque sta fe,415.0,300000.0,507674.8731279526,12,11.796257640262588,200.0,97,0.0,,1.6922495770931754,0.6922495770931754
GARAGEM / VAGA RESIDENCIAL,baseline,teste_reservado,166847,2026-09-17,8485984,-3339|-4930,mont serrat,12.36,150000.0,46757.87967940329,7,6.999989308033658,200.0,17117,0.0374643698062107,,0.3117191978626886,0.6882808021373115
GARAGEM / VAGA RESIDENCIAL,baseline,teste_reservado,161725,2026-08-14,9353895,-3338|-4931,floresta,161.5,640000.0,1080236.566314508,7,6.8399624603684375,200.0,17117,0.0374643698062107,,1.6878696348664186,0.6878696348664186
APARTAMENTO,baseline,teste_reservado,163448,2026-08-26,100097945,-3350|-4933,cavalhada,89.31,360408.0,606878.5526403763,12,11.020040635360514,1200.0,96700,0.2,,1.683865376574261,0.683865376574261
COBERTURA,baseline,teste_reservado,160218,2026-08-06,5833426,-3339|-4931,moinhos vento,135.32,1450000.0,460176.8989177066,12,11.932455216268872,900.0,1688,0.2,,0.3173633785639356,0.6826366214360644
GARAGEM / VAGA RESIDENCIAL,baseline,teste_reservado,159586,2026-08-04,100008810,-3335|-4930,humaita,77.88,190000.0,319687.33883201965,7,5.750299028476936,200.0,17117,0.0374643698062107,,1.682564941221156,0.6825649412211561
CASA / RESIDÊNCIA,baseline,teste_reservado,160960,2026-08-11,2956934,-3353|-4925,restinga,30.0,110000.0,184492.454,5,5.0,800.0,16815,0.1487989829969808,,1.6772041272727272,0.6772041272727272
GARAGEM / VAGA NÃO RESIDENCIAL,baseline,teste_reservado,159981,2026-08-05,100131373,-3337|-4925,sao sebastiao,10.58,30000.0,9999.999999999998,7,7.0,150.0,2612,0.2,,0.33333333333333326,0.6666666666666667
APARTAMENTO,baseline,teste_reservado,161472,2026-08-14,5720389,-3341|-4926,jardim sabara,49.43,100000.0,166345.22785924785,25,9.077523206900295,1200.0,96700,0.2,,1.6634522785924786,0.6634522785924786
CASA / RESIDÊNCIA,baseline,teste_reservado,167003,2026-09-17,2108399,-3342|-4931,santana,254.46,2282500.0,773847.9607468974,5,5.0,800.0,16815,0.1487989829969808,,0.3390352511486955,0.6609647488513045
CASA / RESIDÊNCIA,baseline,teste_reservado,162461,2026-08-20,619833,-3346|-4932,nonoai,63.0,150000.0,248981.59827220315,5,5.0,800.0,16815,0.1487989829969808,,1.6598773218146876,0.6598773218146876
APARTAMENTO,baseline,teste_reservado,161559,2026-08-14,10930698,-3343|-4927,partenon,39.34,81386.62,134725.99527788447,25,8.481096050031903,1200.0,96700,0.2,,1.6553826080734706,0.6553826080734706
APARTAMENTO,baseline,teste_reservado,164880,2026-09-01,714216,-3340|-4933,centro historic,278.07,650000.0,1074085.9826884456,12,11.902718154420766,1200.0,96700,0.2,,1.6524399733668393,0.6524399733668393
GARAGEM / VAGA RESIDENCIAL,baseline,teste_reservado,166776,2026-09-16,8768927,-3339|-4931,moinhos vento,12.0,29000.0,47642.07122026912,7,6.868888268602512,200.0,17117,0.0374643698062107,,1.6428300420782456,0.6428300420782456
GARAGEM / VAGA RESIDENCIAL,baseline,teste_reservado,166265,2026-09-14,9097805,-3346|-4933,nonoai,142.91,360000.0,591370.7759282376,7,5.995872279692175,200.0,17117,0.0374643698062107,,1.64269659980066,0.64269659980066
APARTAMENTO,baseline,teste_reservado,163429,2026-08-25,714267,-3340|-4933,centro historic,207.15,700000.0,1149847.2916666667,12,11.999999999999998,1200.0,96700,0.2,,1.6426389880952381,0.6426389880952381
SALA COMERCIAL,baseline,teste_reservado,161101,2026-08-07,8348243,-3341|-4932,santana,58.3,130000.0,212682.88138376456,16,15.834709606266548,900.0,7886,0.2,,1.6360221644904966,0.6360221644904966
SALA COMERCIAL,baseline,teste_reservado,167325,2026-09-21,6644961,-3341|-4929,petropolis,31.9,80000.0,130233.54500684114,20,9.862471139735172,900.0,7886,0.2,,1.6279193125855143,0.6279193125855143
GARAGEM / VAGA RESIDENCIAL,baseline,teste_reservado,162488,2026-08-20,5362369,-3342|-4934,menino deus,15.92,30000.0,48616.526280690974,7,6.610644689772738,200.0,17117,0.0374643698062107,,1.6205508760230325,0.6205508760230325
CASA / RESIDÊNCIA,baseline,teste_reservado,160706,2026-08-10,1145266,-3348|-4936,vila assuncao,252.0,675000.0,1093448.388835331,5,5.0,800.0,16815,0.1487989829969808,,1.619923539015305,0.6199235390153051
GARAGEM / VAGA RESIDENCIAL,baseline,teste_reservado,159848,2026-08-05,9225099,-3343|-4933,menino deus,15.65,40000.0,64678.88630458732,7,5.776361576644443,200.0,17117,0.0374643698062107,,1.6169721576146832,0.6169721576146832
SALA COMERCIAL,baseline,teste_reservado,166013,2026-09-10,1045539,-3340|-4934,centro historic,113.0,850000.0,325798.0122360749,16,15.852942611494289,900.0,7886,0.2,,0.3832917791012646,0.6167082208987353
SALA COMERCIAL,baseline,teste_reservado,163416,2026-08-26,8076146,-3339|-4934,centro historic,54.91,85000.0,137367.24252871244,19,15.239874454386168,900.0,7886,0.2,,1.6160852062201463,0.6160852062201463
TERRENO,baseline,teste_reservado,166981,2026-09-17,1403834,-3342|-4933,azenha,337.08,727863.0,1174238.6987543593,12,11.93085703356002,200.0,97,0.0,,1.613268841463791,0.613268841463791
GARAGEM / VAGA NÃO RESIDENCIAL,baseline,teste_reservado,159806,2026-08-05,100117589,-3340|-4931,rio branco,28.58,131518.75,50954.84514026221,7,6.917546908538665,150.0,2612,0.2,,0.38743407415491865,0.6125659258450813
CASA / RESIDÊNCIA,baseline,teste_reservado,163335,2026-08-25,11124377,-3340|-4924,passo pedras,290.27,580000.0,933897.0712870863,5,5.0,800.0,16815,0.1487989829969808,,1.6101673642880798,0.6101673642880798
SALA COMERCIAL,baseline,teste_reservado,166642,2026-09-16,6591000,-3342|-4932,azenha,25.53,50000.0,80338.8993978858,20,8.66581484424069,900.0,7886,0.2,,1.6067779879577162,0.6067779879577162
SALA COMERCIAL,baseline,teste_reservado,161100,2026-08-07,8348235,-3341|-4932,santana,57.16,130000.0,208664.3907481798,16,15.810223144699794,900.0,7886,0.2,,1.6051106980629215,0.6051106980629215
GARAGEM / VAGA NÃO RESIDENCIAL,baseline,teste_reservado,161860,2026-08-17,100035163,-3339|-4929,boa vista,10.58,80000.0,31844.487810080296,7,6.775006779451857,150.0,2612,0.2,,0.3980560976260037,0.6019439023739963
SALA COMERCIAL,baseline,teste_reservado,161481,2026-08-14,5218284,-3340|-4934,centro historic,171.05,1280000.0,511095.6925810546,20,10.637180652974736,900.0,7886,0.2,,0.3992935098289489,0.600706490171051
SALA COMERCIAL,baseline,teste_reservado,166203,2026-09-11,100103409,-3341|-4928,petropolis,37.2,208861.0,334266.014289058,16,15.824630930898447,900.0,7886,0.2,,1.6004233164116708,0.6004233164116708
SALA COMERCIAL,baseline,teste_reservado,161329,2026-08-13,6158498,-3339|-4933,centro historic,46.13,60000.0,95997.91579996228,20,13.789918469755902,900.0,7886,0.2,,1.5999652633327048,0.5999652633327048
APARTAMENTO,baseline,teste_reservado,166770,2026-09-17,1186515,-3341|-4932,santana,73.38,175000.01,279971.0203431857,14,11.111930573075549,1200.0,96700,0.2,,1.5998343105419575,0.5998343105419575
COBERTURA,baseline,teste_reservado,164398,2026-09-01,8214794,-3341|-4928,bom jesus,415.58,1350000.0,2150235.182291565,12,11.959745020367002,900.0,1688,0.2,,1.5927668016974557,0.5927668016974557
APARTAMENTO,baseline,teste_reservado,166388,2026-09-11,100073655,-3347|-4935,cristal,40.12,191260.74,304598.86041472,25,3.692260031367747,1200.0,96700,0.2,,1.5925843454057536,0.5925843454057536
CASA / RESIDÊNCIA,baseline,teste_reservado,159345,2026-08-03,1314149,-3338|-4929,passo da areia,78.0,163152.46,259639.7878066884,5,5.0,800.0,16815,0.1487989829969808,,1.59139364375314,0.59139364375314
SALA COMERCIAL,baseline,teste_reservado,166158,2026-09-11,11603593,-3343|-4931,santo antonio,35.49,82865.0,131854.13782342643,17,15.62364195092751,900.0,7886,0.2,,1.591192153785391,0.591192153785391
LOJA,baseline,teste_reservado,164855,2026-09-01,9448810,-3349|-4936,tristeza,52.3,200000.0,318043.60617756774,19,11.074468001547745,700.0,1774,0.2,,1.5902180308878386,0.5902180308878386
CASA / RESIDÊNCIA,baseline,teste_reservado,162351,2026-08-19,2703637,-3336|-4925,sarandi,67.0,600000.0,246030.39661489785,5,5.0,800.0,16815,0.1487989829969808,,0.41005066102482973,0.5899493389751702
GARAGEM / VAGA RESIDENCIAL,baseline,teste_reservado,167295,2026-09-21,11074515,-3339|-4927,jardim europa,21.16,50000.0,79323.79256960953,7,6.305304692442309,200.0,17117,0.0374643698062107,,1.5864758513921906,0.5864758513921906
SALA COMERCIAL,baseline,teste_reservado,162769,2026-08-20,5639867,-3338|-4931,floresta,28.87,50000.0,79132.14885942695,20,7.286798310521675,900.0,7886,0.2,,1.5826429771885389,0.5826429771885389
APARTAMENTO,baseline,teste_reservado,161009,2026-08-12,3497895,-3340|-4932,independencia,40.95,180000.0,284790.7267987883,13,11.536693945630184,1200.0,96700,0.2,,1.5821707044377127,0.5821707044377127
GARAGEM / VAGA RESIDENCIAL,baseline,teste_reservado,166098,2026-09-11,10393420,-3340|-4929,tres figueiras,10.58,100000.0,41806.42247347273,7,6.971502515371737,200.0,17117,0.0374643698062107,,0.4180642247347273,0.5819357752652727
SALA COMERCIAL,baseline,teste_reservado,166937,2026-09-16,8054991,-3338|-4930,higienopolis,43.75,134750.0,212860.3729124322,20,9.758287689671794,900.0,7886,0.2,,1.579668815676677,0.5796688156766769
GARAGEM / VAGA RESIDENCIAL,baseline,teste_reservado,164480,2026-09-02,8747466,-3340|-4930,bela vista,12.0,60000.0,25238.902986986446,30,3.6983662511985296,200.0,17117,0.0374643698062107,,0.42064838311644076,0.5793516168835593
LOJA,baseline,teste_reservado,165676,2026-09-09,8465797,-3339|-4926,vila ipiranga,661.0,1500000.0,2367429.1779450304,12,11.837995059878171,700.0,1774,0.2,,1.5782861186300203,0.5782861186300203
TERRENO,baseline,teste_reservado,161710,2026-08-13,2867788,-3350|-4936,setimo ceu,190.2,215237.6,339639.28416636446,12,11.73537808210578,200.0,97,0.0,,1.5779737562877696,0.5779737562877696
CASA / RESIDÊNCIA,baseline,teste_reservado,165706,2026-09-09,545856,-3338|-4932,floresta,172.11,323500.0,510408.4031088266,5,5.0,800.0,16815,0.1487989829969808,,1.577769406827903,0.5777694068279029
GARAGEM / VAGA RESIDENCIAL,baseline,teste_reservado,161425,2026-08-14,100042887,-3342|-4925,morro santana,10.58,50000.0,21234.196911333336,7,5.825242718446604,200.0,17117,0.0374643698062107,,0.4246839382266667,0.5753160617733333
CASA / RESIDÊNCIA,baseline,teste_reservado,166042,2026-09-03,3080935,-3349|-4935,tristeza,33.0,180000.0,283428.0,5,5.0,800.0,16815,0.1487989829969808,,1.5746,0.5746
GARAGEM / VAGA NÃO RESIDENCIAL,baseline,teste_reservado,166643,2026-09-16,10585036,-3341|-4929,petropolis,19.37,30000.0,47157.96810034711,7,6.9630643817061175,150.0,2612,0.2,,1.5719322700115703,0.5719322700115703
GARAGEM / VAGA RESIDENCIAL,baseline,teste_reservado,166699,2026-09-16,8398887,-3336|-4927,jardim lindoia,19.63,30000.0,47038.909635183736,7,6.311151611436333,200.0,17117,0.0374643698062107,,1.5679636545061246,0.5679636545061246
COBERTURA,baseline,teste_reservado,161035,2026-08-12,8103097,-3342|-4928,jardim do salso,117.64,320000.0,501118.5566397964,14,11.656834074203283,900.0,1688,0.2,,1.5659954894993637,0.5659954894993637
GARAGEM / VAGA RESIDENCIAL,baseline,teste_reservado,165201,2026-09-04,7070845,-3337|-4927,cristo redentor,142.14,350000.0,548093.8872923317,7,6.866930843562343,200.0,17117,0.0374643698062107,,1.5659825351209475,0.5659825351209475
SALA COMERCIAL,baseline,teste_reservado,161443,2026-08-04,8034621,-3340|-4933,cidade baixa,68.11,100000.0,156207.90932678222,20,8.975517030651423,900.0,7886,0.2,,1.5620790932678221,0.5620790932678221
GARAGEM / VAGA RESIDENCIAL,baseline,teste_reservado,166688,2026-09-15,10670084,-3337|-4926,sao sebastiao,10.58,50000.0,21900.162184196484,7,5.369853249872181,200.0,17117,0.0374643698062107,,0.4380032436839297,0.5619967563160704
GARAGEM / VAGA RESIDENCIAL,baseline,teste_reservado,164325,2026-09-01,100130724,-3337|-4925,sao sebastiao,10.58,50000.0,22157.38728238259,7,6.932057212833416,200.0,17117,0.0374643698062107,,0.4431477456476518,0.5568522543523482
SALA COMERCIAL,baseline,teste_reservado,159457,2026-08-01,10132872,-3337|-4931,sao geraldo,29.56,59970.17,93276.68169632772,20,7.598399940850531,900.0,7886,0.2,,1.5553846470057986,0.5553846470057986
GARAGEM / VAGA NÃO RESIDENCIAL,baseline,teste_reservado,159804,2026-08-05,100117527,-3340|-4931,rio branco,23.2,122750.84,54652.66067652613,7,5.821483105468974,150.0,2612,0.2,,0.44523247805494554,0.5547675219450545
SALA COMERCIAL,baseline,teste_reservado,159308,2026-08-03,6840779,-3342|-4933,menino deus,72.39,390000.0,174296.28616914336,16,15.493146477535554,900.0,7886,0.2,,0.4469135542798548,0.5530864457201452
SALA COMERCIAL,baseline,teste_reservado,165417,2026-09-08,100058819,-3342|-4933,menino deus,45.06,228047.16,353945.40879620943,17,15.386359855777696,900.0,7886,0.2,,1.5520711101870746,0.5520711101870746
SALA COMERCIAL,baseline,teste_reservado,165416,2026-09-08,100058806,-3342|-4933,menino deus,45.06,228047.16,353945.40879620943,17,15.386359855777696,900.0,7886,0.2,,1.5520711101870746,0.5520711101870746
LOJA,baseline,teste_reservado,163320,2026-08-25,1271067,-3341|-4933,azenha,82.41,250000.0,387925.581197894,15,11.015043524933244,700.0,1774,0.2,,1.551702324791576,0.551702324791576
GARAGEM / VAGA RESIDENCIAL,baseline,teste_reservado,161190,2026-08-13,11540826,-3339|-4927,jardim europa,20.01,160000.0,72057.06247441882,7,6.667062224045891,200.0,17117,0.0374643698062107,,0.45035664046511764,0.5496433595348824
APARTAMENTO,baseline,teste_reservado,164567,2026-09-01,10801790,-3339|-4922,rubem berta,32.4,48000.0,74308.59098668487,12,11.596273546819006,1200.0,96700,0.2,,1.5480956455559347,0.5480956455559347
GARAGEM / VAGA NÃO RESIDENCIAL,baseline,teste_reservado,159805,2026-08-05,100117588,-3340|-4931,rio branco,23.58,122750.83,55561.51282292796,7,5.817407563570306,150.0,2612,0.2,,0.45263655506792055,0.5473634449320794
GARAGEM / VAGA RESIDENCIAL,baseline,teste_reservado,166553,2026-09-15,100002046,-3334|-4929,humaita,10.58,50000.0,22857.14285714286,7,7.0,200.0,17117,0.0374643698062107,,0.4571428571428572,0.5428571428571428
COBERTURA,baseline,teste_reservado,162790,2026-08-21,11676116,-3339|-4931,moinhos vento,332.76,4938424.94,2259005.5762963085,12,11.658018713985468,900.0,1688,0.2,,0.45743442570098236,0.5425655742990176
GARAGEM / VAGA NÃO RESIDENCIAL,baseline,teste_reservado,160230,2026-08-06,10937986,-3339|-4931,mont serrat,10.58,50000.0,22935.677439837666,7,6.966083234974778,150.0,2612,0.2,,0.4587135487967533,0.5412864512032467
CASA / RESIDÊNCIA,baseline,teste_reservado,161476,2026-08-14,100088069,-3352|-4925,restinga,40.01,122432.9,188666.6666666667,6,5.999999999999999,800.0,16815,0.1487989829969808,,1.5409801341523945,0.5409801341523945
APARTAMENTO,baseline,teste_reservado,165415,2026-09-08,100088664,-3342|-4934,praia de belas,41.75,335089.28,516232.7545560912,25,8.986130275779459,1200.0,96700,0.2,,1.5405827203904916,0.5405827203904916
CASA / RESIDÊNCIA,baseline,teste_reservado,164976,2026-09-03,10913505,-3339|-4929,boa vista,852.0,3814994.0,5874206.805663454,5,5.0,800.0,16815,0.1487989829969808,,1.5397682946980924,0.5397682946980924
SALA COMERCIAL,baseline,teste_reservado,159969,2026-08-06,1834436,-3339|-4933,centro historic,31.46,71250.0,109668.46308767202,16,15.915460739815172,900.0,7886,0.2,,1.5392064994760986,0.5392064994760986
COBERTURA,baseline,teste_reservado,164141,2026-08-28,5703093,-3340|-4931,rio branco,139.59,340000.0,523312.4394302981,12,11.803156537193532,900.0,1688,0.2,,1.5391542336185238,0.5391542336185238
SALA COMERCIAL,baseline,teste_reservado,165650,2026-09-08,790567,-3340|-4933,centro historic,37.16,53000.0,81529.91346318809,20,4.000290387630536,900.0,7886,0.2,,1.5383002540224167,0.5383002540224167
CASA / RESIDÊNCIA,baseline,teste_reservado,165105,2026-09-03,1379836,-3339|-4927,vila ipiranga,249.45,2450000.0,1134065.520672761,5,5.0,800.0,16815,0.1487989829969808,,0.462883885988882,0.537116114011118
SALA COMERCIAL,baseline,teste_reservado,159468,2026-08-03,7046936,-3338|-4931,floresta,35.25,75000.0,115247.89327021888,20,10.374201684145362,900.0,7886,0.2,,1.5366385769362516,0.5366385769362516
SALA COMERCIAL,baseline,teste_reservado,162394,2026-08-19,8070733,-3344|-4930,partenon,49.0,80000.0,122898.9327907527,16,15.934577558704625,900.0,7886,0.2,,1.5362366598844088,0.5362366598844088
LOJA,baseline,teste_reservado,161555,2026-08-14,2130785,-3340|-4934,centro historic,495.0,631606.0,967225.7872841822,12,11.966099203663276,700.0,1774,0.2,,1.5313752359606814,0.5313752359606814
APARTAMENTO,baseline,teste_reservado,163490,2026-08-20,7111940,-3342|-4932,azenha,38.63,120000.0,183125.89770714025,17,11.312678150003215,1200.0,96700,0.2,,1.5260491475595022,0.5260491475595022
GARAGEM / VAGA NÃO RESIDENCIAL,baseline,teste_reservado,163218,2026-08-25,100052352,-3340|-4932,bom fim,10.58,20000.0,30405.40126906876,30,3.6985220094915703,150.0,2612,0.2,,1.520270063453438,0.5202700634534381
CASA / RESIDÊNCIA,baseline,teste_reservado,167282,2026-09-15,902322,-3339|-4930,mont serrat,235.79,830000.0,1261156.3340396478,5,5.0,800.0,16815,0.1487989829969808,,1.5194654626983708,0.5194654626983708
GARAGEM / VAGA RESIDENCIAL,baseline,teste_reservado,162481,2026-08-20,11394145,-3342|-4930,petropolis,12.85,30000.0,45566.94596267452,7,5.517215815961892,200.0,17117,0.0374643698062107,,1.5188981987558174,0.5188981987558174
LOJA,baseline,teste_reservado,161026,2026-08-11,8017077,-3340|-4933,centro historic,234.09,627204.58,952018.0144878214,12,11.901345797676935,700.0,1774,0.2,,1.517874780965122,0.5178747809651221
GARAGEM / VAGA RESIDENCIAL,baseline,teste_reservado,159844,2026-08-05,9132007,-3343|-4934,menino deus,12.5,30000.0,45534.071202260406,7,6.256333248470676,200.0,17117,0.0374643698062107,,1.5178023734086803,0.5178023734086803
CASA / RESIDÊNCIA,baseline,teste_reservado,166898,2026-09-17,2102927,-3359|-4929,belem novo,297.0,850000.0,410004.3644817812,5,5.0,800.0,16815,0.1487989829969808,,0.48235807586091906,0.5176419241390809
SALA COMERCIAL,baseline,teste_reservado,163276,2026-08-24,8382638,-3343|-4934,menino deus,69.41,110000.0,166626.23938012455,16,15.108675742849089,900.0,7886,0.2,,1.5147839943647685,0.5147839943647685
SALA COMERCIAL,baseline,teste_reservado,163730,2026-08-26,2683326,-3339|-4933,centro historic,46.76,60000.0,90859.15352794233,16,15.366460875705348,900.0,7886,0.2,,1.5143192254657054,0.5143192254657054
SALA COMERCIAL,baseline,teste_reservado,165205,2026-09-04,1410792,-3340|-4934,centro historic,21.82,43200.0,65253.54419232604,20,10.7762354538798,900.0,7886,0.2,,1.5104987081556953,0.5104987081556953
CASA / RESIDÊNCIA,baseline,teste_reservado,160626,2026-08-10,1918109,-3341|-4928,bom jesus,106.0,250000.0,377366.4325007891,5,5.0,800.0,16815,0.1487989829969808,,1.5094657300031564,0.5094657300031564
SALA COMERCIAL,baseline,teste_reservado,166573,2026-09-15,100033549,-3338|-4928,passo da areia,52.09,240000.0,362183.7715361557,17,15.122994292574536,900.0,7886,0.2,,1.5090990480673154,0.5090990480673154
GARAGEM / VAGA RESIDENCIAL,baseline,teste_reservado,159792,2026-08-05,100122935,-3349|-4933,vila nova,10.58,50000.0,24620.57714285715,7,6.999999999999997,200.0,17117,0.0374643698062107,,0.492411542857143,0.507588457142857
GARAGEM / VAGA RESIDENCIAL,baseline,teste_reservado,164238,2026-08-31,100065778,-3338|-4928,passo da areia,23.24,40000.0,60249.73939519244,7,5.375706509345116,200.0,17117,0.0374643698062107,,1.506243484879811,0.506243484879811
GARAGEM / VAGA RESIDENCIAL,baseline,teste_reservado,160061,2026-08-05,6647804,-3342|-4931,partenon,12.0,20000.0,30108.96872076478,7,6.863526913801209,200.0,17117,0.0374643698062107,,1.505448436038239,0.505448436038239
CASA / RESIDÊNCIA,baseline,teste_reservado,166833,2026-09-16,10724125,-3341|-4921,mario quintana,95.91,725000.0,360845.28667662415,5,5.0,800.0,16815,0.1487989829969808,,0.49771763679534364,0.5022823632046564
GARAGEM / VAGA NÃO RESIDENCIAL,baseline,teste_reservado,166165,2026-09-11,100131376,-3337|-4925,sao sebastiao,10.58,20000.0,9999.999999999998,7,7.0,150.0,2612,0.2,,0.4999999999999999,0.5000000000000001
LOJA,baseline,teste_reservado,160691,2026-08-10,11229020,-3346|-4933,nonoai,69.25,210000.0,314894.5491474648,12,11.99646953303235,700.0,1774,0.2,,1.4994978530831657,0.49949785308316574
APARTAMENTO,baseline,teste_reservado,162926,2026-08-24,6542913,-3340|-4934,centro historic,47.0,220000.0,329696.16198825295,12,11.96675973917871,1200.0,96700,0.2,,1.4986189181284224,0.4986189181284224
GARAGEM / VAGA RESIDENCIAL,baseline,teste_reservado,164328,2026-09-01,10213643,-3338|-4930,higienopolis,21.16,100000.0,50199.84677963366,7,6.87380404341472,200.0,17117,0.0374643698062107,,0.5019984677963366,0.4980015322036634
SALA COMERCIAL,baseline,teste_reservado,162515,2026-08-14,6671039,-3338|-4930,higienopolis,40.33,375000.0,188945.57572373727,20,10.842591221411531,900.0,7886,0.2,,0.5038548685966328,0.49614513140336725
SALA COMERCIAL,baseline,teste_reservado,159909,2026-08-05,100117525,-3340|-4931,rio branco,98.34,1850116.36,934245.9170959758,17,15.184971795992007,900.0,7886,0.2,,0.5049660320262104,0.4950339679737896
SALA COMERCIAL,baseline,teste_reservado,166619,2026-09-16,100058412,-3339|-4931,moinhos vento,46.08,865000.0,437553.2890167542,20,13.01255676155205,900.0,7886,0.2,,0.5058419526205251,0.4941580473794749
SALA COMERCIAL,baseline,teste_reservado,166872,2026-09-17,2127784,-3340|-4934,centro historic,38.7,63500.0,94798.15539769424,20,10.1631222578302,900.0,7886,0.2,,1.4928843369715628,0.49288433697156275
APARTAMENTO,baseline,teste_reservado,162807,2026-08-21,6058531,-3347|-4934,cavalhada,46.28,87030.0,129862.15365750968,13,11.140735317639065,1200.0,96700,0.2,,1.4921538970183807,0.49215389701838075
SALA COMERCIAL,baseline,teste_reservado,162927,2026-08-21,10966110,-3343|-4933,menino deus,30.04,110000.0,164107.5958839023,17,15.024167853535948,900.0,7886,0.2,,1.4918872353082029,0.4918872353082029
CASA / RESIDÊNCIA,baseline,teste_reservado,165360,2026-09-04,5005175,-3340|-4929,petropolis,136.0,1979564.0,1006794.74545906,5,5.0,800.0,16815,0.1487989829969808,,0.5085941881439853,0.49140581185601473
GARAGEM / VAGA NÃO RESIDENCIAL,baseline,teste_reservado,161644,2026-08-13,6204538,-3340|-4932,moinhos vento,12.0,49140.0,25000.000000000007,7,6.999999999999997,150.0,2612,0.2,,0.5087505087505089,0.49124949124949113
GARAGEM / VAGA RESIDENCIAL,baseline,teste_reservado,163038,2026-08-24,100006193,-3343|-4933,menino deus,21.16,40000.0,59501.41172959538,7,5.763923233195663,200.0,17117,0.0374643698062107,,1.4875352932398844,0.4875352932398844
CASA / RESIDÊNCIA,baseline,teste_reservado,165089,2026-09-04,1338307,-3351|-4934,ipanema,42.0,400000.0,205673.7163636363,5,5.0,800.0,16815,0.1487989829969808,,0.5141842909090908,0.4858157090909092
TERRENO,baseline,teste_reservado,165888,2026-09-04,10649301,-3341|-4921,mario quintana,341.0,250000.0,371279.9133033551,12,11.96255106762743,200.0,97,0.0,,1.4851196532134203,0.4851196532134203
LOJA,baseline,teste_reservado,164434,2026-08-28,436593,-3341|-4929,petropolis,143.0,850000.0,437695.7669032354,12,11.968653606018146,700.0,1774,0.2,,0.5149361963567475,0.4850638036432525
LOJA,baseline,teste_reservado,161829,2026-08-17,1195166,-3340|-4932,independencia,45.58,380000.0,196069.949172148,12,11.961460714907869,700.0,1774,0.2,,0.5159735504530211,0.48402644954697893
COBERTURA,baseline,teste_reservado,164294,2026-09-01,7084854,-3337|-4928,passo da areia,96.1,250000.0,370920.83291729394,12,11.057823015817336,900.0,1688,0.2,,1.4836833316691758,0.48368333166917576
APARTAMENTO,baseline,teste_reservado,161480,2026-08-14,5752639,-3339|-4927,vila ipiranga,31.75,265000.0,136933.31175313966,15,11.133192971338174,1200.0,96700,0.2,,0.5167294783137345,0.4832705216862655
APARTAMENTO,baseline,teste_reservado,161227,2026-08-11,10804978,-3339|-4922,rubem berta,32.4,50000.0,74126.48183627367,12,11.717060006564129,1200.0,96700,0.2,,1.4825296367254734,0.48252963672547344
CASA / RESIDÊNCIA,baseline,teste_reservado,163575,2026-08-26,510629,-3347|-4935,cristal,84.0,225000.0,333324.8251903824,5,5.0,800.0,16815,0.1487989829969808,,1.4814436675128109,0.48144366751281087
CASA / RESIDÊNCIA,baseline,teste_reservado,162774,2026-08-20,2107732,-3342|-4931,santana,75.0,475000.0,246448.12714622144,5,5.0,800.0,16815,0.1487989829969808,,0.5188381624130978,0.48116183758690223
SALA COMERCIAL,baseline,teste_reservado,166497,2026-09-14,7057733,-3345|-4932,teresopolis,46.7,90000.0,133261.54176870827,20,8.499420419718632,900.0,7886,0.2,,1.480683797430092,0.48068379743009193
GARAGEM / VAGA RESIDENCIAL,baseline,teste_reservado,166882,2026-09-17,9576193,-3340|-4930,bela vista,10.58,80000.0,41705.15766458661,7,5.823503662987551,200.0,17117,0.0374643698062107,,0.5213144708073326,0.4786855291926674
APARTAMENTO,baseline,teste_reservado,164056,2026-08-29,846406,-3340|-4934,centro historic,60.55,347000.0,181676.0533391328,12,11.204978447077307,1200.0,96700,0.2,,0.5235621133692588,0.47643788663074116
APARTAMENTO,baseline,teste_reservado,166415,2026-09-15,9282807,-3348|-4936,tristeza,90.03,680000.0,358686.26101317443,12,11.032817524995789,1200.0,96700,0.2,,0.5274797956076095,0.4725202043923905
APARTAMENTO,baseline,teste_reservado,160620,2026-08-07,10847928,-3340|-4930,mont serrat,103.51,1350000.0,714461.0762054286,12,11.91996130078622,1200.0,96700,0.2,,0.529230426818836,0.47076957318116397
GARAGEM / VAGA RESIDENCIAL,baseline,teste_reservado,160462,2026-08-06,8494649,-3347|-4934,cavalhada,12.0,20000.0,29390.50302344804,11,5.051125109823905,200.0,17117,0.0374643698062107,,1.469525151172402,0.4695251511724019
APARTAMENTO,baseline,teste_reservado,166880,2026-09-16,5351774,-3342|-4933,menino deus,73.21,215000.0,315925.8209851936,12,11.782245377349929,1200.0,96700,0.2,,1.469422423186947,0.46942242318694705
GARAGEM / VAGA NÃO RESIDENCIAL,baseline,teste_reservado,160388,2026-08-10,8914451,-3341|-4929,petropolis,10.58,43834.0,23433.817545295387,8,5.39623515846858,150.0,2612,0.2,,0.5346036762626132,0.4653963237373868
SALA COMERCIAL,baseline,teste_reservado,164050,2026-08-28,2711915,-3340|-4934,centro historic,16.09,100000.0,53585.00054147928,20,14.582965295917766,900.0,7886,0.2,,0.5358500054147929,0.4641499945852071
GARAGEM / VAGA RESIDENCIAL,baseline,teste_reservado,162552,2026-08-20,100021406,-3337|-4928,santa m goretti,10.58,50000.0,26882.38213535372,7,6.74423724449339,200.0,17117,0.0374643698062107,,0.5376476427070744,0.46235235729292556
GARAGEM / VAGA RESIDENCIAL,baseline,teste_reservado,165206,2026-09-04,100103961,-3341|-4929,petropolis,21.16,100000.0,54000.00000000001,7,6.999999999999997,200.0,17117,0.0374643698062107,,0.54,0.45999999999999996
GARAGEM / VAGA RESIDENCIAL,baseline,teste_reservado,167225,2026-09-21,5302668,-3339|-4930,mont serrat,175.5,1520000.0,822779.4599267016,7,6.533217479033896,200.0,17117,0.0374643698062107,,0.5413022762675669,0.4586977237324331
LOJA,baseline,teste_reservado,161098,2026-08-12,2819449,-3341|-4931,santana,238.96,1400000.0,758301.1602650092,12,11.9888201806634,700.0,1774,0.2,,0.5416436859035779,0.4583563140964221
SALA COMERCIAL,baseline,teste_reservado,167276,2026-09-21,100104947,-3339|-4931,auxiliadora,42.16,780000.0,422749.3105698632,19,15.352099799153049,900.0,7886,0.2,,0.5419862956023886,0.45801370439761135
GARAGEM / VAGA RESIDENCIAL,baseline,teste_reservado,164558,2026-09-01,7011474,-3338|-4929,higienopolis,12.0,50000.0,27203.40570125769,7,5.188178296114881,200.0,17117,0.0374643698062107,,0.5440681140251538,0.45593188597484624
COBERTURA,baseline,teste_reservado,164643,2026-09-02,6068316,-3338|-4930,auxiliadora,119.0,393754.0,573140.1876802916,12,11.918779861130927,900.0,1688,0.2,,1.4555793406042645,0.4555793406042645
LOJA,baseline,teste_reservado,162753,2026-08-21,6120504,-3352|-4933,ipanema,44.51,341000.0,185705.5203490805,13,11.77902758210647,700.0,1774,0.2,,0.544590968765632,0.45540903123436804
SALA COMERCIAL,baseline,teste_reservado,161752,2026-08-17,1045040,-3340|-4934,centro historic,81.21,360000.0,197002.1346731241,16,15.834725021831462,900.0,7886,0.2,,0.5472281518697891,0.4527718481302109
CASA / RESIDÊNCIA,baseline,teste_reservado,160682,2026-08-10,100004426,-3342|-4928,jardim botanico,88.38,150000.0,217866.19668348375,5,5.0,800.0,16815,0.1487989829969808,,1.452441311223225,0.45244131122322506
GARAGEM / VAGA RESIDENCIAL,baseline,teste_reservado,166859,2026-09-17,8948909,-3342|-4933,menino deus,10.58,30000.0,43571.35116543939,13,5.026934798859455,200.0,17117,0.0374643698062107,,1.4523783721813128,0.4523783721813128
SALA COMERCIAL,baseline,teste_reservado,167363,2026-09-21,8773858,-3343|-4934,menino deus,29.89,120000.0,174211.91223485145,20,10.627324434006644,900.0,7886,0.2,,1.4517659352904289,0.45176593529042885
COBERTURA,baseline,teste_reservado,165811,2026-09-09,8897018,-3337|-4927,cristo redentor,156.76,420000.0,609081.327475924,12,11.762741734590731,900.0,1688,0.2,,1.4501936368474382,0.4501936368474382
CASA / RESIDÊNCIA,baseline,teste_reservado,164038,2026-08-31,11506946,-3346|-4923,lomba pinheiro,221.0,970000.0,1405832.6702238077,5,5.0,800.0,16815,0.1487989829969808,,1.4493120311585646,0.44931203115856455
GARAGEM / VAGA NÃO RESIDENCIAL,baseline,teste_reservado,162049,2026-08-18,8293430,-3339|-4930,auxiliadora,12.0,50000.0,27657.009550868854,7,5.404589748332048,150.0,2612,0.2,,0.5531401910173771,0.4468598089826229
GARAGEM / VAGA NÃO RESIDENCIAL,baseline,teste_reservado,162047,2026-08-18,8293422,-3339|-4930,auxiliadora,12.0,50000.0,27657.009550868854,7,5.404589748332048,150.0,2612,0.2,,0.5531401910173771,0.4468598089826229
CASA / RESIDÊNCIA,baseline,teste_reservado,161479,2026-08-14,100149408,-3352|-4925,restinga,35.94,124817.59,180573.77047738072,6,5.95238095238095,800.0,16815,0.1487989829969808,,1.446701306101013,0.446701306101013
GARAGEM / VAGA RESIDENCIAL,baseline,teste_reservado,164726,2026-09-02,10586156,-3340|-4930,mont serrat,10.58,90000.0,49867.75940898859,7,6.7539297101753935,200.0,17117,0.0374643698062107,,0.5540862156554288,0.4459137843445712
CASA / RESIDÊNCIA,baseline,teste_reservado,164276,2026-09-01,6909337,-3338|-4923,costa e silva,139.73,230000.0,332473.6888771084,5,5.0,800.0,16815,0.1487989829969808,,1.4455377777265581,0.4455377777265581
CASA / RESIDÊNCIA,baseline,teste_reservado,164390,2026-08-31,867071,-3343|-4933,medianeira,287.98,1700000.0,943257.580767631,5,5.0,800.0,16815,0.1487989829969808,,0.5548574004515476,0.44514259954845237
GARAGEM / VAGA NÃO RESIDENCIAL,baseline,teste_reservado,167392,2026-09-22,5221595,-3339|-4933,centro historic,12.0,29600.0,16428.571428571428,7,6.999999999999997,150.0,2612,0.2,,0.555019305019305,0.44498069498069504
GARAGEM / VAGA NÃO RESIDENCIAL,baseline,teste_reservado,167390,2026-09-22,5221587,-3339|-4933,centro historic,12.0,29600.0,16428.571428571428,7,6.999999999999997,150.0,2612,0.2,,0.555019305019305,0.44498069498069504
GARAGEM / VAGA RESIDENCIAL,baseline,teste_reservado,160472,2026-08-07,8017328,-3342|-4931,santana,69.22,193032.31,278728.3126194025,7,6.592411645902858,200.0,17117,0.0374643698062107,,1.4439464181897967,0.44394641818979674
SALA COMERCIAL,baseline,teste_reservado,163542,2026-08-26,100104946,-3339|-4931,auxiliadora,42.16,760000.0,422749.3105698632,19,15.352099799153049,900.0,7886,0.2,,0.5562490928550832,0.44375090714491683
APARTAMENTO,baseline,teste_reservado,167269,2026-09-21,11629339,-3348|-4936,tristeza,56.99,470000.0,262953.01971304027,13,11.851846143838223,1200.0,96700,0.2,,0.5594745100277453,0.4405254899722547
SALA COMERCIAL,baseline,teste_reservado,162946,2026-08-24,360481,-3340|-4934,centro historic,59.96,212000.0,118800.34266374569,20,7.137890424813541,900.0,7886,0.2,,0.5603789748289891,0.43962102517101087
APARTAMENTO,baseline,teste_reservado,164028,2026-08-28,100028656,-3348|-4935,camaqua,88.24,370000.0,532615.8524155273,17,11.137848783186596,1200.0,96700,0.2,,1.4395023038257495,0.4395023038257495
CASA / RESIDÊNCIA,baseline,teste_reservado,163284,2026-08-24,1125672,-3348|-4937,vila assuncao,353.0,870000.0,1252052.7431135513,5,5.0,800.0,16815,0.1487989829969808,,1.4391410840385648,0.4391410840385648
APARTAMENTO,baseline,teste_reservado,163167,2026-08-25,100081741,-3346|-4932,nonoai,70.4,235000.0,338026.46400764526,13,11.748085506909106,1200.0,96700,0.2,,1.4384104851389161,0.4384104851389161
APARTAMENTO,baseline,teste_reservado,161262,2026-08-13,5690277,-3338|-4927,cristo redentor,39.46,265000.0,149940.1362858168,12,11.991612270926565,1200.0,96700,0.2,,0.5658118350408181,0.4341881649591819
TERRENO,baseline,teste_reservado,159626,2026-08-04,100054273,-3337|-4923,sarandi,234.18,860000.0,488590.9737604914,12,11.993632774991791,200.0,97,0.0,,0.5681290392563854,0.43187096074361464
GARAGEM / VAGA RESIDENCIAL,baseline,teste_reservado,163439,2026-08-25,8192863,-3342|-4930,petropolis,148.21,1215000.0,690801.8626652925,7,6.368164008977858,200.0,17117,0.0374643698062107,,0.5685612038397468,0.43143879616025316
GARAGEM / VAGA RESIDENCIAL,baseline,teste_reservado,164884,2026-09-02,10911308,-3341|-4933,cidade baixa,12.0,27000.0,38641.36303647574,30,3.6967851443761015,200.0,17117,0.0374643698062107,,1.431161593943546,0.43116159394354603
GARAGEM / VAGA RESIDENCIAL,baseline,teste_reservado,165076,2026-09-03,11228814,-3346|-4933,nonoai,98.73,400000.0,572420.3025921779,7,6.865032389293297,200.0,17117,0.0374643698062107,,1.4310507564804447,0.43105075648044466
CASA / RESIDÊNCIA,baseline,teste_reservado,165090,2026-09-03,10891722,-3351|-4934,ipanema,150.0,475000.0,679480.3729069614,5,5.0,800.0,16815,0.1487989829969808,,1.4304849955936028,0.43048499559360276
APARTAMENTO,baseline,teste_reservado,164872,2026-09-02,5211212,-3341|-4929,petropolis,27.3,85000.0,121272.9643785703,25,7.668696326056552,1200.0,96700,0.2,,1.4267407573949447,0.42674075739494466
APARTAMENTO,baseline,teste_reservado,166474,2026-09-14,8802181,-3341|-4934,menino deus,38.48,340000.0,195135.89186808188,12,11.766924606040613,1200.0,96700,0.2,,0.5739290937296526,0.4260709062703474
SALA COMERCIAL,baseline,teste_reservado,160284,2026-08-07,2846918,-3339|-4933,centro historic,53.76,60750.0,86601.30003104321,20,10.123424839698732,900.0,7886,0.2,,1.425535802980135,0.42553580298013505
SALA COMERCIAL,baseline,teste_reservado,167055,2026-09-18,100100561,-3340|-4933,centro historic,35.37,158000.0,225025.6949244033,20,5.2276862017984245,900.0,7886,0.2,,1.4242132590152108,0.4242132590152108
GARAGEM / VAGA RESIDENCIAL,baseline,teste_reservado,164775,2026-09-03,2682109,-3339|-4931,moinhos vento,18.86,110000.0,63417.98093901622,7,5.442518432268711,200.0,17117,0.0374643698062107,,0.576527099445602,0.423472900554398
GARAGEM / VAGA NÃO RESIDENCIAL,baseline,teste_reservado,163916,2026-08-28,8340889,-3340|-4929,tres figueiras,50.53,320000.0,184627.63986791784,7,5.80119465111653,150.0,2612,0.2,,0.5769613745872433,0.4230386254127567
LOJA,baseline,teste_reservado,166405,2026-09-14,6297544,-3340|-4932,bom fim,57.97,620000.0,359657.5651245233,12,11.785396912160918,700.0,1774,0.2,,0.5800928469750376,0.4199071530249624
GARAGEM / VAGA RESIDENCIAL,baseline,teste_reservado,163219,2026-08-25,100033896,-3340|-4931,rio branco,11.5,60000.0,35074.86386345589,7,5.121461525450232,200.0,17117,0.0374643698062107,,0.5845810643909315,0.4154189356090685
CASA / RESIDÊNCIA,baseline,teste_reservado,160370,2026-08-07,6078621,-3353|-4926,restinga,30.0,200000.0,117672.02,6,5.999999999999999,800.0,16815,0.1487989829969808,,0.5883601,0.41163989999999995
CASA / RESIDÊNCIA,baseline,teste_reservado,164954,2026-09-03,100149361,-3352|-4925,restinga,40.01,142613.58,201022.7200000001,6,5.952380952380952,800.0,16815,0.1487989829969808,,1.4095622590779933,0.40956225907799326
GARAGEM / VAGA NÃO RESIDENCIAL,baseline,teste_reservado,166453,2026-09-14,7057415,-3345|-4932,teresopolis,12.48,30000.0,42271.84586053257,7,5.725298397793489,150.0,2612,0.2,,1.409061528684419,0.40906152868441903
GARAGEM / VAGA NÃO RESIDENCIAL,baseline,teste_reservado,166452,2026-09-14,7057407,-3345|-4932,teresopolis,12.48,30000.0,42271.84586053257,7,5.725298397793489,150.0,2612,0.2,,1.409061528684419,0.40906152868441903
GARAGEM / VAGA RESIDENCIAL,baseline,teste_reservado,164499,2026-09-01,11503815,-3341|-4930,petropolis,14.72,40000.0,56306.50021542822,7,6.297473325862051,200.0,17117,0.0374643698062107,,1.4076625053857055,0.4076625053857055
COBERTURA,baseline,teste_reservado,162126,2026-08-17,6675018,-3339|-4929,higienopolis,303.51,1630000.0,965993.4498555711,12,11.94121801902272,900.0,1688,0.2,,0.5926340183163014,0.40736598168369864
CASA / RESIDÊNCIA,baseline,teste_reservado,165196,2026-09-04,10209999,-3354|-4932,guaruja,134.0,576000.0,341507.7543143823,6,5.952380952380952,800.0,16815,0.1487989829969808,,0.5928954067958027,0.40710459320419734
SALA COMERCIAL,baseline,teste_reservado,165411,2026-09-02,11385251,-3339|-4928,tres figueiras,27.0,265000.0,157203.48975119012,16,15.948376681421124,900.0,7886,0.2,,0.5932207160422269,0.4067792839577731
APARTAMENTO,baseline,teste_reservado,162371,2026-08-20,5893828,-3339|-4922,jar leopoldina,58.99,215000.0,127602.26282654368,25,9.970454536841691,1200.0,96700,0.2,,0.593498896867645,0.406501103132355
LOJA,baseline,teste_reservado,160314,2026-08-07,6404588,-3338|-4923,jar leopoldina,57.54,480000.0,285176.039356852,15,11.255621063910018,700.0,1774,0.2,,0.5941167486601083,0.40588325133989167
COBERTURA,baseline,teste_reservado,159854,2026-08-05,9225552,-3343|-4933,menino deus,206.43,1501500.0,896619.2741812621,12,11.743194484408242,900.0,1688,0.2,,0.5971490337537543,0.4028509662462457
GARAGEM / VAGA RESIDENCIAL,baseline,teste_reservado,159887,2026-08-04,8428891,-3340|-4929,petropolis,182.99,1915000.0,1146807.1191995712,11,5.046808607957446,200.0,17117,0.0374643698062107,,0.5988548925324132,0.4011451074675868
GARAGEM / VAGA RESIDENCIAL,baseline,teste_reservado,164451,2026-09-01,11628332,-3348|-4936,tristeza,10.58,50000.0,30000.00026503386,7,6.000000159020314,200.0,17117,0.0374643698062107,,0.6000000053006772,0.3999999946993228
CASA / RESIDÊNCIA,baseline,teste_reservado,159420,2026-08-03,218200,-3342|-4933,azenha,58.0,330000.0,198105.9503444317,5,5.0,800.0,16815,0.1487989829969808,,0.600321061649793,0.39967893835020696
CASA / RESIDÊNCIA,baseline,teste_reservado,163454,2026-08-26,996874,-3360|-4930,belem novo,145.0,620000.0,372203.33227617,5,5.0,800.0,16815,0.1487989829969808,,0.6003279552841452,0.3996720447158548
APARTAMENTO,baseline,teste_reservado,161469,2026-08-14,7085222,-3342|-4926,jardim carvalho,43.28,81500.0,114051.97832462032,25,8.958064724566537,1200.0,96700,0.2,,1.3994107769892064,0.39941077698920635
CASA / RESIDÊNCIA,baseline,teste_reservado,159349,2026-08-03,552410,-3341|-4927,bom jesus,59.0,160000.0,96202.21842383203,6,5.970447511244885,800.0,16815,0.1487989829969808,,0.6012638651489502,0.39873613485104975
LOJA,baseline,teste_reservado,164993,2026-09-03,2145758,-3339|-4931,moinhos vento,42.15,119400.0,167006.25329630252,12,11.983571037675356,700.0,1774,0.2,,1.3987123391650127,0.3987123391650127
SALA COMERCIAL,baseline,teste_reservado,163316,2026-08-20,785989,-3339|-4933,centro historic,25.35,60000.0,83888.30416357369,20,15.116422408002911,900.0,7886,0.2,,1.398138402726228,0.398138402726228
APARTAMENTO,baseline,teste_reservado,161881,2026-08-17,100121376,-3338|-4930,higienopolis,209.5,2000000.0,2795040.851972886,25,3.690108318352357,1200.0,96700,0.2,,1.3975204259864429,0.3975204259864429
SALA COMERCIAL,baseline,teste_reservado,166618,2026-09-16,100058411,-3339|-4931,moinhos vento,51.43,965000.0,581406.6779640381,20,15.512000689426252,900.0,7886,0.2,,0.602493966802112,0.397506033197888
GARAGEM / VAGA RESIDENCIAL,baseline,teste_reservado,161675,2026-08-17,9787984,-3339|-4930,mont serrat,12.88,50000.0,30166.2060538639,9,5.310071347136739,200.0,17117,0.0374643698062107,,0.6033241210772781,0.39667587892272194
APARTAMENTO,baseline,teste_reservado,164423,2026-08-31,9861726,-3340|-4930,bela vista,191.38,1490000.0,2080873.591311214,12,11.977213246115676,1200.0,96700,0.2,,1.3965594572558484,0.3965594572558484
GARAGEM / VAGA RESIDENCIAL,baseline,teste_reservado,164475,2026-09-02,9148868,-3339|-4929,boa vista,94.92,800000.0,483298.7223723456,7,5.622052428041696,200.0,17117,0.0374643698062107,,0.604123402965432,0.395876597034568
LOJA,baseline,teste_reservado,165000,2026-09-03,2145723,-3339|-4931,moinhos vento,75.45,183800.0,256548.70156645868,12,11.981983419878306,700.0,1774,0.2,,1.3958035993822562,0.3958035993822562
GARAGEM / VAGA RESIDENCIAL,baseline,teste_reservado,162778,2026-08-20,8143706,-3340|-4930,bela vista,166.82,1600000.0,969086.7349342369,7,5.82001645926337,200.0,17117,0.0374643698062107,,0.6056792093338981,0.39432079066610193
APARTAMENTO,baseline,teste_reservado,163750,2026-08-27,11081910,-3351|-4932,cavalhada,36.03,169000.0,102412.1987204519,25,8.091688023445704,1200.0,96700,0.2,,0.6059893415411355,0.3940106584588645
COBERTURA,baseline,teste_reservado,161623,2026-08-13,9052267,-3343|-4931,partenon,147.94,390000.0,543014.6912498231,12,11.8723586696341,900.0,1688,0.2,,1.3923453621790336,0.3923453621790336
CASA / RESIDÊNCIA,baseline,teste_reservado,166938,2026-09-17,1171410,-3343|-4931,santo antonio,165.0,390000.0,542729.9887951813,5,5.0,800.0,16815,0.1487989829969808,,1.3916153558850801,0.3916153558850801
SALA COMERCIAL,baseline,teste_reservado,163354,2026-08-26,100052744,-3342|-4934,praia de belas,53.41,857150.0,522229.9750212859,16,15.947891131381816,900.0,7886,0.2,,0.6092632269979419,0.3907367730020581
APARTAMENTO,baseline,teste_reservado,160207,2026-08-06,100071925,-3341|-4930,petropolis,68.61,460000.0,639568.9459634747,16,11.12789511606707,1200.0,96700,0.2,,1.3903672738336406,0.39036727383364056
APARTAMENTO,baseline,teste_reservado,160050,2026-08-06,6467563,-3340|-4928,chacara pedras,29.12,170000.0,103674.74134036088,13,11.226919708667378,1200.0,96700,0.2,,0.6098514196491817,0.39014858035081834
APARTAMENTO,baseline,teste_reservado,161758,2026-08-17,5127718,-3339|-4930,auxiliadora,75.24,690000.0,420869.2463308235,12,11.990497275266703,1200.0,96700,0.2,,0.6099554294649616,0.3900445705350384
COBERTURA,baseline,teste_reservado,162771,2026-08-20,5837839,-3339|-4931,auxiliadora,79.78,360000.0,500382.6306485662,12,11.877808750296031,900.0,1688,0.2,,1.3899517518015727,0.3899517518015727
APARTAMENTO,baseline,teste_reservado,165741,2026-09-10,3020177,-3340|-4932,independencia,217.3,833000.0,1157580.9936328756,12,11.9447264448514,1200.0,96700,0.2,,1.389653053580883,0.3896530535808831
SALA COMERCIAL,baseline,teste_reservado,166844,2026-09-16,2683296,-3339|-4933,centro historic,54.44,200000.0,122603.56812781336,16,15.75702441784037,900.0,7886,0.2,,0.6130178406390668,0.38698215936093316
SALA COMERCIAL,baseline,teste_reservado,165881,2026-09-10,10666230,-3340|-4932,rio branco,49.5,220000.0,304946.4564754117,20,15.39611889390824,900.0,7886,0.2,,1.3861202567064168,0.3861202567064168
APARTAMENTO,baseline,teste_reservado,165556,2026-09-08,6086942,-3340|-4934,centro historic,38.41,156000.0,216209.8960414221,12,11.971342578969908,1200.0,96700,0.2,,1.385960872060398,0.385960872060398
GARAGEM / VAGA RESIDENCIAL,baseline,teste_reservado,167148,2026-09-21,100123247,-3349|-4933,vila nova,10.58,40000.0,24620.57714285715,7,6.999999999999997,200.0,17117,0.0374643698062107,,0.6155144285714288,0.3844855714285712
GARAGEM / VAGA RESIDENCIAL,baseline,teste_reservado,162809,2026-08-22,100138161,-3349|-4932,vila nova,10.58,40000.0,24620.57714285715,7,6.999999999999997,200.0,17117,0.0374643698062107,,0.6155144285714288,0.3844855714285712
GARAGEM / VAGA RESIDENCIAL,baseline,teste_reservado,165324,2026-09-04,6225543,-3340|-4932,bom fim,79.12,710000.0,437780.5044209274,7,5.421897311285531,200.0,17117,0.0374643698062107,,0.6165922597477851,0.3834077402522149
GARAGEM / VAGA RESIDENCIAL,baseline,teste_reservado,163101,2026-08-25,8237360,-3339|-4929,boa vista,12.0,50000.0,30838.302090323,7,6.411735817918489,200.0,17117,0.0374643698062107,,0.61676604180646,0.38323395819354
GARAGEM / VAGA RESIDENCIAL,baseline,teste_reservado,163099,2026-08-25,8237077,-3339|-4929,boa vista,12.0,50000.0,30838.302090323,7,6.411735817918489,200.0,17117,0.0374643698062107,,0.61676604180646,0.38323395819354
CASA / RESIDÊNCIA,baseline,teste_reservado,165134,2026-08-31,1349481,-3349|-4935,camaqua,39.0,315000.0,195104.5510812758,5,5.0,800.0,16815,0.1487989829969808,,0.6193795272421454,0.3806204727578546
SALA COMERCIAL,baseline,teste_reservado,161487,2026-08-14,2326124,-3340|-4934,centro historic,44.16,220000.0,136506.59499867537,17,15.244108560044204,900.0,7886,0.2,,0.6204845227212517,0.37951547727874835
SALA COMERCIAL,baseline,teste_reservado,164569,2026-09-01,1410989,-3340|-4934,centro historic,28.0,100000.0,62057.93989949761,17,15.061216686307866,900.0,7886,0.2,,0.620579398994976,0.37942060100502395
GARAGEM / VAGA RESIDENCIAL,baseline,teste_reservado,160490,2026-08-06,9523200,-3348|-4936,tristeza,82.94,550000.0,341423.0438765928,7,6.949985351820911,200.0,17117,0.0374643698062107,,0.6207691706847143,0.37923082931528573
GARAGEM / VAGA RESIDENCIAL,baseline,teste_reservado,161107,2026-08-12,8323461,-3349|-4936,tristeza,189.86,875000.0,543507.9289640713,7,5.387550969919588,200.0,17117,0.0374643698062107,,0.6211519188160816,0.37884808118391844
LOJA,baseline,teste_reservado,160983,2026-08-10,5494931,-3339|-4933,centro historic,39.38,116833.0,160981.51744722883,17,11.676247365564816,700.0,1774,0.2,,1.3778771190265493,0.3778771190265493
APARTAMENTO,baseline,teste_reservado,163469,2026-08-26,6424112,-3345|-4933,nonoai,48.84,100000.0,137760.9916666667,12,11.999999999999998,1200.0,96700,0.2,,1.3776099166666669,0.3776099166666669
CASA / RESIDÊNCIA,baseline,teste_reservado,160321,2026-08-07,2210916,-3336|-4925,sarandi,203.0,410000.0,564227.4374030626,5,5.0,800.0,16815,0.1487989829969808,,1.3761644814708844,0.37616448147088444
LOJA,baseline,teste_reservado,163412,2026-08-26,15679,-3339|-4933,floresta,74.02,390000.0,243817.5464343856,12,11.88689078694258,700.0,1774,0.2,,0.6251731959856041,0.37482680401439594
GARAGEM / VAGA RESIDENCIAL,baseline,teste_reservado,165923,2026-09-10,100083158,-3342|-4930,jardim botanico,10.58,30000.0,41230.1451224217,7,6.539281992360952,200.0,17117,0.0374643698062107,,1.37433817074739,0.37433817074739006
APARTAMENTO,baseline,teste_reservado,165993,2026-09-10,994928,-3338|-4930,sao joao,67.7,180000.0,247378.46865440023,25,8.865197735691957,1200.0,96700,0.2,,1.3743248258577792,0.37432482585777915
GARAGEM / VAGA NÃO RESIDENCIAL,baseline,teste_reservado,166697,2026-09-16,10531262,-3340|-4927,chacara pedras,23.76,50000.0,31296.85067656569,7,6.999999999999997,150.0,2612,0.2,,0.6259370135313138,0.3740629864686862
GARAGEM / VAGA RESIDENCIAL,baseline,teste_reservado,167337,2026-09-22,5111536,-3340|-4934,centro historic,12.0,52000.0,32658.50306615207,7,5.687910103029407,200.0,17117,0.0374643698062107,,0.6280481358875398,0.3719518641124602
COBERTURA,baseline,teste_reservado,162659,2026-08-20,8188556,-3338|-4930,higienopolis,426.17,1280000.0,1755432.7854224578,12,11.9595652289491,900.0,1688,0.2,,1.3714318636112952,0.3714318636112952
CASA / RESIDÊNCIA,baseline,teste_reservado,165540,2026-09-08,1252666,-3341|-4930,petropolis,227.0,1050000.0,660334.88152575,5,5.0,800.0,16815,0.1487989829969808,,0.6288903633578572,0.3711096366421428
CASA / RESIDÊNCIA,baseline,teste_reservado,161763,2026-08-14,100055861,-3351|-4930,vila nova,333.54,3000000.0,1887087.9705575127,5,5.0,800.0,16815,0.1487989829969808,,0.629029323519171,0.37097067648082904
GARAGEM / VAGA RESIDENCIAL,baseline,teste_reservado,165791,2026-09-08,6246079,-3346|-4935,cristal,150.95,400000.0,548337.1145897503,7,6.866461276978617,200.0,17117,0.0374643698062107,,1.3708427864743757,0.37084278647437574
GARAGEM / VAGA RESIDENCIAL,baseline,teste_reservado,163315,2026-08-25,3901963,-3339|-4932,floresta,8.0,62200.0,39181.91587450549,8,5.2235088444664814,200.0,17117,0.0374643698062107,,0.6299343388184162,0.3700656611815838
APARTAMENTO,baseline,teste_reservado,159471,2026-08-03,1890875,-3339|-4932,floresta,33.67,100000.0,136960.85667839635,18,11.225756213145322,1200.0,96700,0.2,,1.3696085667839635,0.3696085667839635
APARTAMENTO,baseline,teste_reservado,163181,2026-08-24,100057466,-3345|-4932,teresopolis,55.96,168000.0,229896.28246500032,25,4.155391730174503,1200.0,96700,0.2,,1.3684302527678591,0.3684302527678591
CASA / RESIDÊNCIA,baseline,teste_reservado,161056,2026-08-11,1507907,-3348|-4935,tristeza,183.11,530000.0,725061.0993230626,5,5.0,800.0,16815,0.1487989829969808,,1.3680398100435143,0.36803981004351427
TERRENO,baseline,teste_reservado,162456,2026-08-19,647616,-3343|-4932,medianeira,186.0,410000.0,560837.8373191002,12,11.847310496856169,200.0,97,0.0,,1.3678971641929272,0.3678971641929272
GARAGEM / VAGA RESIDENCIAL,baseline,teste_reservado,162959,2026-08-24,8902941,-3344|-4930,cel ap borges,54.2,160000.0,218606.22798524,7,6.885242734228403,200.0,17117,0.0374643698062107,,1.36628892490775,0.3662889249077499
LOJA,baseline,teste_reservado,162905,2026-08-24,124435,-3337|-4929,sao joao,94.67,255000.0,348276.78771610186,16,11.317119241223446,700.0,1774,0.2,,1.36579132437687,0.36579132437687
APARTAMENTO,baseline,teste_reservado,166310,2026-09-14,5584450,-3340|-4932,independencia,39.64,340000.0,216003.0781013558,15,11.10946754189666,1200.0,96700,0.2,,0.6353031708863406,0.3646968291136594
CASA / RESIDÊNCIA,baseline,teste_reservado,166722,2026-09-16,772151,-3336|-4927,jardim floresta,109.0,320000.0,436557.2374916381,5,5.0,800.0,16815,0.1487989829969808,,1.3642413671613691,0.3642413671613691
GARAGEM / VAGA RESIDENCIAL,baseline,teste_reservado,164519,2026-09-02,100009971,-3347|-4934,camaqua,10.58,50000.0,31837.61372728918,7,6.968042769324165,200.0,17117,0.0374643698062107,,0.6367522745457835,0.36324772545421646
LOJA,baseline,teste_reservado,166729,2026-09-15,8578206,-3346|-4935,cristal,61.53,181000.0,246735.62994913512,13,11.553716204297496,700.0,1774,0.2,,1.3631802759620726,0.3631802759620726
GARAGEM / VAGA NÃO RESIDENCIAL,baseline,teste_reservado,159338,2026-08-03,6840329,-3342|-4933,menino deus,12.0,20000.0,27245.605186084344,7,5.796380871335119,150.0,2612,0.2,,1.3622802593042171,0.36228025930421714
GARAGEM / VAGA RESIDENCIAL,baseline,teste_reservado,161389,2026-08-12,9549641,-3336|-4926,jardim lindoia,10.58,30000.0,40856.22044994788,7,5.732680633589971,200.0,17117,0.0374643698062107,,1.3618740149982627,0.36187401499826266
CASA / RESIDÊNCIA,baseline,teste_reservado,163494,2026-08-25,10270094,-3354|-4928,hipica,76.0,240000.0,326676.6751565361,5,5.0,800.0,16815,0.1487989829969808,,1.3611528131522337,0.3611528131522337
COBERTURA,baseline,teste_reservado,165537,2026-09-08,8100373,-3341|-4931,petropolis,128.43,770000.0,492183.319787471,12,11.970045805318806,900.0,1688,0.2,,0.6391991166071052,0.36080088339289484
GARAGEM / VAGA RESIDENCIAL,baseline,teste_reservado,162235,2026-08-19,6700225,-3338|-4932,floresta,109.4,365000.0,496350.0774253899,7,6.710391966930077,200.0,17117,0.0374643698062107,,1.3598632258229861,0.35986322582298613
COBERTURA,baseline,teste_reservado,165841,2026-09-09,8354448,-3344|-4928,vl joao pessoa,161.96,340000.0,462158.2329099618,12,11.975424458143715,900.0,1688,0.2,,1.359288920323417,0.3592889203234171
SALA COMERCIAL,baseline,teste_reservado,166292,2026-09-14,11052260,-3340|-4929,bela vista,38.62,259999.6,353244.7642629908,20,8.120967969722958,900.0,7886,0.2,,1.358635798912732,0.358635798912732
GARAGEM / VAGA RESIDENCIAL,baseline,teste_reservado,161075,2026-08-12,9172165,-3345|-4932,teresopolis,12.0,30000.0,40727.86892139184,7,5.922471590722525,200.0,17117,0.0374643698062107,,1.3575956307130614,0.35759563071306144
GARAGEM / VAGA RESIDENCIAL,baseline,teste_reservado,165052,2026-09-03,6743773,-3343|-4934,menino deus,12.0,30000.0,40714.11186601409,7,6.93214874104827,200.0,17117,0.0374643698062107,,1.3571370622004697,0.3571370622004697
GARAGEM / VAGA RESIDENCIAL,baseline,teste_reservado,159950,2026-08-05,100098615,-3342|-4933,menino deus,21.16,40000.0,54277.74424842127,7,5.807307763988918,200.0,17117,0.0374643698062107,,1.3569436062105318,0.3569436062105318
SALA COMERCIAL,baseline,teste_reservado,164878,2026-09-01,80314,-3340|-4934,centro historic,65.02,125000.0,169559.1930526382,20,11.625441924307506,900.0,7886,0.2,,1.3564735444211056,0.35647354442110557
GARAGEM / VAGA RESIDENCIAL,baseline,teste_reservado,160816,2026-08-11,9594469,-3343|-4931,partenon,67.6,210000.0,284706.1557928987,7,6.687494546921992,200.0,17117,0.0374643698062107,,1.3557435990138031,0.35574359901380315
APARTAMENTO,baseline,teste_reservado,162817,2026-08-24,11217804,-3338|-4922,rubem berta,37.58,156000.0,100596.20596117686,12,11.99455104137002,1200.0,96700,0.2,,0.6448474741101081,0.3551525258898919
APARTAMENTO,baseline,teste_reservado,160859,2026-08-11,5965489,-3343|-4928,partenon,66.06,325000.0,209836.0199176194,25,5.191522343153055,1200.0,96700,0.2,,0.6456492920542135,0.3543507079457865
APARTAMENTO,baseline,teste_reservado,165699,2026-09-09,11706945,-3351|-4931,campo novo,39.03,150000.0,96963.33333333331,12,11.999999999999998,1200.0,96700,0.2,,0.6464222222222221,0.3535777777777779
GARAGEM / VAGA RESIDENCIAL,baseline,teste_reservado,161635,2026-08-17,100121429,-3338|-4930,higienopolis,10.58,70000.0,45281.449402382575,8,5.399201490056945,200.0,17117,0.0374643698062107,,0.6468778486054654,0.3531221513945346
GARAGEM / VAGA RESIDENCIAL,baseline,teste_reservado,160650,2026-08-11,11155264,-3339|-4927,jardim europa,10.58,90000.0,58311.49958016275,7,6.975309240313739,200.0,17117,0.0374643698062107,,0.6479055508906972,0.35209444910930277
APARTAMENTO,baseline,teste_reservado,163835,2026-08-27,5815096,-3348|-4936,tristeza,38.1,90000.0,121657.32327356232,12,11.994342199390202,1200.0,96700,0.2,,1.3517480363729146,0.35174803637291463
LOJA,baseline,teste_reservado,165496,2026-09-08,10105875,-3338|-4928,passo da areia,125.05,240120.0,324537.22046122176,12,11.948046197569898,700.0,1774,0.2,,1.351562637269789,0.3515626372697891
APARTAMENTO,baseline,teste_reservado,165991,2026-09-10,100087838,-3333|-4930,farrapos,65.23,380000.0,246648.9366212804,12,11.999705327847687,1200.0,96700,0.2,,0.6490761490033694,0.3509238509966306
CASA / RESIDÊNCIA,baseline,teste_reservado,160170,2026-08-06,1182625,-3341|-4930,petropolis,158.0,560000.0,755786.1331383297,5,5.0,800.0,16815,0.1487989829969808,,1.3496180948898746,0.3496180948898746
SALA COMERCIAL,baseline,teste_reservado,166717,2026-09-15,100110140,-3347|-4935,cristal,56.37,452822.91,610090.6821436968,16,15.842755075254663,900.0,7886,0.2,,1.3473052459816948,0.34730524598169477
CASA / RESIDÊNCIA,baseline,teste_reservado,163049,2026-08-24,1220748,-3338|-4929,passo da areia,71.0,360000.0,234990.3147553284,6,5.947988933222206,800.0,16815,0.1487989829969808,,0.6527508743203567,0.3472491256796433
CASA / RESIDÊNCIA,baseline,teste_reservado,164019,2026-08-28,100005030,-3348|-4924,lomba pinheiro,100.48,658000.0,430175.7796186568,5,5.0,800.0,16815,0.1487989829969808,,0.6537625830070772,0.34623741699292276
TERRENO,baseline,teste_reservado,164687,2026-09-01,5509149,-3334|-4931,farrapos,3000.0,2950650.0,3970651.3144704862,12,11.943992367250708,200.0,97,0.0,,1.3456869891279841,0.3456869891279841
TERRENO,baseline,teste_reservado,164686,2026-09-01,5509130,-3334|-4931,farrapos,3000.0,2950650.0,3970553.675112232,12,11.94406328933339,200.0,97,0.0,,1.3456538983316326,0.3456538983316326
SALA COMERCIAL,baseline,teste_reservado,166302,2026-09-11,1045652,-3340|-4934,centro historic,60.76,210000.0,137565.9543754461,16,15.950176901354176,900.0,7886,0.2,,0.65507597321641,0.34492402678359
SALA COMERCIAL,baseline,teste_reservado,167005,2026-09-18,7051956,-3339|-4930,auxiliadora,26.93,94000.0,126242.48675465956,20,10.823916938762665,900.0,7886,0.2,,1.3430051782410592,0.34300517824105925
GARAGEM / VAGA NÃO RESIDENCIAL,baseline,teste_reservado,166858,2026-09-17,10687025,-3340|-4933,centro historic,13.75,29000.0,38894.43005181347,7,5.825242718446604,150.0,2612,0.2,,1.3411872431659817,0.3411872431659817
GARAGEM / VAGA NÃO RESIDENCIAL,baseline,teste_reservado,163076,2026-08-25,9337695,-3339|-4930,auxiliadora,16.8,50000.0,33005.58913230482,7,5.78508313874733,150.0,2612,0.2,,0.6601117826460964,0.3398882173539036
GARAGEM / VAGA RESIDENCIAL,baseline,teste_reservado,161418,2026-08-14,11570210,-3340|-4930,bela vista,101.72,870000.0,574584.8986355884,7,6.849025260414932,200.0,17117,0.0374643698062107,,0.6604424122248141,0.33955758777518585
GARAGEM / VAGA RESIDENCIAL,baseline,teste_reservado,167398,2026-09-22,10855017,-3343|-4933,menino deus,10.58,27700.0,37098.92717899958,30,3.698389074856802,200.0,17117,0.0374643698062107,,1.3393114505053998,0.3393114505053998
APARTAMENTO,baseline,teste_reservado,165975,2026-09-09,6198325,-3340|-4933,cidade baixa,60.12,200000.0,267709.39606862766,22,11.499713702123236,1200.0,96700,0.2,,1.3385469803431382,0.33854698034313824
APARTAMENTO,baseline,teste_reservado,163118,2026-08-25,6703496,-3351|-4933,cavalhada,36.42,120000.0,79506.12242073545,12,11.992805421894472,1200.0,96700,0.2,,0.6625510201727954,0.33744897982720456
GARAGEM / VAGA RESIDENCIAL,baseline,teste_reservado,165785,2026-09-10,100060160,-3341|-4927,chacara pedras,11.04,50000.0,33132.49212368087,7,5.491429723526276,200.0,17117,0.0374643698062107,,0.6626498424736175,0.33735015752638253
CASA / RESIDÊNCIA,baseline,teste_reservado,167414,2026-09-21,424439,-3352|-4932,ipanema,463.0,600000.0,801735.3181647836,5,5.0,800.0,16815,0.1487989829969808,,1.3362255302746393,0.3362255302746393
APARTAMENTO,baseline,teste_reservado,164211,2026-08-31,6567401,-3343|-4934,menino deus,45.36,320000.0,212526.4869661852,12,11.957025584203857,1200.0,96700,0.2,,0.6641452717693288,0.3358547282306712
SALA COMERCIAL,baseline,teste_reservado,162451,2026-08-19,100100546,-3340|-4933,centro historic,35.37,338654.65,225025.6949244033,20,5.2276862017984245,900.0,7886,0.2,,0.664469526476023,0.335530473523977
CASA / RESIDÊNCIA,baseline,teste_reservado,161054,2026-08-10,5182530,-3337|-4921,rubem berta,69.0,380000.0,252597.21711229943,5,5.0,800.0,16815,0.1487989829969808,,0.6647295187165775,0.3352704812834225
GARAGEM / VAGA RESIDENCIAL,baseline,teste_reservado,163802,2026-08-28,10935142,-3340|-4931,bela vista,12.56,40000.0,53351.39195531218,30,4.891409480963921,200.0,17117,0.0374643698062107,,1.3337847988828044,0.33378479888280443
APARTAMENTO,baseline,teste_reservado,166146,2026-09-14,10935207,-3340|-4931,bela vista,54.16,330000.0,440130.24253694457,16,11.499522300612265,1200.0,96700,0.2,,1.3337280076877107,0.3337280076877107
GARAGEM / VAGA RESIDENCIAL,baseline,teste_reservado,163270,2026-08-25,100039138,-3343|-4931,santo antonio,10.58,50000.0,33333.3333171575,7,6.000000014558249,200.0,17117,0.0374643698062107,,0.66666666634315,0.33333333365685003
COBERTURA,baseline,teste_reservado,164963,2026-09-02,10585796,-3340|-4930,mont serrat,329.47,3590000.0,2394070.7144984705,12,11.908007485003434,900.0,1688,0.2,,0.6668720653199083,0.3331279346800917
SALA COMERCIAL,baseline,teste_reservado,162450,2026-08-19,100100547,-3340|-4933,centro historic,35.37,337374.35,225025.6949244033,20,5.2276862017984245,900.0,7886,0.2,,0.6669911180989406,0.3330088819010594
GARAGEM / VAGA RESIDENCIAL,baseline,teste_reservado,166725,2026-09-16,100110947,-3339|-4925,jardim itu,10.58,40000.0,26692.758530929237,7,5.776433160599679,200.0,17117,0.0374643698062107,,0.6673189632732309,0.3326810367267691
GARAGEM / VAGA RESIDENCIAL,baseline,teste_reservado,159875,2026-08-03,3390071,-3339|-4931,moinhos vento,335.59,2420000.0,1615167.0150516916,7,6.527597001478238,200.0,17117,0.0374643698062107,,0.6674243863849965,0.33257561361500354
GARAGEM / VAGA RESIDENCIAL,baseline,teste_reservado,166531,2026-09-15,9742395,-3339|-4930,auxiliadora,218.57,1600000.0,1070940.6679074308,7,6.872397481038127,200.0,17117,0.0374643698062107,,0.6693379174421442,0.3306620825578558
CASA / RESIDÊNCIA,baseline,teste_reservado,160570,2026-08-07,11509031,-3346|-4923,lomba pinheiro,221.0,2100000.0,1405832.6702238077,5,5.0,800.0,16815,0.1487989829969808,,0.6694441286780036,0.3305558713219964
TERRENO,baseline,teste_reservado,166072,2026-09-10,6792979,-3342|-4932,azenha,1711.0,1512278.27,1013210.887803846,12,11.891854013401698,200.0,97,0.0,,0.669989715453523,0.33001028454647696
APARTAMENTO,baseline,teste_reservado,164960,2026-09-02,10958924,-3348|-4936,vila assuncao,163.82,1530000.0,1025532.6519169692,12,11.97806037239006,1200.0,96700,0.2,,0.6702827790306989,0.3297172209693011
APARTAMENTO,baseline,teste_reservado,165325,2026-09-04,100103655,-3341|-4929,petropolis,77.07,1150000.0,772117.2573385265,25,8.122969077245504,1200.0,96700,0.2,,0.6714063107291535,0.32859368927084653
SALA COMERCIAL,baseline,teste_reservado,161961,2026-08-18,100099269,-3340|-4932,independencia,40.27,420000.0,282086.5949539903,20,10.810211683691094,900.0,7886,0.2,,0.6716347498904531,0.32836525010954687
GARAGEM / VAGA RESIDENCIAL,baseline,teste_reservado,166333,2026-09-14,8395365,-3348|-4934,cavalhada,12.0,50000.0,33594.04274140287,8,5.173587078238275,200.0,17117,0.0374643698062107,,0.6718808548280574,0.3281191451719426
GARAGEM / VAGA NÃO RESIDENCIAL,baseline,teste_reservado,160035,2026-08-05,10002561,-3338|-4928,passo da areia,10.58,30000.0,20166.666666666664,7,5.825242718446604,150.0,2612,0.2,,0.6722222222222222,0.32777777777777783
GARAGEM / VAGA RESIDENCIAL,baseline,teste_reservado,159394,2026-08-03,2978008,-3340|-4933,centro historic,12.0,29000.0,38475.98837516079,7,5.824298384727666,200.0,17117,0.0374643698062107,,1.3267582198331307,0.3267582198331307
SALA COMERCIAL,baseline,teste_reservado,160324,2026-08-07,79804,-3340|-4934,centro historic,64.81,250000.0,168317.13232219944,20,7.546688997760654,900.0,7886,0.2,,0.6732685292887978,0.32673147071120223
CASA / RESIDÊNCIA,baseline,teste_reservado,161580,2026-08-12,8280967,-3349|-4922,lomba pinheiro,43.0,100000.0,132636.83146576118,5,5.0,800.0,16815,0.1487989829969808,,1.3263683146576117,0.32636831465761174
COBERTURA,baseline,teste_reservado,164958,2026-09-02,11042893,-3348|-4936,tristeza,157.05,970000.0,653704.4400627868,12,11.770082260671742,900.0,1688,0.2,,0.6739221031575122,0.3260778968424878
GARAGEM / VAGA RESIDENCIAL,baseline,teste_reservado,163341,2026-08-26,100085586,-3351|-4933,ipanema,10.58,50000.0,33697.19329279707,7,6.955297640917834,200.0,17117,0.0374643698062107,,0.6739438658559413,0.32605613414405865
APARTAMENTO,baseline,teste_reservado,167209,2026-09-21,6201717,-3345|-4932,teresopolis,64.36,155000.0,205432.51692174867,14,11.7853510931274,1200.0,96700,0.2,,1.3253710769145075,0.3253710769145075
GARAGEM / VAGA RESIDENCIAL,baseline,teste_reservado,159397,2026-08-03,9590471,-3337|-4927,cristo redentor,27.9,40000.0,52996.69983557235,7,5.758326212630121,200.0,17117,0.0374643698062107,,1.3249174958893086,0.3249174958893086
CASA / RESIDÊNCIA,baseline,teste_reservado,166494,2026-09-09,9503986,-3354|-4929,hipica,78.0,400000.0,270183.9657820859,5,5.0,800.0,16815,0.1487989829969808,,0.6754599144552147,0.3245400855447853
GARAGEM / VAGA RESIDENCIAL,baseline,teste_reservado,163628,2026-08-27,100008737,-3335|-4930,humaita,21.16,30000.0,39704.626640726914,14,5.131546686337209,200.0,17117,0.0374643698062107,,1.323487554690897,0.3234875546908971
SALA COMERCIAL,baseline,teste_reservado,161544,2026-08-07,79790,-3340|-4934,centro historic,65.02,250000.0,169144.6600883533,20,6.612942126853838,900.0,7886,0.2,,0.6765786403534132,0.3234213596465868
GARAGEM / VAGA RESIDENCIAL,baseline,teste_reservado,161387,2026-08-12,100043820,-3342|-4925,jardim carvalho,10.58,25000.0,33083.333333333336,7,5.825242718446604,200.0,17117,0.0374643698062107,,1.3233333333333335,0.3233333333333335
SALA COMERCIAL,baseline,teste_reservado,160245,2026-08-07,100018409,-3339|-4931,mont serrat,32.97,387000.0,261951.79552464743,20,7.479405924690583,900.0,7886,0.2,,0.676878024611492,0.32312197538850795
APARTAMENTO,baseline,teste_reservado,162576,2026-08-19,100060043,-3341|-4927,chacara pedras,75.31,530000.0,359197.87417920475,25,3.693655438470026,1200.0,96700,0.2,,0.6777318380739712,0.3222681619260288
GARAGEM / VAGA RESIDENCIAL,baseline,teste_reservado,165028,2026-09-04,5141745,-3340|-4930,bela vista,152.19,550000.0,726517.1970699035,12,5.04733225652274,200.0,17117,0.0374643698062107,,1.3209403583089154,0.32094035830891543
APARTAMENTO,baseline,teste_reservado,165558,2026-09-09,6298265,-3340|-4934,centro historic,27.55,240000.0,163239.16959700937,25,8.467802696286817,1200.0,96700,0.2,,0.6801632066542057,0.3198367933457943
SALA COMERCIAL,baseline,teste_reservado,164920,2026-09-03,2124416,-3340|-4934,centro historic,25.35,50000.0,65991.58788902687,19,15.703371638675502,900.0,7886,0.2,,1.3198317577805374,0.3198317577805374
APARTAMENTO,baseline,teste_reservado,166254,2026-09-14,8628068,-3337|-4927,cristo redentor,50.11,245000.0,166775.55399680682,13,11.813165287681644,1200.0,96700,0.2,,0.6807165469257421,0.3192834530742579
SALA COMERCIAL,baseline,teste_reservado,160535,2026-08-10,100102698,-3341|-4929,petropolis,65.54,486684.68,640865.8814042107,20,7.182370841708913,900.0,7886,0.2,,1.3167989619155687,0.31679896191556867
CASA / RESIDÊNCIA,baseline,teste_reservado,162388,2026-08-18,2768240,-3354|-4929,hipica,211.63,330000.0,434450.7739112965,5,5.0,800.0,16815,0.1487989829969808,,1.3165174967008986,0.31651749670089857
GARAGEM / VAGA RESIDENCIAL,baseline,teste_reservado,159331,2026-08-03,9030972,-3338|-4925,jardim itu,12.5,45000.0,30804.26688140429,7,5.10822057427757,200.0,17117,0.0374643698062107,,0.6845392640312065,0.31546073596879354
GARAGEM / VAGA RESIDENCIAL,baseline,teste_reservado,163525,2026-08-26,100020445,-3347|-4935,camaqua,10.58,40000.0,27383.15221996951,7,6.033801730796119,200.0,17117,0.0374643698062107,,0.6845788054992378,0.3154211945007622
APARTAMENTO,baseline,teste_reservado,164283,2026-09-01,3341933,-3339|-4930,auxiliadora,33.7,285000.0,195257.8184446008,25,5.228816066707855,1200.0,96700,0.2,,0.6851151524371958,0.3148848475628042
APARTAMENTO,baseline,teste_reservado,167013,2026-09-18,100048871,-3349|-4933,vila nova,81.6,470000.0,322104.2236105115,13,11.07001484472521,1200.0,96700,0.2,,0.6853281353415138,0.3146718646584862
APARTAMENTO,baseline,teste_reservado,164135,2026-08-31,6089704,-3334|-4930,humaita,40.49,145000.0,99443.066148067,25,9.10646714881224,1200.0,96700,0.2,,0.6858142492970137,0.31418575070298627
COBERTURA,baseline,teste_reservado,163080,2026-08-24,3540634,-3341|-4929,petropolis,206.01,1290000.0,885219.8835496642,25,9.034247317677236,900.0,1688,0.2,,0.6862169639919877,0.3137830360080123
CASA / RESIDÊNCIA,baseline,teste_reservado,165334,2026-09-08,1847023,-3341|-4932,santana,189.0,720000.0,945277.4122120345,5,5.0,800.0,16815,0.1487989829969808,,1.3128852947389367,0.31288529473893667
GARAGEM / VAGA RESIDENCIAL,baseline,teste_reservado,162457,2026-08-19,9950966,-3339|-4929,boa vista,132.89,1050000.0,722248.4727782473,7,6.668673649833717,200.0,17117,0.0374643698062107,,0.6878556883602356,0.3121443116397644
GARAGEM / VAGA RESIDENCIAL,baseline,teste_reservado,162477,2026-08-20,7032412,-3341|-4932,santana,14.15,60000.0,41380.3081743675,7,6.99055271634201,200.0,17117,0.0374643698062107,,0.689671802906125,0.31032819709387505
SALA COMERCIAL,baseline,teste_reservado,162474,2026-08-20,6434657,-3341|-4928,chacara pedras,24.25,50000.0,65515.29762495518,20,15.220092593540231,900.0,7886,0.2,,1.3103059524991036,0.31030595249910364
GARAGEM / VAGA RESIDENCIAL,baseline,teste_reservado,165736,2026-09-10,11198133,-3340|-4930,bela vista,21.16,50000.0,65469.7225653311,7,5.676790226137957,200.0,17117,0.0374643698062107,,1.309394451306622,0.309394451306622
SALA COMERCIAL,baseline,teste_reservado,166375,2026-09-14,8241031,-3338|-4928,passo da areia,28.71,52000.0,68074.7337646259,20,13.79374941318607,900.0,7886,0.2,,1.309129495473575,0.30912949547357504
APARTAMENTO,baseline,teste_reservado,166130,2026-09-10,6734766,-3339|-4932,moinhos vento,38.71,165000.0,215868.3799017057,12,11.85696528078956,1200.0,96700,0.2,,1.308293211525489,0.30829321152548905
CASA / RESIDÊNCIA,baseline,teste_reservado,166980,2026-09-16,10641025,-3337|-4924,sarandi,237.0,678303.81,886790.2228292988,5,5.0,800.0,16815,0.1487989829969808,,1.3073643546677096,0.3073643546677096
APARTAMENTO,baseline,teste_reservado,164630,2026-09-01,5325781,-3340|-4935,centro historic,27.74,203229.66,140766.2327324594,17,11.321491896195305,1200.0,96700,0.2,,0.6926461065400562,0.3073538934599438
SALA COMERCIAL,baseline,teste_reservado,162591,2026-08-20,5920906,-3337|-4927,cristo redentor,29.99,70000.0,91511.28947915668,18,15.798019278597849,900.0,7886,0.2,,1.307304135416524,0.307304135416524
TERRENO,baseline,teste_reservado,162396,2026-08-17,100064794,-3354|-4932,guaruja,84.0,68000.0,88785.48675810338,12,11.989468709641292,200.0,97,0.0,,1.305668922913285,0.30566892291328496
GARAGEM / VAGA RESIDENCIAL,baseline,teste_reservado,161557,2026-08-14,100068687,-3342|-4927,jardim do salso,10.58,50000.0,34737.799916686985,7,6.9427234614712034,200.0,17117,0.0374643698062107,,0.6947559983337397,0.3052440016662603
APARTAMENTO,baseline,teste_reservado,166991,2026-09-17,486345,-3340|-4932,bom fim,163.69,921200.0,640121.0154315281,25,7.928743881913719,1200.0,96700,0.2,,0.6948773506638386,0.3051226493361614
APARTAMENTO,baseline,teste_reservado,160383,2026-08-10,2703017,-3339|-4930,auxiliadora,71.38,375000.0,260685.18162878932,25,8.177277946503354,1200.0,96700,0.2,,0.6951604843434381,0.30483951565656187
CASA / RESIDÊNCIA,baseline,teste_reservado,165470,2026-09-04,1235923,-3348|-4934,cavalhada,303.18,675000.0,880604.7560003415,5,5.0,800.0,16815,0.1487989829969808,,1.3045996385190244,0.3045996385190244
APARTAMENTO,baseline,teste_reservado,164255,2026-08-31,100058193,-3351|-4921,lomba pinheiro,43.0,150000.0,104425.04065884142,12,11.482501323380731,1200.0,96700,0.2,,0.6961669377256094,0.30383306227439055
APARTAMENTO,baseline,teste_reservado,164474,2026-09-01,8749906,-3340|-4930,bela vista,120.79,1000000.0,696430.4704871991,14,11.812810559966824,1200.0,96700,0.2,,0.6964304704871992,0.3035695295128008
SALA COMERCIAL,baseline,teste_reservado,159900,2026-08-05,8342016,-3340|-4929,tres figueiras,38.44,300000.0,208929.6308189917,20,6.982653060946397,900.0,7886,0.2,,0.6964321027299722,0.30356789727002775
GARAGEM / VAGA RESIDENCIAL,baseline,teste_reservado,167311,2026-09-22,10070788,-3340|-4930,bela vista,21.58,50000.0,65171.84410968481,7,6.432413533664947,200.0,17117,0.0374643698062107,,1.3034368821936961,0.30343688219369613
COBERTURA,baseline,teste_reservado,162228,2026-08-18,6064140,-3339|-4931,auxiliadora,235.41,1497000.0,1042965.6423969198,15,11.55817525514819,900.0,1688,0.2,,0.6967038359364861,0.3032961640635139
GARAGEM / VAGA NÃO RESIDENCIAL,baseline,teste_reservado,160033,2026-08-05,7042590,-3338|-4930,higienopolis,12.0,30000.0,39087.3091746523,7,6.994796402639616,150.0,2612,0.2,,1.3029103058217433,0.3029103058217433
GARAGEM / VAGA RESIDENCIAL,baseline,teste_reservado,161613,2026-08-17,11048840,-3339|-4930,mont serrat,20.47,80000.0,55838.139414159785,7,5.6996886610176105,200.0,17117,0.0374643698062107,,0.6979767426769973,0.3020232573230027
LOJA,baseline,teste_reservado,160055,2026-08-05,1695452,-3337|-4931,sao geraldo,107.2,180000.0,234358.18703995977,12,11.756183859868148,700.0,1774,0.2,,1.3019899279997764,0.3019899279997764
GARAGEM / VAGA RESIDENCIAL,baseline,teste_reservado,163313,2026-08-25,10358706,-3338|-4926,vila ipiranga,21.16,34682.5,45121.70854134174,7,6.846355869602572,200.0,17117,0.0374643698062107,,1.3009935426033803,0.3009935426033803
GARAGEM / VAGA RESIDENCIAL,baseline,teste_reservado,163827,2026-08-27,100088983,-3342|-4934,praia de belas,10.58,40000.0,52020.33168694595,7,6.910030087683208,200.0,17117,0.0374643698062107,,1.3005082921736488,0.3005082921736488
APARTAMENTO,baseline,teste_reservado,162655,2026-08-20,2792575,-3339|-4932,independencia,100.83,260000.0,338116.7462901524,25,8.296251522426681,1200.0,96700,0.2,,1.3004490241928939,0.3004490241928939
APARTAMENTO,baseline,teste_reservado,159243,2026-08-03,5088615,-3340|-4933,independencia,44.73,319000.0,223233.8867616765,17,11.520554455438706,1200.0,96700,0.2,,0.6997927484692053,0.30020725153079475
GARAGEM / VAGA RESIDENCIAL,baseline,teste_reservado,160371,2026-08-07,10847359,-3340|-4930,mont serrat,10.58,70000.0,49004.660519967125,7,6.903711371544599,200.0,17117,0.0374643698062107,,0.7000665788566732,0.2999334211433268
GARAGEM / VAGA RESIDENCIAL,baseline,teste_reservado,164106,2026-08-31,3137546,-3339|-4931,auxiliadora,13.5,70000.0,49017.857142857145,7,7.0,200.0,17117,0.0374643698062107,,0.7002551020408163,0.2997448979591837
APARTAMENTO,baseline,teste_reservado,164638,2026-09-02,5620090,-3340|-4934,centro historic,49.38,148000.0,192338.3133209929,16,11.029999295936152,1200.0,96700,0.2,,1.299583198114817,0.29958319811481693
GARAGEM / VAGA NÃO RESIDENCIAL,baseline,teste_reservado,163192,2026-08-25,10531041,-3340|-4927,chacara pedras,22.86,80000.0,56077.95016964628,7,6.664711973978063,150.0,2612,0.2,,0.7009743771205785,0.29902562287942147
APARTAMENTO,baseline,teste_reservado,162716,2026-08-21,6128629,-3347|-4935,cristal,73.26,330000.0,231425.36572194935,25,8.265459205718518,1200.0,96700,0.2,,0.7012889870362101,0.2987110129637899
GARAGEM / VAGA RESIDENCIAL,baseline,teste_reservado,163165,2026-08-25,10198903,-3346|-4935,cristal,77.45,470000.0,329901.3143726449,7,6.676867356538515,200.0,17117,0.0374643698062107,,0.7019176901545635,0.2980823098454365
CASA / RESIDÊNCIA,baseline,teste_reservado,167247,2026-09-18,100010801,-3354|-4933,guaruja,93.48,442000.0,310292.0490355838,5,5.0,800.0,16815,0.1487989829969808,,0.7020182104877462,0.29798178951225385
GARAGEM / VAGA RESIDENCIAL,baseline,teste_reservado,161276,2026-08-13,8688516,-3341|-4930,petropolis,16.07,40000.0,51906.69465560131,7,6.986880623726885,200.0,17117,0.0374643698062107,,1.2976673663900329,0.2976673663900329
COBERTURA,baseline,teste_reservado,161499,2026-08-14,8225435,-3340|-4933,independencia,158.91,504106.0,654133.3402266708,12,11.570765119508174,900.0,1688,0.2,,1.297610701373661,0.2976107013736611
TERRENO,baseline,teste_reservado,166908,2026-09-17,1936360,-3345|-4935,cristal,426.0,400000.0,519032.906378744,12,11.899310629927966,200.0,97,0.0,,1.2975822659468599,0.2975822659468599
GARAGEM / VAGA RESIDENCIAL,baseline,teste_reservado,160979,2026-08-12,11449918,-3342|-4932,santana,10.58,50000.0,35213.51017914389,7,5.825127322917232,200.0,17117,0.0374643698062107,,0.7042702035828777,0.29572979641712227
GARAGEM / VAGA RESIDENCIAL,baseline,teste_reservado,160946,2026-08-11,5319595,-3340|-4931,bela vista,106.9,621053.0,438502.9441264116,7,6.135406065278707,200.0,17117,0.0374643698062107,,0.7060636437251113,0.2939363562748887
GARAGEM / VAGA NÃO RESIDENCIAL,baseline,teste_reservado,162674,2026-08-21,10965688,-3343|-4933,menino deus,15.18,50000.0,35312.00184960417,7,6.914529392647951,150.0,2612,0.2,,0.7062400369920834,0.2937599630079166
CASA / RESIDÊNCIA,baseline,teste_reservado,164875,2026-09-01,735388,-3344|-4933,santa tereza,199.76,515000.0,666080.6803737219,5,5.0,800.0,16815,0.1487989829969808,,1.2933605444149938,0.2933605444149938
CASA / RESIDÊNCIA,baseline,teste_reservado,162971,2026-08-21,9909133,-3345|-4935,cristal,188.0,636000.0,449582.9029366078,6,5.882352941176471,800.0,16815,0.1487989829969808,,0.7068913568185656,0.29310864318143437
GARAGEM / VAGA RESIDENCIAL,baseline,teste_reservado,167006,2026-09-18,100075297,-3348|-4936,tristeza,10.58,40000.0,51711.67653946253,7,5.762969267226752,200.0,17117,0.0374643698062107,,1.2927919134865633,0.2927919134865633
APARTAMENTO,baseline,teste_reservado,167078,2026-09-18,5877547,-3341|-4931,petropolis,48.32,296000.0,209403.78222089604,12,11.943773433004385,1200.0,96700,0.2,,0.7074452102057299,0.2925547897942701
GARAGEM / VAGA RESIDENCIAL,baseline,teste_reservado,162648,2026-08-21,10343512,-3341|-4933,cidade baixa,10.58,30000.0,38776.50460370403,7,6.668417074518557,200.0,17117,0.0374643698062107,,1.292550153456801,0.2925501534568009
GARAGEM / VAGA RESIDENCIAL,baseline,teste_reservado,164810,2026-09-02,10440569,-3343|-4934,menino deus,74.1,400000.0,516807.5450274105,7,6.83940901459319,200.0,17117,0.0374643698062107,,1.2920188625685263,0.29201886256852627
APARTAMENTO,baseline,teste_reservado,165634,2026-09-09,5805430,-3347|-4933,nonoai,60.65,273000.0,193327.49450255244,25,5.333882785593146,1200.0,96700,0.2,,0.7081593205221701,0.2918406794778299
CASA / RESIDÊNCIA,baseline,teste_reservado,165096,2026-09-03,2106949,-3342|-4931,santana,315.82,1300000.0,920947.569986058,5,5.0,800.0,16815,0.1487989829969808,,0.7084212076815831,0.2915787923184169
GARAGEM / VAGA RESIDENCIAL,baseline,teste_reservado,167292,2026-09-21,5373697,-3339|-4932,moinhos vento,14.18,60000.0,42508.031325282966,7,6.657578916368938,200.0,17117,0.0374643698062107,,0.708467188754716,0.29153281124528396
GARAGEM / VAGA RESIDENCIAL,baseline,teste_reservado,165487,2026-09-08,8491461,-3338|-4927,cristo redentor,12.5,50000.0,35484.677763976586,7,6.749727600549408,200.0,17117,0.0374643698062107,,0.7096935552795317,0.2903064447204683
CASA / RESIDÊNCIA,baseline,teste_reservado,159629,2026-08-04,8027625,-3338|-4925,jardim itu,303.0,750000.0,967712.411777862,5,5.0,800.0,16815,0.1487989829969808,,1.290283215703816,0.290283215703816
SALA COMERCIAL,baseline,teste_reservado,160536,2026-08-10,100102699,-3341|-4929,petropolis,53.61,392861.64,506826.4804084542,16,15.661334322564802,900.0,7886,0.2,,1.2900890003117997,0.29008900031179974
APARTAMENTO,baseline,teste_reservado,160930,2026-08-12,1045490,-3340|-4934,centro historic,81.0,380000.0,269774.62720638764,12,11.738000589461102,1200.0,96700,0.2,,0.7099332294904938,0.29006677050950624
COBERTURA,baseline,teste_reservado,163360,2026-08-24,8148929,-3341|-4930,petropolis,219.15,780000.0,1005685.3817964784,12,11.928237775423009,900.0,1688,0.2,,1.2893402330724082,0.2893402330724082
GARAGEM / VAGA RESIDENCIAL,baseline,teste_reservado,164101,2026-08-31,9861211,-3340|-4930,bela vista,10.58,70000.0,49753.278484232,7,6.884555563188677,200.0,17117,0.0374643698062107,,0.7107611212033144,0.28923887879668564
APARTAMENTO,baseline,teste_reservado,164143,2026-08-31,8338043,-3346|-4932,teresopolis,72.02,300000.0,213265.5183046269,25,8.853768276662935,1200.0,96700,0.2,,0.7108850610154229,0.2891149389845771
APARTAMENTO,baseline,teste_reservado,164704,2026-09-02,100020682,-3340|-4923,mario quintana,53.93,123904.77,159717.80678590914,17,11.713708205294008,1200.0,96700,0.2,,1.2890367883811829,0.28903678838118285
SALA COMERCIAL,baseline,teste_reservado,164876,2026-09-01,80322,-3340|-4934,centro historic,64.17,125000.0,161124.62332093756,20,12.047743460667023,900.0,7886,0.2,,1.2889969865675006,0.2889969865675006
CASA / RESIDÊNCIA,baseline,teste_reservado,160861,2026-08-11,1325922,-3341|-4930,petropolis,208.78,722420.0,930204.5883296584,5,5.0,800.0,16815,0.1487989829969808,,1.287622973242239,0.28762297324223907
GARAGEM / VAGA RESIDENCIAL,baseline,teste_reservado,165836,2026-09-08,11628251,-3348|-4936,tristeza,78.15,283285.0,364483.40835971216,7,5.798198939317392,200.0,17117,0.0374643698062107,,1.286631513704263,0.286631513704263
CASA / RESIDÊNCIA,baseline,teste_reservado,166978,2026-09-15,963208,-3340|-4932,bom fim,177.0,1180000.0,842131.5903321275,5,5.0,800.0,16815,0.1487989829969808,,0.7136708392645148,0.2863291607354852
GARAGEM / VAGA RESIDENCIAL,baseline,teste_reservado,159986,2026-08-05,100044127,-3342|-4928,jardim do salso,23.31,50000.0,64305.29347599214,7,5.718731993924139,200.0,17117,0.0374643698062107,,1.2861058695198428,0.28610586951984285
GARAGEM / VAGA NÃO RESIDENCIAL,baseline,teste_reservado,160848,2026-08-11,100059208,-3342|-4933,menino deus,10.58,30000.0,38571.42857142858,7,6.999999999999997,150.0,2612,0.2,,1.285714285714286,0.28571428571428603
GARAGEM / VAGA NÃO RESIDENCIAL,baseline,teste_reservado,165920,2026-09-10,10667776,-3340|-4932,rio branco,10.58,20000.0,25714.28571428572,7,6.999999999999997,150.0,2612,0.2,,1.285714285714286,0.28571428571428603
GARAGEM / VAGA RESIDENCIAL,baseline,teste_reservado,165385,2026-09-08,8937036,-3338|-4930,auxiliadora,12.0,50000.0,35754.284971171444,7,6.879733008552507,200.0,17117,0.0374643698062107,,0.7150856994234289,0.2849143005765711
APARTAMENTO,baseline,teste_reservado,165758,2026-09-10,5566452,-3343|-4932,santo antonio,27.8,130000.0,92965.02096964528,25,3.694675221259072,1200.0,96700,0.2,,0.7151155459203483,0.2848844540796517
CASA / RESIDÊNCIA,baseline,teste_reservado,166411,2026-09-11,1654098,-3348|-4936,vila assuncao,259.0,1450000.0,1037336.3228248684,5,5.0,800.0,16815,0.1487989829969808,,0.7154043605688747,0.2845956394311253
APARTAMENTO,baseline,teste_reservado,165455,2026-09-08,6533744,-3337|-4926,jardim lindoia,41.47,150000.0,192670.19226935407,12,11.383602254334043,1200.0,96700,0.2,,1.2844679484623605,0.28446794846236045
APARTAMENTO,baseline,teste_reservado,164817,2026-09-02,100082125,-3339|-4925,jardim itu,72.33,261151.55,335433.21593547205,12,11.160654928959644,1200.0,96700,0.2,,1.2844389242011853,0.28443892420118533
SALA COMERCIAL,baseline,teste_reservado,162354,2026-08-19,8891516,-3338|-4927,cristo redentor,37.02,94000.0,120710.3745459214,20,13.35315459411492,900.0,7886,0.2,,1.2841529207012914,0.2841529207012914
GARAGEM / VAGA RESIDENCIAL,baseline,teste_reservado,165513,2026-09-08,100062800,-3338|-4928,passo da areia,10.58,50000.0,35858.19482369985,7,6.935593509923582,200.0,17117,0.0374643698062107,,0.717163896473997,0.28283610352600297
SALA COMERCIAL,baseline,teste_reservado,163573,2026-08-26,9379487,-3340|-4932,bom fim,30.48,188000.0,135166.43210918183,19,15.01035034413928,900.0,7886,0.2,,0.7189703835594778,0.28102961644052216
LOJA,baseline,teste_reservado,160692,2026-08-10,11229012,-3346|-4933,nonoai,87.26,260000.0,333045.8866788837,12,11.994619896581158,700.0,1774,0.2,,1.2809457179957064,0.28094571799570645
GARAGEM / VAGA NÃO RESIDENCIAL,baseline,teste_reservado,161552,2026-08-14,10175709,-3340|-4934,centro historic,12.71,25000.0,31941.46916821642,7,6.599873717274822,150.0,2612,0.2,,1.2776587667286567,0.27765876672865675
GARAGEM / VAGA RESIDENCIAL,baseline,teste_reservado,166345,2026-09-14,8204160,-3342|-4932,santana,20.37,58000.0,41955.834723240914,7,6.970083552403901,200.0,17117,0.0374643698062107,,0.723376460745533,0.27662353925446703
SALA COMERCIAL,baseline,teste_reservado,162879,2026-08-21,3562719,-3340|-4934,centro historic,21.0,75000.0,54260.08748605509,20,6.000249762624115,900.0,7886,0.2,,0.7234678331474012,0.27653216685259885
APARTAMENTO,baseline,teste_reservado,167461,2026-09-22,100073639,-3347|-4935,cristal,51.2,380000.0,275041.84110684675,15,11.15716415357605,1200.0,96700,0.2,,0.7237943187022283,0.2762056812977717
SALA COMERCIAL,baseline,teste_reservado,160520,2026-08-10,2126419,-3340|-4934,centro historic,23.76,55000.0,70106.5364684505,17,15.03404410866848,900.0,7886,0.2,,1.2746642994263728,0.2746642994263728
SALA COMERCIAL,baseline,teste_reservado,164916,2026-09-03,2124599,-3340|-4934,centro historic,23.76,55000.0,70106.5364684505,17,15.03404410866848,900.0,7886,0.2,,1.2746642994263728,0.2746642994263728
SALA COMERCIAL,baseline,teste_reservado,160777,2026-08-11,6734472,-3340|-4934,centro historic,21.75,43000.0,54742.21295182332,17,15.570499965705965,900.0,7886,0.2,,1.2730747198098447,0.27307471980984466
GARAGEM / VAGA RESIDENCIAL,baseline,teste_reservado,161566,2026-08-14,9938001,-3339|-4931,auxiliadora,21.16,50000.0,63644.00816545104,7,6.5786799759117605,200.0,17117,0.0374643698062107,,1.2728801633090208,0.27288016330902076
APARTAMENTO,baseline,teste_reservado,161175,2026-08-12,100063173,-3342|-4931,partenon,79.58,379000.0,482014.2706342077,12,11.318364038124445,1200.0,96700,0.2,,1.271805463414796,0.27180546341479594
GARAGEM / VAGA RESIDENCIAL,baseline,teste_reservado,163860,2026-08-28,10564047,-3338|-4927,passo da areia,10.58,51000.0,37142.857142857145,7,6.999999999999997,200.0,17117,0.0374643698062107,,0.7282913165266107,0.2717086834733893
SALA COMERCIAL,baseline,teste_reservado,166045,2026-09-10,10209638,-3339|-4931,moinhos vento,37.87,148000.0,188171.32563523413,20,10.851069341751558,900.0,7886,0.2,,1.271427875913744,0.27142787591374407
GARAGEM / VAGA NÃO RESIDENCIAL,baseline,teste_reservado,163260,2026-08-25,8537429,-3339|-4932,independencia,12.0,25000.0,18215.08246965406,7,5.824810348803127,150.0,2612,0.2,,0.7286032987861624,0.27139670121383763
APARTAMENTO,baseline,teste_reservado,163388,2026-08-25,5192307,-3340|-4933,centro historic,43.07,178000.0,226013.23905386665,15,11.386425461885898,1200.0,96700,0.2,,1.2697372980554307,0.2697372980554307
SALA COMERCIAL,baseline,teste_reservado,166741,2026-09-16,10528652,-3340|-4927,chacara pedras,77.7,825000.0,602550.7890688018,18,15.476502601931616,900.0,7886,0.2,,0.7303645928106688,0.2696354071893312
CASA / RESIDÊNCIA,baseline,teste_reservado,162349,2026-08-19,10179011,-3335|-4924,sarandi,89.0,180000.0,228528.1047670026,5,5.0,800.0,16815,0.1487989829969808,,1.2696005820389034,0.26960058203890336
APARTAMENTO,baseline,teste_reservado,163375,2026-08-25,100010251,-3339|-4931,moinhos vento,98.63,1130000.0,825640.718558045,12,11.992824024189112,1200.0,96700,0.2,,0.7306555031487124,0.2693444968512876
GARAGEM / VAGA RESIDENCIAL,baseline,teste_reservado,165399,2026-09-08,100089112,-3342|-4934,praia de belas,10.58,40989.51,52020.33168694595,7,6.910030087683208,200.0,17117,0.0374643698062107,,1.2691132850074556,0.26911328500745557
APARTAMENTO,baseline,teste_reservado,167181,2026-09-21,11582642,-3343|-4931,santo antonio,65.29,400000.0,292376.0827826578,25,9.021076463170724,1200.0,96700,0.2,,0.7309402069566445,0.2690597930433555
GARAGEM / VAGA RESIDENCIAL,baseline,teste_reservado,166735,2026-09-16,11436085,-3338|-4928,passo da areia,10.58,54600.0,40000.0,10,5.0,200.0,17117,0.0374643698062107,,0.7326007326007326,0.26739926739926745
GARAGEM / VAGA RESIDENCIAL,baseline,teste_reservado,165692,2026-09-09,9320032,-3345|-4931,gloria,67.9,180000.0,228116.62594504489,11,5.038312224015134,200.0,17117,0.0374643698062107,,1.2673145885835826,0.2673145885835826
GARAGEM / VAGA RESIDENCIAL,baseline,teste_reservado,167145,2026-09-21,11159944,-3341|-4930,petropolis,21.16,82000.0,60083.7610250766,7,6.55188481687692,200.0,17117,0.0374643698062107,,0.732728792988739,0.26727120701126095
GARAGEM / VAGA RESIDENCIAL,baseline,teste_reservado,165751,2026-09-10,10421394,-3340|-4930,bela vista,25.08,70000.0,88705.45561307312,7,5.002137585386035,200.0,17117,0.0374643698062107,,1.2672207944724732,0.26722079447247316
GARAGEM / VAGA RESIDENCIAL,baseline,teste_reservado,160994,2026-08-12,3352587,-3340|-4934,centro historic,10.84,50000.0,36667.42453714412,7,6.951726382943423,200.0,17117,0.0374643698062107,,0.7333484907428824,0.26665150925711756
APARTAMENTO,baseline,teste_reservado,166204,2026-09-11,8495106,-3347|-4934,cavalhada,61.98,150000.0,189994.47571911995,12,11.329312261333234,1200.0,96700,0.2,,1.2666298381274663,0.2666298381274663
APARTAMENTO,baseline,teste_reservado,167071,2026-09-18,9695486,-3340|-4930,mont serrat,167.01,1440000.0,1823585.110189953,12,11.98979961922109,1200.0,96700,0.2,,1.2663785487430228,0.2663785487430228
GARAGEM / VAGA NÃO RESIDENCIAL,baseline,teste_reservado,165922,2026-09-10,10667822,-3340|-4932,rio branco,10.58,35000.0,25714.28571428572,7,6.999999999999997,150.0,2612,0.2,,0.7346938775510206,0.26530612244897944
APARTAMENTO,baseline,teste_reservado,166243,2026-09-14,10143521,-3340|-4929,petropolis,78.55,490000.0,619894.9235128143,12,11.99421015589132,1200.0,96700,0.2,,1.2650916806383965,0.2650916806383965
SALA COMERCIAL,baseline,teste_reservado,161926,2026-08-17,100035017,-3339|-4929,boa vista,38.79,550000.0,404216.44600208657,17,15.31732092598015,900.0,7886,0.2,,0.7349389927310664,0.26506100726893356
SALA COMERCIAL,baseline,teste_reservado,160032,2026-08-05,7042914,-3338|-4930,higienopolis,38.06,120000.0,151757.99289726256,18,15.867340737898203,900.0,7886,0.2,,1.2646499408105214,0.2646499408105214
CASA / RESIDÊNCIA,baseline,teste_reservado,162757,2026-08-21,45721,-3340|-4926,vila jardim,120.0,320000.0,404179.2293603439,5,5.0,800.0,16815,0.1487989829969808,,1.2630600917510746,0.2630600917510746
APARTAMENTO,baseline,teste_reservado,159864,2026-08-05,6501028,-3349|-4936,tristeza,64.7,313000.0,230705.6614463668,16,11.616207948517244,1200.0,96700,0.2,,0.7370787905634723,0.26292120943652775
APARTAMENTO,baseline,teste_reservado,159870,2026-08-05,5915252,-3336|-4921,rubem berta,66.12,197554.0,145774.69217919273,13,11.485047923980632,1200.0,96700,0.2,,0.7378979528594345,0.2621020471405655
GARAGEM / VAGA RESIDENCIAL,baseline,teste_reservado,164482,2026-09-02,100110703,-3349|-4936,tristeza,21.16,60000.0,44297.29705187341,30,3.69434961472299,200.0,17117,0.0374643698062107,,0.7382882841978902,0.26171171580210983
GARAGEM / VAGA RESIDENCIAL,baseline,teste_reservado,162607,2026-08-20,8188416,-3338|-4930,higienopolis,18.24,40000.0,50466.5019366289,7,6.993882962578805,200.0,17117,0.0374643698062107,,1.2616625484157225,0.26166254841572245
APARTAMENTO,baseline,teste_reservado,166682,2026-09-16,6510167,-3343|-4932,santo antonio,63.13,270000.0,199414.5793618591,25,8.110251600011365,1200.0,96700,0.2,,0.7385725161550337,0.2614274838449663
SALA COMERCIAL,baseline,teste_reservado,159733,2026-08-04,2683075,-3339|-4933,centro historic,46.76,123000.0,90859.15352794233,16,15.366460875705348,900.0,7886,0.2,,0.7386923051052222,0.2613076948947778
GARAGEM / VAGA RESIDENCIAL,baseline,teste_reservado,161923,2026-08-17,100106118,-3338|-4929,higienopolis,21.16,40000.0,50401.28809669892,7,6.817152511003219,200.0,17117,0.0374643698062107,,1.260032202417473,0.26003220241747305
APARTAMENTO,baseline,teste_reservado,162163,2026-08-19,100051515,-3339|-4925,jardim itu,53.0,225000.0,166524.93105617652,25,4.151040050392118,1200.0,96700,0.2,,0.7401108046941178,0.25988919530588217
CASA / RESIDÊNCIA,baseline,teste_reservado,162700,2026-08-21,100073597,-3350|-4936,setimo ceu,235.31,930000.0,688417.0,6,5.999999999999999,800.0,16815,0.1487989829969808,,0.7402333333333333,0.2597666666666667
APARTAMENTO,baseline,teste_reservado,161741,2026-08-13,10032800,-3347|-4936,cristal,101.27,1050000.0,777607.0520655451,12,11.23961204321021,1200.0,96700,0.2,,0.7405781448243287,0.2594218551756713
APARTAMENTO,baseline,teste_reservado,161246,2026-08-13,8688605,-3341|-4930,petropolis,79.42,510000.0,378011.728424697,12,11.91500819961142,1200.0,96700,0.2,,0.7411994674994059,0.2588005325005941
SALA COMERCIAL,baseline,teste_reservado,160183,2026-08-05,5366348,-3341|-4932,farroupilha,35.08,170000.0,126055.50009081836,18,15.25217526412833,900.0,7886,0.2,,0.7415029417106962,0.2584970582893038
SALA COMERCIAL,baseline,teste_reservado,160474,2026-08-07,100028181,-3343|-4933,menino deus,49.85,249000.0,313273.2942142624,20,10.470487382807349,900.0,7886,0.2,,1.258125679575351,0.25812567957535104
SALA COMERCIAL,baseline,teste_reservado,162325,2026-08-19,1019503,-3339|-4934,centro historic,84.92,300000.0,222673.1448352436,17,15.152758993178418,900.0,7886,0.2,,0.7422438161174787,0.2577561838825213
APARTAMENTO,baseline,teste_reservado,165042,2026-09-04,100028925,-3339|-4928,passo da areia,104.85,850000.0,1068303.6604121637,12,11.9941530347866,1200.0,96700,0.2,,1.2568278357790161,0.25682783577901613
CASA / RESIDÊNCIA,baseline,teste_reservado,167252,2026-09-21,2233479,-3338|-4926,vila ipiranga,117.0,380000.0,477531.4483106069,5,5.0,800.0,16815,0.1487989829969808,,1.2566617060805445,0.2566617060805445
APARTAMENTO,baseline,teste_reservado,164048,2026-08-28,100120870,-3335|-4923,sta rosa lima,40.26,175776.03,130736.7453617563,12,11.999693949438234,1200.0,96700,0.2,,0.7437689050193949,0.25623109498060515
TERRENO,baseline,teste_reservado,162430,2026-08-18,10110216,-3354|-4933,guaruja,358.0,280000.0,351601.1463628716,12,11.933164552951428,200.0,97,0.0,,1.2557183798673985,0.25571837986739854
SALA COMERCIAL,baseline,teste_reservado,160774,2026-08-11,92207,-3340|-4933,centro historic,18.45,40000.0,50212.652879356574,19,15.434899574548984,900.0,7886,0.2,,1.2553163219839143,0.2553163219839143
GARAGEM / VAGA RESIDENCIAL,baseline,teste_reservado,163082,2026-08-24,8957320,-3339|-4929,mont serrat,28.01,50000.0,62707.32609106324,7,5.074275519826124,200.0,17117,0.0374643698062107,,1.2541465218212648,0.25414652182126485
CASA / RESIDÊNCIA,baseline,teste_reservado,163040,2026-08-14,773077,-3337|-4927,jardim floresta,140.0,350000.0,438822.6392991422,5,5.0,800.0,16815,0.1487989829969808,,1.2537789694261205,0.25377896942612055
APARTAMENTO,baseline,teste_reservado,165819,2026-09-09,10370439,-3338|-4927,passo da areia,108.29,850000.0,634453.791399653,13,11.673711830225072,1200.0,96700,0.2,,0.7464162251760623,0.2535837748239377
APARTAMENTO,baseline,teste_reservado,166440,2026-09-15,6169988,-3347|-4936,tristeza,41.74,200000.0,149292.5247695561,12,11.996400865814376,1200.0,96700,0.2,,0.7464626238477805,0.2535373761522195
SALA COMERCIAL,baseline,teste_reservado,165499,2026-09-08,100116505,-3341|-4932,santana,32.23,287800.0,360579.9859589629,20,9.81064040408713,900.0,7886,0.2,,1.2528838983980641,0.25288389839806413
SALA COMERCIAL,baseline,teste_reservado,164917,2026-09-03,2125331,-3340|-4934,centro historic,23.28,50000.0,62630.7950984379,18,15.439421260585824,900.0,7886,0.2,,1.252615901968758,0.25261590196875794
APARTAMENTO,baseline,teste_reservado,163372,2026-08-25,8301301,-3342|-4930,petropolis,253.91,1650000.0,1233378.205148887,12,11.99398936791484,1200.0,96700,0.2,,0.7475019425144769,0.2524980574855231
APARTAMENTO,baseline,teste_reservado,162133,2026-08-18,100021774,-3340|-4926,jardim sabara,56.48,360000.0,269237.92662711645,12,11.999971447379853,1200.0,96700,0.2,,0.7478831295197679,0.2521168704802321
GARAGEM / VAGA RESIDENCIAL,baseline,teste_reservado,167457,2026-09-22,8802971,-3336|-4926,jardim lindoia,146.42,500000.0,626030.1567831689,7,6.007118820376469,200.0,17117,0.0374643698062107,,1.2520603135663377,0.25206031356633773
SALA COMERCIAL,baseline,teste_reservado,165493,2026-09-04,100050317,-3338|-4927,cristo redentor,23.59,95000.0,118852.13454517596,20,6.050671540585593,900.0,7886,0.2,,1.2510751004755363,0.2510751004755363
SALA COMERCIAL,baseline,teste_reservado,164889,2026-09-03,8625573,-3339|-4931,moinhos vento,29.3,260000.0,194737.0659581616,16,15.142747179696569,900.0,7886,0.2,,0.7489887152236985,0.2510112847763015
GARAGEM / VAGA RESIDENCIAL,baseline,teste_reservado,167205,2026-09-21,100099947,-3341|-4929,petropolis,10.58,40000.0,50000.00000000001,7,6.831487689458776,200.0,17117,0.0374643698062107,,1.2500000000000002,0.2500000000000002
APARTAMENTO,baseline,teste_reservado,161215,2026-08-12,6722180,-3342|-4932,santana,42.64,140000.0,174956.32830425698,12,11.980080628037168,1200.0,96700,0.2,,1.2496880593161213,0.24968805931612126
GARAGEM / VAGA RESIDENCIAL,baseline,teste_reservado,161419,2026-08-14,11541423,-3339|-4927,jardim europa,21.16,110000.0,82566.95098467174,7,5.003348646637733,200.0,17117,0.0374643698062107,,0.7506086453151977,0.24939135468480234
SALA COMERCIAL,baseline,teste_reservado,160744,2026-08-08,8640505,-3341|-4929,petropolis,25.27,131073.54,98402.29844440694,20,11.57680558842261,900.0,7886,0.2,,0.7507411369556887,0.24925886304431133
GARAGEM / VAGA RESIDENCIAL,baseline,teste_reservado,167298,2026-09-22,9762639,-3339|-4930,auxiliadora,10.58,35000.0,43706.838212188246,7,6.769141952442218,200.0,17117,0.0374643698062107,,1.2487668060625212,0.24876680606252122
GARAGEM / VAGA RESIDENCIAL,baseline,teste_reservado,160782,2026-08-11,6872158,-3340|-4931,bela vista,288.91,2110000.0,1585233.738874689,7,5.814916373707614,200.0,17117,0.0374643698062107,,0.7512956108410849,0.24870438915891513
GARAGEM / VAGA RESIDENCIAL,baseline,teste_reservado,159386,2026-08-04,5079349,-3342|-4933,menino deus,17.86,60000.0,45104.67589272477,7,6.601946722434123,200.0,17117,0.0374643698062107,,0.7517445982120795,0.2482554017879205
TERRENO,baseline,teste_reservado,166799,2026-09-15,10828427,-3355|-4930,hipica,140.0,250000.0,188152.30331188423,12,11.956292445281033,200.0,97,0.0,,0.7526092132475369,0.24739078675246307
GARAGEM / VAGA RESIDENCIAL,baseline,teste_reservado,163283,2026-08-25,10371230,-3338|-4927,passo da areia,21.16,80000.0,60265.55785124007,7,6.865436372096053,200.0,17117,0.0374643698062107,,0.7533194731405009,0.24668052685949915
GARAGEM / VAGA RESIDENCIAL,baseline,teste_reservado,166394,2026-09-14,11644648,-3338|-4926,vila ipiranga,72.91,490000.0,369135.1041862212,7,6.999999999999997,200.0,17117,0.0374643698062107,,0.7533369473188187,0.24666305268118127
GARAGEM / VAGA RESIDENCIAL,baseline,teste_reservado,164744,2026-09-02,10932283,-3348|-4936,tristeza,22.56,70000.0,52744.49748179216,7,6.380413786517747,200.0,17117,0.0374643698062107,,0.7534928211684594,0.2465071788315406
APARTAMENTO,baseline,teste_reservado,161814,2026-08-14,2074583,-3343|-4934,menino deus,44.61,145000.0,180664.5084291187,12,11.991702442061468,1200.0,96700,0.2,,1.2459621270973702,0.2459621270973702
GARAGEM / VAGA RESIDENCIAL,baseline,teste_reservado,163769,2026-08-28,5252024,-3339|-4930,mont serrat,115.87,800000.0,603616.6054394946,7,5.650554631895856,200.0,17117,0.0374643698062107,,0.7545207567993683,0.24547924320063175
SALA COMERCIAL,baseline,teste_reservado,161724,2026-08-14,8857253,-3339|-4930,auxiliadora,50.66,178734.19,222433.95137596343,16,15.545961251032749,900.0,7886,0.2,,1.244495814572262,0.244495814572262
APARTAMENTO,baseline,teste_reservado,166211,2026-09-11,100106062,-3338|-4929,higienopolis,71.79,640000.0,483647.242927224,12,11.998883136467274,1200.0,96700,0.2,,0.7556988170737875,0.2443011829262125
LOJA,baseline,teste_reservado,167146,2026-09-18,2551381,-3338|-4924,passo pedras,25.34,120000.0,149222.6100834398,12,11.986262687456636,700.0,1774,0.2,,1.2435217506953316,0.24352175069533155
APARTAMENTO,baseline,teste_reservado,159686,2026-08-05,6206174,-3341|-4933,cidade baixa,45.24,277000.0,209896.2433803823,21,11.1462898004426,1200.0,96700,0.2,,0.7577481710483116,0.2422518289516884
COBERTURA,baseline,teste_reservado,165581,2026-09-09,6044271,-3343|-4928,vila sao jose,115.58,280000.0,347605.6943835232,13,11.361891446032558,900.0,1688,0.2,,1.2414489085125828,0.24144890851258283
LOJA,baseline,teste_reservado,162922,2026-08-21,2017121,-3342|-4931,santo antonio,80.08,224250.0,278300.3989425689,13,11.599676456560063,700.0,1774,0.2,,1.241027420033752,0.2410274200337521
GARAGEM / VAGA RESIDENCIAL,baseline,teste_reservado,159392,2026-08-03,100067247,-3340|-4931,rio branco,10.58,50000.0,37962.165326720446,7,6.814626194337466,200.0,17117,0.0374643698062107,,0.7592433065344089,0.24075669346559114
GARAGEM / VAGA RESIDENCIAL,baseline,teste_reservado,159393,2026-08-03,100067248,-3340|-4931,rio branco,10.58,50000.0,37962.165326720446,7,6.814626194337466,200.0,17117,0.0374643698062107,,0.7592433065344089,0.24075669346559114
SALA COMERCIAL,baseline,teste_reservado,162914,2026-08-24,1409913,-3340|-4934,centro historic,21.82,54000.0,66976.50983539819,20,14.612132554293543,900.0,7886,0.2,,1.240305737692559,0.24030573769255903
CASA / RESIDÊNCIA,baseline,teste_reservado,162912,2026-08-24,100115241,-3355|-4926,restinga,109.52,250000.0,190513.07976433332,5,5.0,800.0,16815,0.1487989829969808,,0.7620523190573333,0.23794768094266672
GARAGEM / VAGA RESIDENCIAL,baseline,teste_reservado,159853,2026-08-05,100034683,-3342|-4933,menino deus,141.48,1660000.0,1265024.7413496675,7,5.372655299563386,200.0,17117,0.0374643698062107,,0.7620630971985949,0.23793690280140511
APARTAMENTO,baseline,teste_reservado,164035,2026-08-31,6389376,-3349|-4933,vila nova,52.23,190000.0,144804.20810870192,25,5.532987452690624,1200.0,96700,0.2,,0.7621274110984312,0.23787258890156882
GARAGEM / VAGA RESIDENCIAL,baseline,teste_reservado,163601,2026-08-27,6329497,-3347|-4935,cristal,74.66,369000.0,281305.8092495273,7,5.840034150014465,200.0,17117,0.0374643698062107,,0.7623463665298843,0.2376536334701157
SALA COMERCIAL,baseline,teste_reservado,160745,2026-08-08,8640513,-3341|-4929,petropolis,30.25,156926.46,119795.4400269725,20,10.538017238412726,900.0,7886,0.2,,0.7633858561964152,0.2366141438035848
CASA / RESIDÊNCIA,baseline,teste_reservado,162502,2026-08-20,100062048,-3339|-4926,vila ipiranga,162.92,650000.0,496429.3436312539,5,5.0,800.0,16815,0.1487989829969808,,0.7637374517403906,0.23626254825960935
APARTAMENTO,baseline,teste_reservado,164734,2026-09-03,8036217,-3342|-4930,jardim botanico,41.08,256000.0,195571.37350572436,12,11.799592653679476,1200.0,96700,0.2,,0.7639506777567358,0.23604932224326425
CASA / RESIDÊNCIA,baseline,teste_reservado,162448,2026-08-19,1587021,-3338|-4922,parque sta fe,156.0,480000.0,366814.4893369982,5,5.0,800.0,16815,0.1487989829969808,,0.7641968527854129,0.23580314721458706
GARAGEM / VAGA RESIDENCIAL,baseline,teste_reservado,161224,2026-08-13,100099768,-3341|-4929,petropolis,21.16,40000.0,49429.99704680037,7,6.816861400390314,200.0,17117,0.0374643698062107,,1.2357499261700091,0.23574992617000912
COBERTURA,baseline,teste_reservado,166518,2026-09-15,5644445,-3338|-4930,higienopolis,155.83,850000.0,650709.8437174745,13,11.756763975013492,900.0,1688,0.2,,0.7655409926087935,0.2344590073912065
APARTAMENTO,baseline,teste_reservado,167449,2026-09-18,5820057,-3339|-4931,moinhos vento,77.83,690000.0,528737.7399920963,12,11.992851985899804,1200.0,96700,0.2,,0.7662865796986903,0.2337134203013097
GARAGEM / VAGA NÃO RESIDENCIAL,baseline,teste_reservado,165921,2026-09-10,10667792,-3340|-4932,rio branco,10.58,20854.0,25714.28571428572,7,6.999999999999997,150.0,2612,0.2,,1.2330625162695752,0.2330625162695752
APARTAMENTO,baseline,teste_reservado,163495,2026-08-25,2587289,-3345|-4935,cristal,63.79,240000.0,184093.77059304508,12,11.007076018405767,1200.0,96700,0.2,,0.7670573774710211,0.2329426225289789
CASA / RESIDÊNCIA,baseline,teste_reservado,165622,2026-09-09,1127624,-3342|-4932,santana,97.0,500000.0,383776.2213145178,5,5.0,800.0,16815,0.1487989829969808,,0.7675524426290355,0.23244755737096445
COBERTURA,baseline,teste_reservado,166517,2026-09-15,8079242,-3343|-4932,santo antonio,195.83,830000.0,637228.2858829177,12,11.928052510015291,900.0,1688,0.2,,0.7677449227505032,0.2322550772494968
APARTAMENTO,baseline,teste_reservado,162540,2026-08-20,11232269,-3338|-4922,rubem berta,37.58,150000.0,115403.4835130698,25,4.11770034378452,1200.0,96700,0.2,,0.7693565567537987,0.23064344324620134
APARTAMENTO,baseline,teste_reservado,161452,2026-08-14,5823269,-3340|-4935,centro historic,41.76,159900.0,196560.5827991104,14,11.714785466059327,1200.0,96700,0.2,,1.2292719374553496,0.22927193745534957
APARTAMENTO,baseline,teste_reservado,159771,2026-08-05,1810898,-3340|-4935,centro historic,81.41,320000.0,246935.83674400244,25,9.184017536419915,1200.0,96700,0.2,,0.7716744898250076,0.22832551017499236
GARAGEM / VAGA RESIDENCIAL,baseline,teste_reservado,161160,2026-08-12,9051856,-3343|-4930,partenon,14.0,60000.0,46346.09480418042,7,6.968261762855078,200.0,17117,0.0374643698062107,,0.7724349134030071,0.22756508659699293
APARTAMENTO,baseline,teste_reservado,164405,2026-09-01,5548098,-3339|-4922,jar leopoldina,37.41,130000.0,100442.74453731552,12,11.99999982705114,1200.0,96700,0.2,,0.7726364964408886,0.2273635035591114
GARAGEM / VAGA RESIDENCIAL,baseline,teste_reservado,165038,2026-09-04,9614532,-3340|-4930,bela vista,10.58,45000.0,55208.83499921752,7,6.55114724756113,200.0,17117,0.0374643698062107,,1.2268629999826115,0.2268629999826115
APARTAMENTO,baseline,teste_reservado,167172,2026-09-18,6354971,-3338|-4923,jar leopoldina,41.0,139000.0,107519.89151326368,25,6.987844532586273,1200.0,96700,0.2,,0.7735243993759977,0.2264756006240023
APARTAMENTO,baseline,teste_reservado,163935,2026-08-28,5720001,-3341|-4926,jardim sabara,49.43,215000.0,166345.22785924785,25,9.077523206900295,1200.0,96700,0.2,,0.7736987342290598,0.22630126577094023
COBERTURA,baseline,teste_reservado,162977,2026-08-24,8301298,-3338|-4927,cristo redentor,108.28,341400.0,418370.10484450567,12,11.944487258318318,900.0,1688,0.2,,1.2254543199897647,0.22545431998976473
SALA COMERCIAL,baseline,teste_reservado,162113,2026-08-18,2848880,-3339|-4933,centro historic,26.48,61000.0,74707.02738907341,16,15.908491134379917,900.0,7886,0.2,,1.2247053670339902,0.22470536703399024
GARAGEM / VAGA RESIDENCIAL,baseline,teste_reservado,165983,2026-09-10,5823781,-3340|-4933,cidade baixa,130.11,650000.0,504196.6609983654,7,6.929004624090513,200.0,17117,0.0374643698062107,,0.775687170766716,0.224312829233284
GARAGEM / VAGA RESIDENCIAL,baseline,teste_reservado,161735,2026-08-17,8823790,-3340|-4929,petropolis,177.04,1050000.0,1285359.8198197945,7,6.838422739508356,200.0,17117,0.0374643698062107,,1.2241522093521853,0.22415220935218527
APARTAMENTO,baseline,teste_reservado,166256,2026-09-14,6065422,-3342|-4931,santana,23.5,146000.0,113335.3989974803,12,11.996818430672544,1200.0,96700,0.2,,0.7762698561471253,0.2237301438528747
APARTAMENTO,baseline,teste_reservado,160556,2026-08-10,8495351,-3347|-4934,cavalhada,62.04,245000.0,190262.91455167808,12,11.363906959845623,1200.0,96700,0.2,,0.7765833247007269,0.22341667529927312
COBERTURA,baseline,teste_reservado,160554,2026-08-10,2010933,-3338|-4928,jar sao pedro,57.8,270000.0,209706.90179080795,12,11.994139756605652,900.0,1688,0.2,,0.7766922288548442,0.22330777114515576
APARTAMENTO,baseline,teste_reservado,162246,2026-08-19,1364340,-3341|-4933,cidade baixa,22.7,140000.0,108791.55027025464,12,11.576142473483534,1200.0,96700,0.2,,0.7770825019303903,0.2229174980696097
CASA / RESIDÊNCIA,baseline,teste_reservado,166236,2026-09-11,1357239,-3341|-4932,santana,272.27,750000.0,917081.5793051271,5,5.0,800.0,16815,0.1487989829969808,,1.2227754390735028,0.22277543907350283
SALA COMERCIAL,baseline,teste_reservado,159347,2026-08-03,9007687,-3340|-4932,bom fim,38.21,182000.0,141965.08959404312,19,15.21273883425151,900.0,7886,0.2,,0.7800279648024347,0.21997203519756525
CASA / RESIDÊNCIA,baseline,teste_reservado,163155,2026-08-25,608483,-3340|-4931,rio branco,111.0,406236.0,495334.6477124056,5,5.0,800.0,16815,0.1487989829969808,,1.2193273065715633,0.2193273065715633
GARAGEM / VAGA RESIDENCIAL,baseline,teste_reservado,159645,2026-08-05,10934995,-3340|-4931,bela vista,10.58,50000.0,39041.72762555274,7,6.436394594641457,200.0,17117,0.0374643698062107,,0.7808345525110548,0.21916544748894518
APARTAMENTO,baseline,teste_reservado,161180,2026-08-13,100074247,-3335|-4924,sarandi,47.73,190000.0,148412.332140256,25,9.025417748081331,1200.0,96700,0.2,,0.7811175375802948,0.21888246241970521
CASA / RESIDÊNCIA,baseline,teste_reservado,163509,2026-08-26,11392517,-3352|-4932,ipanema,133.35,280000.0,218713.79284293676,5,5.0,800.0,16815,0.1487989829969808,,0.7811206887247741,0.21887931127522586
GARAGEM / VAGA RESIDENCIAL,baseline,teste_reservado,163716,2026-08-27,10231145,-3340|-4925,jardim itu,78.23,310000.0,377810.1753232426,7,6.996833783890652,200.0,17117,0.0374643698062107,,1.2187425010427182,0.2187425010427182
GARAGEM / VAGA NÃO RESIDENCIAL,baseline,teste_reservado,166179,2026-09-11,9427457,-3339|-4929,boa vista,10.58,35000.0,27352.500000000004,7,6.999999999999997,150.0,2612,0.2,,0.7815000000000001,0.21849999999999992
SALA COMERCIAL,baseline,teste_reservado,161007,2026-08-11,8017123,-3340|-4933,centro historic,87.46,234329.75,183326.2938099593,16,15.70856575620131,900.0,7886,0.2,,0.7823432313223536,0.21765676867764638
GARAGEM / VAGA NÃO RESIDENCIAL,baseline,teste_reservado,163134,2026-08-25,3398951,-3339|-4931,moinhos vento,12.0,50000.0,39118.140690883294,7,5.594747297391271,150.0,2612,0.2,,0.7823628138176659,0.21763718618233407
COBERTURA,baseline,teste_reservado,164934,2026-09-02,8538719,-3348|-4936,tristeza,133.36,625000.0,489281.0419276969,14,11.528092976873868,900.0,1688,0.2,,0.782849667084315,0.21715033291568497
TERRENO,baseline,teste_reservado,161141,2026-08-12,5538122,-3355|-4927,restinga,590.0,550000.0,430591.88742351247,12,11.973969621877629,200.0,97,0.0,,0.7828943407700226,0.21710565922997738
SALA COMERCIAL,baseline,teste_reservado,166460,2026-09-15,2126532,-3340|-4934,centro historic,23.76,51500.0,62616.848683597935,17,15.649146236124638,900.0,7886,0.2,,1.2158611394873386,0.21586113948733865
TERRENO,baseline,teste_reservado,162454,2026-08-19,11733292,-3341|-4921,mario quintana,225.0,185000.0,224874.6176546129,12,11.941264806968595,200.0,97,0.0,,1.2155384738087183,0.21553847380871827
APARTAMENTO,baseline,teste_reservado,163962,2026-08-28,1045482,-3340|-4934,centro historic,113.0,285000.0,346372.5283201841,12,11.988799172143572,1200.0,96700,0.2,,1.2153422046322249,0.21534220463222487
CASA / RESIDÊNCIA,baseline,teste_reservado,159426,2026-08-03,1233378,-3354|-4933,guaruja,83.0,400000.0,313881.9178291762,5,5.0,800.0,16815,0.1487989829969808,,0.7847047945729404,0.2152952054270596
APARTAMENTO,baseline,teste_reservado,165495,2026-09-08,5062497,-3348|-4934,camaqua,36.18,150000.0,117822.0586570172,25,5.188299208388006,1200.0,96700,0.2,,0.7854803910467814,0.21451960895321864
CASA / RESIDÊNCIA,baseline,teste_reservado,162300,2026-08-17,9953876,-3337|-4921,parque sta fe,93.71,350000.0,424913.16711841297,5,5.0,800.0,16815,0.1487989829969808,,1.2140376203383227,0.21403762033832274
CASA / RESIDÊNCIA,baseline,teste_reservado,163977,2026-08-28,8790809,-3344|-4928,vila sao jose,42.0,180000.0,141615.35254409662,5,5.0,800.0,16815,0.1487989829969808,,0.7867519585783146,0.2132480414216854
APARTAMENTO,baseline,teste_reservado,162999,2026-08-24,5043719,-3340|-4935,centro historic,51.86,300000.0,236114.8337542197,12,11.111454877542634,1200.0,96700,0.2,,0.787049445847399,0.212950554152601
APARTAMENTO,baseline,teste_reservado,164716,2026-09-02,5061040,-3348|-4934,camaqua,48.41,171945.88,135700.84816899593,25,9.092574189404708,1200.0,96700,0.2,,0.7892067444069956,0.21079325559300444
CASA / RESIDÊNCIA,baseline,teste_reservado,161766,2026-08-14,100054239,-3337|-4923,sarandi,255.01,2100000.0,1658897.2420582804,5,5.0,800.0,16815,0.1487989829969808,,0.7899510676468002,0.21004893235319977
GARAGEM / VAGA RESIDENCIAL,baseline,teste_reservado,161254,2026-08-13,9052135,-3343|-4931,partenon,12.0,40000.0,31600.570118844324,7,6.994597953142704,200.0,17117,0.0374643698062107,,0.790014252971108,0.20998574702889194
APARTAMENTO,baseline,teste_reservado,159716,2026-08-05,100165075,-3335|-4923,sta rosa lima,40.26,157977.88,124881.6790702573,12,11.999991272946154,1200.0,96700,0.2,,0.7905010440085491,0.20949895599145085
APARTAMENTO,baseline,teste_reservado,163703,2026-08-27,5999383,-3347|-4934,cavalhada,31.9,120000.0,94947.32070861434,15,11.68211521555065,1200.0,96700,0.2,,0.7912276725717862,0.20877232742821383
APARTAMENTO,baseline,teste_reservado,160307,2026-08-06,5354560,-3344|-4930,cel ap borges,42.06,100000.0,120773.79985633017,25,10.14104597403289,1200.0,96700,0.2,,1.2077379985633017,0.20773799856330166
SALA COMERCIAL,baseline,teste_reservado,164116,2026-08-27,5247047,-3338|-4927,cristo redentor,15.97,50000.0,60381.197043136366,16,15.053035584773498,900.0,7886,0.2,,1.2076239408627274,0.2076239408627274
GARAGEM / VAGA RESIDENCIAL,baseline,teste_reservado,163002,2026-08-24,2682079,-3339|-4931,moinhos vento,18.86,80000.0,63417.98093901622,7,5.442518432268711,200.0,17117,0.0374643698062107,,0.7927247617377028,0.2072752382622972
GARAGEM / VAGA RESIDENCIAL,baseline,teste_reservado,162998,2026-08-24,2682060,-3339|-4931,moinhos vento,18.86,80000.0,63417.98093901622,7,5.442518432268711,200.0,17117,0.0374643698062107,,0.7927247617377028,0.2072752382622972
GARAGEM / VAGA RESIDENCIAL,baseline,teste_reservado,159484,2026-08-04,10019189,-3339|-4931,moinhos vento,10.81,65000.0,51530.7894281748,7,6.999876868799437,200.0,17117,0.0374643698062107,,0.7927813758180738,0.20721862418192616
SALA COMERCIAL,baseline,teste_reservado,163460,2026-08-26,8504016,-3338|-4931,sao joao,33.29,81000.0,97773.44726349544,20,9.972775943687598,900.0,7886,0.2,,1.2070795958456229,0.20707959584562285
APARTAMENTO,baseline,teste_reservado,166354,2026-09-14,6440223,-3342|-4931,partenon,41.32,240000.0,190482.35612206883,23,11.181911556943115,1200.0,96700,0.2,,0.7936764838419534,0.20632351615804656
APARTAMENTO,baseline,teste_reservado,163713,2026-08-27,6628710,-3338|-4923,jar leopoldina,58.53,140000.0,168812.7392042991,12,11.574603761509389,1200.0,96700,0.2,,1.205805280030708,0.20580528003070797
GARAGEM / VAGA NÃO RESIDENCIAL,baseline,teste_reservado,165778,2026-09-10,100037958,-3342|-4928,jardim do salso,10.58,40000.0,31790.09571428572,7,6.999999999999997,150.0,2612,0.2,,0.7947523928571429,0.20524760714285706
GARAGEM / VAGA NÃO RESIDENCIAL,baseline,teste_reservado,166778,2026-09-16,100037936,-3342|-4928,jardim do salso,10.58,40000.0,31790.09571428572,7,6.999999999999997,150.0,2612,0.2,,0.7947523928571429,0.20524760714285706
APARTAMENTO,baseline,teste_reservado,163064,2026-08-24,2769344,-3341|-4930,petropolis,87.0,410000.0,326069.41453136463,12,11.962532893592572,1200.0,96700,0.2,,0.7952912549545479,0.2047087450454521
SALA COMERCIAL,baseline,teste_reservado,163238,2026-08-25,100051818,-3340|-4932,bom fim,38.88,380000.0,302289.91097011464,20,8.241010761060865,900.0,7886,0.2,,0.795499765710828,0.20450023428917197
APARTAMENTO,baseline,teste_reservado,165990,2026-09-10,5660513,-3338|-4923,costa e silva,46.86,122000.0,97082.86333424212,19,11.159197178952043,1200.0,96700,0.2,,0.7957611748708371,0.20423882512916292
GARAGEM / VAGA RESIDENCIAL,baseline,teste_reservado,166104,2026-09-11,100009890,-3347|-4934,camaqua,10.58,40000.0,31837.61372728918,7,6.968042769324165,200.0,17117,0.0374643698062107,,0.7959403431822295,0.2040596568177705
APARTAMENTO,baseline,teste_reservado,162862,2026-08-21,2736349,-3340|-4929,petropolis,152.71,1100000.0,875801.4970381123,14,11.432132356616158,1200.0,96700,0.2,,0.7961831791255566,0.20381682087444342
CASA / RESIDÊNCIA,baseline,teste_reservado,166581,2026-09-15,10161589,-3339|-4925,jardim itu,98.0,285000.0,342934.2473857819,5,5.0,800.0,16815,0.1487989829969808,,1.2032780610027436,0.2032780610027436
CASA / RESIDÊNCIA,baseline,teste_reservado,167059,2026-09-18,9930302,-3339|-4923,jar leopoldina,83.0,298000.0,237707.84978562413,6,5.882352941176471,800.0,16815,0.1487989829969808,,0.7976773482739065,0.20232265172609354
CASA / RESIDÊNCIA,baseline,teste_reservado,163063,2026-08-24,2188538,-3340|-4925,jardim itu,101.0,585000.0,467054.474044624,5,5.0,800.0,16815,0.1487989829969808,,0.7983837163155966,0.20161628368440343
APARTAMENTO,baseline,teste_reservado,159515,2026-08-04,100130362,-3337|-4925,sao sebastiao,97.02,560000.0,672828.507059561,12,11.925192160397929,1200.0,96700,0.2,,1.2014794768920731,0.20147947689207313
COBERTURA,baseline,teste_reservado,160600,2026-08-08,10387811,-3342|-4930,petropolis,105.24,385000.0,462416.8647190031,12,11.989901403807696,900.0,1688,0.2,,1.201082765503904,0.20108276550390403
GARAGEM / VAGA RESIDENCIAL,baseline,teste_reservado,161521,2026-08-13,11565047,-3341|-4930,petropolis,26.93,50000.0,60019.61130315577,7,6.347741015938718,200.0,17117,0.0374643698062107,,1.2003922260631155,0.20039222606311546
APARTAMENTO,baseline,teste_reservado,165298,2026-09-04,100042234,-3337|-4925,sao sebastiao,51.45,310000.0,247885.3850135205,25,5.290570076125152,1200.0,96700,0.2,,0.7996302742371629,0.20036972576283707
GARAGEM / VAGA NÃO RESIDENCIAL,baseline,teste_reservado,160031,2026-08-05,8340714,-3340|-4929,tres figueiras,12.0,30000.0,23989.829350292574,30,3.6909118053649728,150.0,2612,0.2,,0.7996609783430858,0.2003390216569142
GARAGEM / VAGA RESIDENCIAL,baseline,teste_reservado,165776,2026-09-10,100063475,-3344|-4933,menino deus,10.58,40000.0,31996.875244737133,7,6.640213913588861,200.0,17117,0.0374643698062107,,0.7999218811184283,0.20007811888157168
GARAGEM / VAGA RESIDENCIAL,baseline,teste_reservado,166314,2026-09-14,8138885,-3342|-4931,santana,38.52,140000.0,111994.57460058872,7,6.839935334254164,200.0,17117,0.0374643698062107,,0.7999612471470623,0.2000387528529377
GARAGEM / VAGA RESIDENCIAL,baseline,teste_reservado,163382,2026-08-25,100071646,-3348|-4934,cavalhada,10.58,40000.0,32000.00000928709,7,6.000000013930624,200.0,17117,0.0374643698062107,,0.8000000002321772,0.1999999997678228
GARAGEM / VAGA RESIDENCIAL,baseline,teste_reservado,160580,2026-08-10,10482083,-3339|-4927,passo da areia,10.58,50000.0,40000.00018197632,30,4.000000395366659,200.0,17117,0.0374643698062107,,0.8000000036395264,0.1999999963604736
GARAGEM / VAGA RESIDENCIAL,baseline,teste_reservado,160581,2026-08-10,10482091,-3339|-4927,passo da areia,10.58,50000.0,40000.00018197632,30,4.000000395366659,200.0,17117,0.0374643698062107,,0.8000000036395264,0.1999999963604736
GARAGEM / VAGA RESIDENCIAL,baseline,teste_reservado,164128,2026-08-31,2821036,-3340|-4932,bom fim,17.78,60000.0,48008.38622996749,7,6.929614077822262,200.0,17117,0.0374643698062107,,0.8001397704994582,0.19986022950054183
SALA COMERCIAL,baseline,teste_reservado,164052,2026-08-28,8192626,-3337|-4928,passo da areia,47.0,80000.0,95853.3392642152,16,15.073144947601842,900.0,7886,0.2,,1.1981667408026901,0.19816674080269014
SALA COMERCIAL,baseline,teste_reservado,161047,2026-08-05,7007779,-3348|-4934,cavalhada,45.32,150000.0,120362.66797662462,19,15.25290707944928,900.0,7886,0.2,,0.8024177865108308,0.19758221348916916
GARAGEM / VAGA RESIDENCIAL,baseline,teste_reservado,163851,2026-08-27,6311733,-3342|-4928,jardim do salso,98.01,410000.0,329150.07834050903,7,6.559127300713318,200.0,17117,0.0374643698062107,,0.8028050691231927,0.19719493087680728
SALA COMERCIAL,baseline,teste_reservado,166105,2026-09-11,100131140,-3337|-4925,sao sebastiao,25.6,258503.14,207566.0183138294,20,7.047309998742485,900.0,7886,0.2,,0.8029535668844463,0.1970464331155537
CASA / RESIDÊNCIA,baseline,teste_reservado,165616,2026-09-09,10006826,-3354|-4929,hipica,191.0,401087.0,322199.0300842206,6,5.952380952380952,800.0,16815,0.1487989829969808,,0.8033145678723583,0.19668543212764167
TERRENO,baseline,teste_reservado,163932,2026-08-28,11189517,-3355|-4930,hipica,191.0,250000.0,299114.41460435017,12,11.98179903298345,200.0,97,0.0,,1.1964576584174007,0.1964576584174007
CASA / RESIDÊNCIA,baseline,teste_reservado,161620,2026-08-13,119377,-3342|-4930,petropolis,218.0,888888.0,1063336.1052020027,5,5.0,800.0,16815,0.1487989829969808,,1.1962543146065676,0.19625431460656761
SALA COMERCIAL,baseline,teste_reservado,166719,2026-09-16,6832032,-3339|-4930,mont serrat,97.11,285000.0,340646.58731200086,16,15.79874688550982,900.0,7886,0.2,,1.1952511835508801,0.19525118355088011
SALA COMERCIAL,baseline,teste_reservado,161057,2026-08-11,100058815,-3342|-4933,menino deus,34.48,230000.0,274802.1305182443,17,15.368230397768423,900.0,7886,0.2,,1.1947918718184534,0.19479187181845337
APARTAMENTO,baseline,teste_reservado,166074,2026-09-11,5498457,-3337|-4925,sarandi,59.68,270000.0,217409.39298392905,14,11.402748422432907,1200.0,96700,0.2,,0.805219974014552,0.19478002598544797
COBERTURA,baseline,teste_reservado,164836,2026-09-02,8115168,-3343|-4926,partenon,114.98,265000.0,316608.08080955164,23,11.173272338392891,900.0,1688,0.2,,1.1947474747530251,0.19474747475302512
GARAGEM / VAGA RESIDENCIAL,baseline,teste_reservado,165118,2026-09-04,100033966,-3339|-4930,mont serrat,10.58,50000.0,40262.73825569504,7,6.144128825055258,200.0,17117,0.0374643698062107,,0.8052547651139008,0.19474523488609918
GARAGEM / VAGA RESIDENCIAL,baseline,teste_reservado,165119,2026-09-04,100033967,-3339|-4930,mont serrat,10.58,50000.0,40262.73825569504,7,6.144128825055258,200.0,17117,0.0374643698062107,,0.8052547651139008,0.19474523488609918
SALA COMERCIAL,baseline,teste_reservado,164378,2026-09-01,8577730,-3338|-4930,sao joao,44.04,156250.0,125873.18378921128,20,10.85248708446529,900.0,7886,0.2,,0.8055883762509523,0.19441162374904775
APARTAMENTO,baseline,teste_reservado,165080,2026-09-04,5967945,-3343|-4928,partenon,44.66,117900.0,140820.80863384128,25,3.6971055974032767,1200.0,96700,0.2,,1.194408894264981,0.1944088942649811
APARTAMENTO,baseline,teste_reservado,163330,2026-08-25,3901181,-3339|-4932,floresta,109.08,550000.0,443234.7184934566,25,8.515923227058542,1200.0,96700,0.2,,0.8058813063517393,0.19411869364826073
APARTAMENTO,baseline,teste_reservado,166563,2026-09-15,100129497,-3341|-4924,morro santana,47.63,270000.0,217678.3821844651,25,5.346833000772446,1200.0,96700,0.2,,0.8062162303128337,0.19378376968716626
COBERTURA,baseline,teste_reservado,166099,2026-09-09,7049439,-3340|-4931,rio branco,335.35,1220000.0,1455340.2289293285,12,11.90264283754439,900.0,1688,0.2,,1.1929018269912528,0.1929018269912528
COBERTURA,baseline,teste_reservado,165093,2026-09-03,6743862,-3343|-4934,menino deus,161.84,770000.0,621498.2665527415,12,11.955656177071273,900.0,1688,0.2,,0.8071406059126514,0.19285939408734865
APARTAMENTO,baseline,teste_reservado,160088,2026-08-06,2016877,-3342|-4931,santo antonio,66.26,240000.0,193774.924159316,12,11.159617176113697,1200.0,96700,0.2,,0.8073955173304833,0.19260448266951669
APARTAMENTO,baseline,teste_reservado,159902,2026-08-05,10571043,-3337|-4924,sarandi,66.1,327500.0,264440.77795059705,14,11.153407541870372,1200.0,96700,0.2,,0.8074527571010597,0.19254724289894032
GARAGEM / VAGA RESIDENCIAL,baseline,teste_reservado,162062,2026-08-17,100089425,-3342|-4933,azenha,22.08,50000.0,59626.233918034464,11,5.032108722968832,200.0,17117,0.0374643698062107,,1.1925246783606893,0.19252467836068932
GARAGEM / VAGA RESIDENCIAL,baseline,teste_reservado,164022,2026-08-28,8901988,-3338|-4927,passo da areia,113.24,480000.0,571864.9126658692,7,5.9922511138171295,200.0,17117,0.0374643698062107,,1.191385234720561,0.1913852347205609
APARTAMENTO,baseline,teste_reservado,166974,2026-09-11,5031885,-3341|-4932,santana,138.68,705000.0,570139.9270822271,12,11.25314370789746,1200.0,96700,0.2,,0.8087091164286909,0.19129088357130908
CASA / RESIDÊNCIA,baseline,teste_reservado,165097,2026-09-03,11123613,-3340|-4924,passo pedras,216.85,1150000.0,930162.9144695252,5,5.0,800.0,16815,0.1487989829969808,,0.8088373169300219,0.19116268306997808
CASA / RESIDÊNCIA,baseline,teste_reservado,161556,2026-08-14,10515984,-3354|-4933,guaruja,114.0,280000.0,333482.5219997914,5,5.0,800.0,16815,0.1487989829969808,,1.191009007142112,0.191009007142112
GARAGEM / VAGA RESIDENCIAL,baseline,teste_reservado,164747,2026-09-02,10958738,-3348|-4936,vila assuncao,16.62,30000.0,35701.89478546524,7,6.926633694276494,200.0,17117,0.0374643698062107,,1.190063159515508,0.190063159515508
SALA COMERCIAL,baseline,teste_reservado,163424,2026-08-25,5892732,-3340|-4932,bom fim,57.46,160000.0,190299.9049669784,17,15.658722324339754,900.0,7886,0.2,,1.189374406043615,0.1893744060436151
APARTAMENTO,baseline,teste_reservado,167024,2026-09-18,9203427,-3334|-4930,farrapos,35.54,120000.0,142687.34992235128,12,11.999280306185216,1200.0,96700,0.2,,1.1890612493529273,0.18906124935292734
APARTAMENTO,baseline,teste_reservado,164149,2026-08-31,6509002,-3343|-4932,santo antonio,52.21,195000.0,158242.55439599644,12,11.032452274720695,1200.0,96700,0.2,,0.8115002789538279,0.18849972104617208
CASA / RESIDÊNCIA,baseline,teste_reservado,166469,2026-09-14,5118824,-3337|-4921,rubem berta,79.0,320000.0,259692.4160744916,5,5.0,800.0,16815,0.1487989829969808,,0.8115388002327862,0.18846119976721376
SALA COMERCIAL,baseline,teste_reservado,166895,2026-09-17,100100713,-3340|-4933,centro historic,35.09,301610.93,245105.8391278033,20,10.591249540799444,900.0,7886,0.2,,0.8126556923112943,0.1873443076887057
GARAGEM / VAGA RESIDENCIAL,baseline,teste_reservado,161111,2026-08-12,8515522,-3340|-4930,bela vista,178.45,1450000.0,1178544.1380360802,7,6.930937833786161,200.0,17117,0.0374643698062107,,0.812789060714538,0.18721093928546195
SALA COMERCIAL,baseline,teste_reservado,166422,2026-09-15,1409360,-3340|-4934,centro historic,21.82,55000.0,65253.54419232604,20,10.7762354538798,900.0,7886,0.2,,1.1864280762241097,0.18642807622410973
APARTAMENTO,baseline,teste_reservado,160068,2026-08-05,1788558,-3340|-4932,moinhos vento,76.68,425000.0,345940.5665178644,16,11.88616090057952,1200.0,96700,0.2,,0.8139778035714457,0.18602219642855433
GARAGEM / VAGA RESIDENCIAL,baseline,teste_reservado,163347,2026-08-26,8899452,-3342|-4932,santo antonio,95.57,555000.0,452283.7343369263,7,5.8841542013484265,200.0,17117,0.0374643698062107,,0.8149256474539213,0.18507435254607874
APARTAMENTO,baseline,teste_reservado,163580,2026-08-26,6230210,-3341|-4925,morro santana,59.16,210000.0,171304.22478481845,12,11.892350570684378,1200.0,96700,0.2,,0.8157344037372307,0.18426559626276928
CASA / RESIDÊNCIA,baseline,teste_reservado,165098,2026-09-03,100127486,-3343|-4926,jardim carvalho,249.45,1280000.0,1514839.4665399191,5,5.0,800.0,16815,0.1487989829969808,,1.1834683332343119,0.1834683332343119
CASA / RESIDÊNCIA,baseline,teste_reservado,165471,2026-09-08,2321718,-3340|-4926,jardim sabara,179.3,750000.0,612714.5669543209,5,5.0,800.0,16815,0.1487989829969808,,0.8169527559390946,0.18304724406090545
SALA COMERCIAL,baseline,teste_reservado,166912,2026-09-17,100103396,-3341|-4928,petropolis,36.4,400000.0,326793.3956117505,16,15.868041242873115,900.0,7886,0.2,,0.8169834890293762,0.18301651097062377
SALA COMERCIAL,baseline,teste_reservado,162202,2026-08-18,9315993,-3341|-4930,petropolis,18.9,58000.0,68510.67741485687,20,14.879899239941397,900.0,7886,0.2,,1.181218576118222,0.1812185761182219
SALA COMERCIAL,baseline,teste_reservado,162822,2026-08-21,9315918,-3341|-4930,petropolis,18.9,58000.0,68510.67741485687,20,14.879899239941397,900.0,7886,0.2,,1.181218576118222,0.1812185761182219
SALA COMERCIAL,baseline,teste_reservado,164065,2026-08-31,6434495,-3341|-4928,chacara pedras,24.25,80000.0,65515.29762495518,20,15.220092593540231,900.0,7886,0.2,,0.8189412203119397,0.18105877968806028
APARTAMENTO,baseline,teste_reservado,159398,2026-08-03,690287,-3340|-4934,centro historic,100.0,335000.0,274438.4687328154,12,11.880375538719854,1200.0,96700,0.2,,0.8192193096501953,0.1807806903498047
GARAGEM / VAGA RESIDENCIAL,baseline,teste_reservado,159697,2026-08-05,11348488,-3347|-4934,cavalhada,77.47,400000.0,327693.00015829754,7,5.764970260906573,200.0,17117,0.0374643698062107,,0.8192325003957438,0.1807674996042562
GARAGEM / VAGA RESIDENCIAL,baseline,teste_reservado,163350,2026-08-26,11091029,-3340|-4930,mont serrat,26.97,100000.0,81943.41995163163,7,5.8194872546923415,200.0,17117,0.0374643698062107,,0.8194341995163162,0.18056580048368376
SALA COMERCIAL,baseline,teste_reservado,163396,2026-08-26,2860929,-3340|-4932,bom fim,28.11,100000.0,118034.48451000843,20,8.391237904530067,900.0,7886,0.2,,1.1803448451000844,0.18034484510008442
GARAGEM / VAGA RESIDENCIAL,baseline,teste_reservado,163212,2026-08-25,100030467,-3348|-4935,camaqua,20.7,40000.0,47207.82296812614,7,7.0,200.0,17117,0.0374643698062107,,1.1801955742031534,0.18019557420315335
APARTAMENTO,baseline,teste_reservado,161573,2026-08-13,2851261,-3342|-4932,azenha,53.35,180000.0,212263.7070471279,25,3.693841370147137,1200.0,96700,0.2,,1.1792428169284883,0.1792428169284883
APARTAMENTO,baseline,teste_reservado,165909,2026-09-10,6488951,-3341|-4925,jardim sabara,46.45,195000.0,160121.76144582138,12,11.831717991444732,1200.0,96700,0.2,,0.8211372381836994,0.17886276181630056
GARAGEM / VAGA RESIDENCIAL,baseline,teste_reservado,165666,2026-09-09,10609083,-3338|-4929,sao joao,12.76,50000.0,41121.18453337861,7,5.046561831709624,200.0,17117,0.0374643698062107,,0.8224236906675723,0.17757630933242774
COBERTURA,baseline,teste_reservado,163956,2026-08-28,5036054,-3341|-4933,cidade baixa,55.51,310000.0,255123.3682723698,17,11.51663056880146,900.0,1688,0.2,,0.8229786073302251,0.1770213926697749
APARTAMENTO,baseline,teste_reservado,164293,2026-09-01,5591848,-3340|-4931,rio branco,60.93,330000.0,271583.1484929298,12,11.736274516442482,1200.0,96700,0.2,,0.822979237857363,0.17702076214263696
CASA / RESIDÊNCIA,baseline,teste_reservado,159622,2026-08-04,1353314,-3343|-4929,vl joao pessoa,223.0,670000.0,787908.7677878721,5,5.0,800.0,16815,0.1487989829969808,,1.1759832355042867,0.17598323550428674
APARTAMENTO,baseline,teste_reservado,160353,2026-08-07,100042821,-3342|-4925,morro santana,56.59,300000.0,247383.40707340365,25,7.151187037649765,1200.0,96700,0.2,,0.8246113569113455,0.17538864308865454
SALA COMERCIAL,baseline,teste_reservado,165172,2026-09-04,6988598,-3343|-4928,partenon,37.99,92700.0,108918.3991867437,16,15.995133086704833,900.0,7886,0.2,,1.1749557625322944,0.1749557625322944
APARTAMENTO,baseline,teste_reservado,164270,2026-09-01,8402302,-3342|-4931,partenon,93.33,567000.0,467879.2271298525,12,11.769200050849475,1200.0,96700,0.2,,0.8251838220985053,0.17481617790149473
APARTAMENTO,baseline,teste_reservado,164177,2026-08-28,10013067,-3339|-4932,moinhos vento,306.3,3000000.0,2477120.732593335,12,11.93715605880484,1200.0,96700,0.2,,0.825706910864445,0.17429308913555497
APARTAMENTO,baseline,teste_reservado,162669,2026-08-21,100104477,-3339|-4931,auxiliadora,50.67,650000.0,536784.0656001198,14,11.361223209412952,1200.0,96700,0.2,,0.8258216393847997,0.1741783606152003
APARTAMENTO,baseline,teste_reservado,162178,2026-08-19,7040423,-3341|-4933,azenha,45.61,265000.0,218922.20395203703,16,11.414496850626964,1200.0,96700,0.2,,0.8261215243473096,0.17387847565269043
APARTAMENTO,baseline,teste_reservado,165299,2026-09-08,100051415,-3339|-4925,jardim itu,63.03,260000.0,214840.57202352487,25,3.691952814891601,1200.0,96700,0.2,,0.8263098923981725,0.17369010760182746
APARTAMENTO,baseline,teste_reservado,162185,2026-08-19,5328241,-3343|-4927,partenon,86.74,220000.0,258141.1628090115,25,5.169328398496737,1200.0,96700,0.2,,1.1733689218591432,0.1733689218591432
SALA COMERCIAL,baseline,teste_reservado,161639,2026-08-13,6203086,-3340|-4932,moinhos vento,48.47,184860.0,216882.43062359127,19,15.376174037532664,900.0,7886,0.2,,1.1732253090100144,0.17322530901001443
SALA COMERCIAL,baseline,teste_reservado,162262,2026-08-18,8293678,-3339|-4930,auxiliadora,205.21,1150000.0,951779.5899665751,17,15.586197719691722,900.0,7886,0.2,,0.8276344260578914,0.1723655739421086
CASA / RESIDÊNCIA,baseline,teste_reservado,161471,2026-08-14,8613168,-3335|-4924,sarandi,41.0,139518.44,163515.65416413377,5,5.0,800.0,16815,0.1487989829969808,,1.1720003045055103,0.1720003045055103
APARTAMENTO,baseline,teste_reservado,160079,2026-08-06,2094789,-3341|-4933,santana,131.0,500000.0,415159.7755511377,15,11.059790697404758,1200.0,96700,0.2,,0.8303195511022754,0.1696804488977246
APARTAMENTO,baseline,teste_reservado,165117,2026-09-02,9202765,-3334|-4930,farrapos,34.13,165000.0,137028.1765159656,12,11.999301888634836,1200.0,96700,0.2,,0.8304737970664582,0.16952620293354181
GARAGEM / VAGA RESIDENCIAL,baseline,teste_reservado,160182,2026-08-05,9518355,-3348|-4936,tristeza,21.16,60000.0,49839.33089866868,7,6.743736685211872,200.0,17117,0.0374643698062107,,0.8306555149778114,0.16934448502218857
SALA COMERCIAL,baseline,teste_reservado,160034,2026-08-05,10002367,-3338|-4928,passo da areia,30.29,120000.0,99776.52363619053,17,15.088218970836609,900.0,7886,0.2,,0.8314710303015878,0.16852896969841225
COBERTURA,baseline,teste_reservado,165554,2026-09-08,5824214,-3340|-4933,cidade baixa,106.95,450000.0,374530.7838204708,12,11.405084293335223,900.0,1688,0.2,,0.8322906307121574,0.16770936928784264
GARAGEM / VAGA RESIDENCIAL,baseline,teste_reservado,164788,2026-09-02,8860386,-3342|-4933,menino deus,10.58,50000.0,41650.41634164829,7,5.83264972968905,200.0,17117,0.0374643698062107,,0.8330083268329659,0.16699167316703412
GARAGEM / VAGA RESIDENCIAL,baseline,teste_reservado,166434,2026-09-15,11590262,-3343|-4931,santo antonio,10.58,40000.0,33333.3333171575,7,6.000000014558249,200.0,17117,0.0374643698062107,,0.8333333329289375,0.16666666707106248
APARTAMENTO,baseline,teste_reservado,162507,2026-08-20,11565845,-3339|-4930,mont serrat,105.5,700000.0,816408.8071044498,12,11.985812337258942,1200.0,96700,0.2,,1.1662982958634998,0.16629829586349976
APARTAMENTO,baseline,teste_reservado,163878,2026-08-27,9918361,-3347|-4935,cristal,63.36,250000.0,208447.12250812427,16,11.222334488521074,1200.0,96700,0.2,,0.8337884900324971,0.1662115099675029
APARTAMENTO,baseline,teste_reservado,164534,2026-09-02,6181864,-3341|-4930,petropolis,36.96,214000.0,178463.36784510108,13,11.023162267749784,1200.0,96700,0.2,,0.8339409712387901,0.16605902876120993
COBERTURA,baseline,teste_reservado,166900,2026-09-16,3078205,-3340|-4934,centro historic,193.32,895000.0,746587.5972617771,12,11.968675445969316,900.0,1688,0.2,,0.834176086326008,0.16582391367399196
APARTAMENTO,baseline,teste_reservado,164440,2026-08-31,1733338,-3341|-4930,petropolis,43.04,178500.0,149056.0198461975,13,11.918562743558606,1200.0,96700,0.2,,0.8350477302307984,0.16495226976920163
GARAGEM / VAGA RESIDENCIAL,baseline,teste_reservado,167296,2026-09-21,11076291,-3339|-4927,jardim europa,10.58,50000.0,58201.74736424732,7,6.963707225017268,200.0,17117,0.0374643698062107,,1.1640349472849465,0.1640349472849465
CASA / RESIDÊNCIA,baseline,teste_reservado,160110,2026-08-06,11187514,-3355|-4930,hipica,140.0,607000.0,507884.4186527189,5,5.0,800.0,16815,0.1487989829969808,,0.8367123865777906,0.16328761342220943
COBERTURA,baseline,teste_reservado,161409,2026-08-14,5772346,-3338|-4928,passo da areia,82.48,310000.0,360221.80782792973,12,11.908517073745632,900.0,1688,0.2,,1.162005831702999,0.1620058317029991
APARTAMENTO,baseline,teste_reservado,163529,2026-08-26,6484565,-3341|-4925,jardim sabara,36.1,135000.0,113175.57631957288,25,6.12418077964464,1200.0,96700,0.2,,0.8383376023672066,0.16166239763279344
APARTAMENTO,baseline,teste_reservado,161576,2026-08-14,6905684,-3341|-4932,santa cecilia,75.51,375000.0,314425.1533228657,12,11.933336478180417,1200.0,96700,0.2,,0.8384670755276419,0.16153292447235812
APARTAMENTO,baseline,teste_reservado,165815,2026-09-09,9100180,-3338|-4930,higienopolis,80.94,450000.0,522647.9477431111,12,11.967488529516,1200.0,96700,0.2,,1.1614398838735802,0.16143988387358021
APARTAMENTO,baseline,teste_reservado,161116,2026-08-12,8733236,-3342|-4930,petropolis,123.8,950000.0,796806.6738994541,12,11.8772047336532,1200.0,96700,0.2,,0.8387438672625832,0.1612561327374168
CASA / RESIDÊNCIA,baseline,teste_reservado,160054,2026-08-05,1645609,-3340|-4930,bela vista,316.36,2950000.0,2475503.604341034,5,5.0,800.0,16815,0.1487989829969808,,0.8391537641834013,0.16084623581659874
COBERTURA,baseline,teste_reservado,165458,2026-09-08,8491658,-3338|-4927,cristo redentor,125.19,540000.0,453194.0755718254,12,11.955282804895369,900.0,1688,0.2,,0.839248288095973,0.16075171190402704
GARAGEM / VAGA RESIDENCIAL,baseline,teste_reservado,166154,2026-09-10,10518932,-3343|-4933,menino deus,10.58,40000.0,33571.42857142857,7,6.999999999999997,200.0,17117,0.0374643698062107,,0.8392857142857143,0.1607142857142857
APARTAMENTO,baseline,teste_reservado,164214,2026-08-31,10359,-3339|-4933,centro historic,60.19,220000.0,184800.1504356163,25,8.051125040616613,1200.0,96700,0.2,,0.8400006837982559,0.15999931620174412
GARAGEM / VAGA RESIDENCIAL,baseline,teste_reservado,160585,2026-08-10,5858062,-3343|-4930,partenon,15.0,40000.0,33613.16050983545,7,6.9439106991203765,200.0,17117,0.0374643698062107,,0.8403290127458862,0.15967098725411377
APARTAMENTO,baseline,teste_reservado,163611,2026-08-27,8964297,-3341|-4925,jardim carvalho,77.95,335000.0,388153.5181271835,12,11.968685410792318,1200.0,96700,0.2,,1.1586672182900999,0.1586672182900999
SALA COMERCIAL,baseline,teste_reservado,159467,2026-08-03,6595197,-3339|-4930,auxiliadora,72.7,180000.0,208422.11599592565,20,5.229632027730904,900.0,7886,0.2,,1.1579006444218092,0.15790064442180918
GARAGEM / VAGA RESIDENCIAL,baseline,teste_reservado,166761,2026-09-16,9103074,-3343|-4933,menino deus,12.0,50000.0,42128.00432082096,7,6.999999999999997,200.0,17117,0.0374643698062107,,0.8425600864164192,0.15743991358358078
COBERTURA,baseline,teste_reservado,160238,2026-08-07,10245987,-3340|-4930,bela vista,331.34,2170012.0,1830687.4537076736,12,11.94271558889258,900.0,1688,0.2,,0.8436301060582493,0.15636989394175071
GARAGEM / VAGA RESIDENCIAL,baseline,teste_reservado,163021,2026-08-25,5109914,-3339|-4929,mont serrat,12.0,50000.0,57812.91769170889,7,6.318073625315496,200.0,17117,0.0374643698062107,,1.1562583538341777,0.15625835383417774
APARTAMENTO,baseline,teste_reservado,162216,2026-08-17,2591677,-3339|-4931,moinhos vento,120.96,587500.0,679255.7324393537,25,8.659454728257625,1200.0,96700,0.2,,1.1561799701095383,0.15617997010953832
COBERTURA,baseline,teste_reservado,161482,2026-08-14,8053359,-3338|-4925,jardim itu,156.08,300000.0,346791.2118305253,12,11.445618001468734,900.0,1688,0.2,,1.155970706101751,0.155970706101751
GARAGEM / VAGA RESIDENCIAL,baseline,teste_reservado,165202,2026-09-04,10561544,-3338|-4927,passo da areia,10.58,44000.0,37142.857142857145,7,6.999999999999997,200.0,17117,0.0374643698062107,,0.8441558441558442,0.15584415584415579
APARTAMENTO,baseline,teste_reservado,160688,2026-08-10,8019223,-3342|-4929,jardim botanico,42.1,215000.0,181664.7300542596,12,11.97045570297819,1200.0,96700,0.2,,0.8449522328105097,0.15504776718949032
SALA COMERCIAL,baseline,teste_reservado,166662,2026-09-15,10583254,-3341|-4929,petropolis,39.37,200000.0,230917.0099837519,20,13.23836339359962,900.0,7886,0.2,,1.1545850499187595,0.15458504991875954
CASA / RESIDÊNCIA,baseline,teste_reservado,163577,2026-08-26,1469274,-3341|-4927,chacara pedras,112.0,611000.0,516698.0739392234,5,5.0,800.0,16815,0.1487989829969808,,0.8456596954815441,0.15434030451845593
SALA COMERCIAL,baseline,teste_reservado,160826,2026-08-11,8247358,-3343|-4934,menino deus,38.81,115042.43,132665.40421225334,20,10.807632298122446,900.0,7886,0.2,,1.1531867347747553,0.1531867347747553
CASA / RESIDÊNCIA,baseline,teste_reservado,166664,2026-09-16,850225,-3344|-4933,santa tereza,102.0,200000.0,230601.97286230428,5,5.0,800.0,16815,0.1487989829969808,,1.1530098643115214,0.15300986431152142
GARAGEM / VAGA NÃO RESIDENCIAL,baseline,teste_reservado,167118,2026-09-21,8306052,-3339|-4930,auxiliadora,12.0,35000.0,29668.014049281628,7,5.437189981822559,150.0,2612,0.2,,0.8476575442651894,0.15234245573481064
SALA COMERCIAL,baseline,teste_reservado,163644,2026-08-26,783935,-3339|-4933,centro historic,61.0,100000.0,115212.77097317352,16,15.228320822768088,900.0,7886,0.2,,1.1521277097317353,0.15212770973173528
APARTAMENTO,baseline,teste_reservado,160363,2026-08-07,5919797,-3336|-4921,sta rosa lima,52.55,124011.11,105160.98636232447,25,4.0967508130789305,1200.0,96700,0.2,,0.8479964929136146,0.15200350708638544
APARTAMENTO,baseline,teste_reservado,159399,2026-08-03,5763622,-3344|-4931,partenon,55.76,215000.0,182468.98930051472,19,11.629363040113168,1200.0,96700,0.2,,0.8486929734907661,0.1513070265092339
GARAGEM / VAGA RESIDENCIAL,baseline,teste_reservado,166148,2026-09-14,10934839,-3340|-4931,bela vista,10.58,46000.0,39041.72762555274,7,6.436394594641457,200.0,17117,0.0374643698062107,,0.8487332092511465,0.15126679074885352
CASA / RESIDÊNCIA,baseline,teste_reservado,162744,2026-08-21,100097757,-3340|-4927,vila jardim,449.46,2500000.0,2877874.0212537856,5,5.0,800.0,16815,0.1487989829969808,,1.1511496085015143,0.15114960850151427
CASA / RESIDÊNCIA,baseline,teste_reservado,167231,2026-09-17,820156,-3348|-4937,vila assuncao,374.0,1160000.0,1333957.5515523793,5,5.0,800.0,16815,0.1487989829969808,,1.1499634065106719,0.14996340651067186
CASA / RESIDÊNCIA,baseline,teste_reservado,166585,2026-09-15,1516698,-3336|-4924,sarandi,106.0,400000.0,459817.7806537723,5,5.0,800.0,16815,0.1487989829969808,,1.1495444516344306,0.14954445163443064
CASA / RESIDÊNCIA,baseline,teste_reservado,162517,2026-08-19,1748734,-3337|-4928,jar sao pedro,193.0,640000.0,735703.4782534653,5,5.0,800.0,16815,0.1487989829969808,,1.1495366847710395,0.14953668477103954
SALA COMERCIAL,baseline,teste_reservado,162654,2026-08-20,78972,-3340|-4934,centro historic,21.71,55000.0,46812.0193237636,20,8.058132475132693,900.0,7886,0.2,,0.851127624068429,0.148872375931571
SALA COMERCIAL,baseline,teste_reservado,162167,2026-08-19,1698087,-3338|-4931,sao geraldo,14.78,30000.0,34439.82899311608,20,9.99705289451539,900.0,7886,0.2,,1.1479942997705361,0.14799429977053613
APARTAMENTO,baseline,teste_reservado,164161,2026-08-31,100069636,-3337|-4932,sao geraldo,67.45,400000.0,340915.58945575554,12,11.274111130227466,1200.0,96700,0.2,,0.8522889736393888,0.14771102636061118
SALA COMERCIAL,baseline,teste_reservado,165461,2026-09-08,7099819,-3341|-4930,petropolis,35.15,146000.0,124467.92364805267,17,15.230768112941217,900.0,7886,0.2,,0.8525200249866621,0.14747997501333787
APARTAMENTO,baseline,teste_reservado,159685,2026-08-05,11236450,-3338|-4922,rubem berta,42.0,140000.0,119380.02153326794,25,8.974639185376745,1200.0,96700,0.2,,0.8527144395233424,0.14728556047665764
APARTAMENTO,baseline,teste_reservado,163745,2026-08-27,11573619,-3343|-4931,santo antonio,77.09,415000.0,354107.14873139095,12,11.98704500152881,1200.0,96700,0.2,,0.8532702379069661,0.1467297620930339
APARTAMENTO,baseline,teste_reservado,159671,2026-08-05,6486622,-3341|-4925,jardim sabara,55.58,160000.0,183465.68915301675,13,11.7615671295151,1200.0,96700,0.2,,1.1466605572063546,0.14666055720635462
CASA / RESIDÊNCIA,baseline,teste_reservado,165934,2026-09-09,465070,-3342|-4926,jardim carvalho,47.0,150000.0,128016.09816051954,5,5.0,800.0,16815,0.1487989829969808,,0.8534406544034636,0.14655934559653638
SALA COMERCIAL,baseline,teste_reservado,164146,2026-08-31,100110178,-3347|-4935,cristal,37.89,254000.0,291064.80956029467,20,6.868887572580245,900.0,7886,0.2,,1.1459244470877743,0.1459244470877743
GARAGEM / VAGA RESIDENCIAL,baseline,teste_reservado,162749,2026-08-21,3329011,-3339|-4933,independencia,120.71,660000.0,563953.8064805308,7,5.742361023431342,200.0,17117,0.0374643698062107,,0.8544754643644406,0.14552453563555945
CASA / RESIDÊNCIA,baseline,teste_reservado,160121,2026-08-06,210749,-3341|-4933,menino deus,75.0,315000.0,269220.03935728257,5,5.0,800.0,16815,0.1487989829969808,,0.8546667916104208,0.1453332083895792
APARTAMENTO,baseline,teste_reservado,160440,2026-08-10,6533779,-3337|-4926,jardim lindoia,38.39,210000.0,179487.3973567684,13,11.749048286744316,1200.0,96700,0.2,,0.8547018921750876,0.14529810782491237
APARTAMENTO,baseline,teste_reservado,161874,2026-08-18,100055314,-3338|-4928,passo da areia,73.92,500000.0,572635.766892248,15,11.36507711548366,1200.0,96700,0.2,,1.1452715337844959,0.14527153378449587
SALA COMERCIAL,baseline,teste_reservado,164654,2026-09-02,8193657,-3338|-4931,sao joao,40.36,150000.0,128373.11969516528,20,12.65800441158672,900.0,7886,0.2,,0.8558207979677686,0.14417920203223145
CASA / RESIDÊNCIA,baseline,teste_reservado,165828,2026-09-10,5215579,-3338|-4927,cristo redentor,234.0,750000.0,857952.4136404664,5,5.0,800.0,16815,0.1487989829969808,,1.143936551520622,0.1439365515206219
CASA / RESIDÊNCIA,baseline,teste_reservado,167232,2026-09-18,11030852,-3348|-4937,vila assuncao,271.0,1500000.0,1284575.3368781866,5,5.0,800.0,16815,0.1487989829969808,,0.8563835579187911,0.14361644208120894
GARAGEM / VAGA RESIDENCIAL,baseline,teste_reservado,164091,2026-08-31,10634606,-3341|-4930,petropolis,10.58,50000.0,42834.73864083298,7,6.865909792910472,200.0,17117,0.0374643698062107,,0.8566947728166595,0.1433052271833405
APARTAMENTO,baseline,teste_reservado,159528,2026-08-04,100072067,-3355|-4925,restinga,39.57,90554.47,103419.236760894,12,11.999849289511667,1200.0,96700,0.2,,1.1420666120722036,0.1420666120722036
GARAGEM / VAGA RESIDENCIAL,baseline,teste_reservado,166117,2026-09-11,100082893,-3340|-4929,petropolis,30.71,60000.0,68468.6583920942,7,6.882721572994724,200.0,17117,0.0374643698062107,,1.1411443065349034,0.1411443065349034
GARAGEM / VAGA NÃO RESIDENCIAL,baseline,teste_reservado,163712,2026-08-27,11528036,-3340|-4934,centro historic,12.71,28000.0,31941.46916821642,7,6.599873717274822,150.0,2612,0.2,,1.1407667560077293,0.14076675600772925
APARTAMENTO,baseline,teste_reservado,166480,2026-09-15,6767990,-3343|-4930,partenon,38.75,105000.0,119661.7115127633,14,11.056363769852275,1200.0,96700,0.2,,1.139635347740603,0.13963534774060293
APARTAMENTO,baseline,teste_reservado,167234,2026-09-21,100131919,-3344|-4932,medianeira,85.55,460000.0,395941.60101631575,14,11.719548012983738,1200.0,96700,0.2,,0.8607426109050342,0.13925738909496577
APARTAMENTO,baseline,teste_reservado,163323,2026-08-25,100013943,-3336|-4925,sarandi,64.2,320000.0,275440.0592344186,25,3.692885408290757,1200.0,96700,0.2,,0.8607501851075582,0.13924981489244181
GARAGEM / VAGA RESIDENCIAL,baseline,teste_reservado,162584,2026-08-20,8939926,-3340|-4931,rio branco,10.58,40000.0,34436.82984251525,7,6.7513222056666224,200.0,17117,0.0374643698062107,,0.8609207460628814,0.13907925393711862
COBERTURA,baseline,teste_reservado,163272,2026-08-25,8959307,-3340|-4927,chacara pedras,191.96,1480000.0,1274199.35277087,13,11.639058535755431,900.0,1688,0.2,,0.8609455086289662,0.13905449137103376
APARTAMENTO,baseline,teste_reservado,159325,2026-08-03,2548720,-3340|-4935,centro historic,34.1,210000.0,180841.13109311796,13,11.248283127356672,1200.0,96700,0.2,,0.8611482433005617,0.13885175669943828
CASA / RESIDÊNCIA,baseline,teste_reservado,160830,2026-08-11,2927411,-3346|-4931,teresopolis,206.0,636000.0,724146.5344665414,5,5.0,800.0,16815,0.1487989829969808,,1.1385951799788387,0.13859517997883875
GARAGEM / VAGA RESIDENCIAL,baseline,teste_reservado,161263,2026-08-13,6985297,-3341|-4930,petropolis,141.7,690000.0,594586.4060137428,7,6.561662512461112,200.0,17117,0.0374643698062107,,0.8617194290054243,0.1382805709945757
APARTAMENTO,baseline,teste_reservado,161826,2026-08-14,5715504,-3340|-4933,centro historic,85.67,350000.0,301660.84627658915,18,11.471525018085492,1200.0,96700,0.2,,0.8618881322188261,0.1381118677811739
SALA COMERCIAL,baseline,teste_reservado,167193,2026-09-21,8307431,-3339|-4930,auxiliadora,37.1,200000.0,172382.85114538472,20,11.181253163480292,900.0,7886,0.2,,0.8619142557269236,0.1380857442730764
COBERTURA,baseline,teste_reservado,167173,2026-09-21,5214416,-3340|-4934,centro historic,94.14,420000.0,362019.3386100319,12,11.955216202244152,900.0,1688,0.2,,0.8619508062143616,0.1380491937856384
APARTAMENTO,baseline,teste_reservado,165304,2026-09-04,2748851,-3346|-4935,cristal,50.53,170000.0,146606.61000000002,12,11.999999999999998,1200.0,96700,0.2,,0.8623918235294119,0.1376081764705881
GARAGEM / VAGA RESIDENCIAL,baseline,teste_reservado,163855,2026-08-28,100110078,-3347|-4935,cristal,21.16,50000.0,43142.69246411286,7,6.047164242146225,200.0,17117,0.0374643698062107,,0.8628538492822572,0.13714615071774283
GARAGEM / VAGA RESIDENCIAL,baseline,teste_reservado,165270,2026-09-08,10246908,-3341|-4929,petropolis,11.04,40000.0,34522.63149666012,7,6.612234432621534,200.0,17117,0.0374643698062107,,0.863065787416503,0.13693421258349703
GARAGEM / VAGA RESIDENCIAL,baseline,teste_reservado,163640,2026-08-26,9936602,-3341|-4928,bom jesus,72.32,400000.0,345351.1883597872,7,6.960555554836172,200.0,17117,0.0374643698062107,,0.8633779708994681,0.1366220291005319
GARAGEM / VAGA RESIDENCIAL,baseline,teste_reservado,163929,2026-08-28,100033228,-3338|-4928,passo da areia,85.22,665000.0,574301.5200881112,7,6.112297242285599,200.0,17117,0.0374643698062107,,0.8636113084031747,0.13638869159682532
APARTAMENTO,baseline,teste_reservado,161891,2026-08-18,5887941,-3338|-4929,higienopolis,40.43,220000.0,190005.6711369292,12,11.049834013733587,1200.0,96700,0.2,,0.8636621415314963,0.13633785846850366
SALA COMERCIAL,baseline,teste_reservado,160689,2026-08-10,10583289,-3341|-4929,petropolis,46.87,250000.0,216030.584606327,17,15.14480288026974,900.0,7886,0.2,,0.864122338425308,0.13587766157469205
COBERTURA,baseline,teste_reservado,161621,2026-08-13,8097607,-3341|-4930,bela vista,207.36,1060000.0,916329.9635064348,12,11.871292324908511,900.0,1688,0.2,,0.8644622297230518,0.13553777027694824
CASA / RESIDÊNCIA,baseline,teste_reservado,161064,2026-08-12,518662,-3346|-4932,teresopolis,179.0,540000.0,613088.1664673045,5,5.0,800.0,16815,0.1487989829969808,,1.1353484564209342,0.13534845642093418
APARTAMENTO,baseline,teste_reservado,166788,2026-09-16,2409372,-3341|-4933,cidade baixa,34.62,150000.0,170246.23048088068,25,8.439234751980502,1200.0,96700,0.2,,1.134974869872538,0.13497486987253793
APARTAMENTO,baseline,teste_reservado,159367,2026-08-03,1681958,-3337|-4929,sao joao,67.3,280000.0,242299.40064386048,13,11.609721975858353,1200.0,96700,0.2,,0.8653550022995017,0.13464499770049831
GARAGEM / VAGA RESIDENCIAL,baseline,teste_reservado,166450,2026-09-11,6677282,-3348|-4934,camaqua,12.0,25000.0,28357.142857142862,7,6.999999999999997,200.0,17117,0.0374643698062107,,1.1342857142857146,0.13428571428571456
SALA COMERCIAL,baseline,teste_reservado,160526,2026-08-07,8499861,-3339|-4933,centro historic,73.78,170000.0,192810.9663563844,16,15.930338370045668,900.0,7886,0.2,,1.1341821550375553,0.13418215503755526
CASA / RESIDÊNCIA,baseline,teste_reservado,162393,2026-08-18,9707077,-3354|-4928,hipica,79.0,185000.0,160323.93981970943,5,5.0,800.0,16815,0.1487989829969808,,0.8666158909173483,0.13338410908265175
GARAGEM / VAGA RESIDENCIAL,baseline,teste_reservado,160499,2026-08-10,5041430,-3337|-4926,sao sebastiao,86.47,270000.0,306009.08526233624,7,6.661099898086697,200.0,17117,0.0374643698062107,,1.1333669824530972,0.1333669824530972
TERRENO,baseline,teste_reservado,163847,2026-08-27,470023,-3342|-4926,jardim carvalho,300.0,325000.0,281681.0740733643,12,11.853156245754688,200.0,97,0.0,,0.8667109971488133,0.13328900285118672
GARAGEM / VAGA RESIDENCIAL,baseline,teste_reservado,164700,2026-09-02,6240151,-3340|-4934,centro historic,12.0,50000.0,43341.76385237142,7,6.633781815562682,200.0,17117,0.0374643698062107,,0.8668352770474284,0.13316472295257165
APARTAMENTO,baseline,teste_reservado,163078,2026-08-19,2823128,-3338|-4931,moinhos vento,79.72,430000.0,372778.7598182314,16,11.398198539151688,1200.0,96700,0.2,,0.8669273484144916,0.1330726515855084
GARAGEM / VAGA RESIDENCIAL,baseline,teste_reservado,162962,2026-08-17,100099813,-3341|-4929,petropolis,21.16,57000.0,49429.99704680037,7,6.816861400390314,200.0,17117,0.0374643698062107,,0.8671929306456204,0.13280706935437958
GARAGEM / VAGA RESIDENCIAL,baseline,teste_reservado,163705,2026-08-27,11511907,-3347|-4936,tristeza,86.58,445000.0,504021.5756695985,7,6.777681040021724,200.0,17117,0.0374643698062107,,1.1326327543137045,0.13263275431370447
APARTAMENTO,baseline,teste_reservado,165102,2026-09-03,100067943,-3342|-4927,jardim do salso,162.53,1720000.0,1491912.029741428,12,11.994283464662727,1200.0,96700,0.2,,0.8673907149659466,0.13260928503405345
APARTAMENTO,baseline,teste_reservado,165184,2026-09-04,3189902,-3340|-4933,centro historic,20.05,105000.0,91095.13296526523,12,11.869000952782947,1200.0,96700,0.2,,0.867572694907288,0.13242730509271206
APARTAMENTO,baseline,teste_reservado,161105,2026-08-12,100061648,-3345|-4932,teresopolis,69.49,350000.0,396271.3783343057,25,8.110020217614094,1200.0,96700,0.2,,1.1322039380980162,0.13220393809801623
APARTAMENTO,baseline,teste_reservado,164253,2026-08-31,2858142,-3341|-4931,petropolis,115.09,477000.0,413953.6330939799,24,11.186095641809093,1200.0,96700,0.2,,0.8678273230481759,0.1321726769518241
APARTAMENTO,baseline,teste_reservado,161848,2026-08-17,10710973,-3341|-4931,santana,80.1,440000.0,497816.00026397663,12,11.91890880057184,1200.0,96700,0.2,,1.131400000599947,0.13140000059994694
GARAGEM / VAGA RESIDENCIAL,baseline,teste_reservado,167040,2026-09-18,7110324,-3341|-4930,bela vista,100.6,670000.0,581966.8227872154,7,6.578050321356115,200.0,17117,0.0374643698062107,,0.8686071981898736,0.13139280181012636
SALA COMERCIAL,baseline,teste_reservado,160302,2026-08-06,6530389,-3337|-4926,jardim lindoia,29.02,140000.0,121717.8189959091,20,8.241549308764055,900.0,7886,0.2,,0.8694129928279221,0.13058700717207794
CASA / RESIDÊNCIA,baseline,teste_reservado,165895,2026-08-27,494399,-3348|-4934,cavalhada,39.0,180000.0,156578.18051530747,5,5.0,800.0,16815,0.1487989829969808,,0.8698787806405971,0.1301212193594029
APARTAMENTO,baseline,teste_reservado,166680,2026-09-16,10169091,-3338|-4931,floresta,68.23,600000.0,521971.8572983031,21,11.433059775084637,1200.0,96700,0.2,,0.8699530954971718,0.1300469045028282
APARTAMENTO,baseline,teste_reservado,163497,2026-08-25,6790879,-3344|-4931,partenon,44.06,183000.0,159247.91040525134,25,8.74793059939348,1200.0,96700,0.2,,0.8702071606844336,0.1297928393155664
SALA COMERCIAL,baseline,teste_reservado,160136,2026-08-05,8084777,-3340|-4932,rio branco,33.63,160000.0,180735.01900917725,16,15.4241237228495,900.0,7886,0.2,,1.129593868807358,0.1295938688073579
APARTAMENTO,baseline,teste_reservado,162808,2026-08-22,100137988,-3349|-4932,vila nova,51.17,175000.0,197635.21086972795,25,9.125285378443234,1200.0,96700,0.2,,1.129344062112731,0.12934406211273108
APARTAMENTO,baseline,teste_reservado,166389,2026-09-11,1292390,-3340|-4934,centro historic,79.25,250000.0,282320.72170959867,13,11.485388517985449,1200.0,96700,0.2,,1.1292828868383946,0.12928288683839462
GARAGEM / VAGA RESIDENCIAL,baseline,teste_reservado,160377,2026-08-07,100124293,-3341|-4929,petropolis,11.04,70000.0,60976.22877366936,7,5.749669871041903,200.0,17117,0.0374643698062107,,0.8710889824809909,0.12891101751900913
APARTAMENTO,baseline,teste_reservado,163128,2026-08-25,5370132,-3342|-4933,menino deus,41.54,200000.0,174245.32480820033,12,11.894386254322669,1200.0,96700,0.2,,0.8712266240410016,0.1287733759589984
APARTAMENTO,baseline,teste_reservado,161669,2026-08-17,6275516,-3347|-4934,nonoai,42.34,150000.0,169243.62334936982,25,4.064124442010944,1200.0,96700,0.2,,1.1282908223291321,0.12829082232913214
GARAGEM / VAGA RESIDENCIAL,baseline,teste_reservado,163677,2026-08-27,11336943,-3338|-4928,passo da areia,127.99,990000.0,1114974.0669499978,7,5.829557364962455,200.0,17117,0.0374643698062107,,1.126236431262624,0.12623643126262407
APARTAMENTO,baseline,teste_reservado,165611,2026-09-09,5168406,-3338|-4927,passo da areia,77.05,300000.0,262133.93245351565,14,11.665050724300878,1200.0,96700,0.2,,0.8737797748450522,0.1262202251549478
TERRENO,baseline,teste_reservado,165320,2026-09-04,9748725,-3354|-4928,hipica,125.0,190000.0,213939.5662667141,12,11.946099775306498,200.0,97,0.0,,1.125997717193232,0.12599771719323205
SALA COMERCIAL,baseline,teste_reservado,165289,2026-09-04,2325969,-3340|-4934,centro historic,54.57,110000.0,123779.83733441184,18,15.237253303829158,900.0,7886,0.2,,1.1252712484946532,0.1252712484946532
GARAGEM / VAGA RESIDENCIAL,baseline,teste_reservado,166347,2026-09-10,8314322,-3340|-4933,bom fim,138.64,905000.0,792106.2497730921,7,5.444875946758583,200.0,17117,0.0374643698062107,,0.8752555246111515,0.12474447538884847
SALA COMERCIAL,baseline,teste_reservado,166065,2026-09-11,9428038,-3339|-4929,boa vista,34.08,180000.0,157639.16229721258,20,11.366378008689525,900.0,7886,0.2,,0.8757731238734032,0.12422687612659677
COBERTURA,baseline,teste_reservado,163739,2026-08-26,5399742,-3341|-4929,petropolis,151.21,710000.0,621991.0395724216,12,11.875447185192574,900.0,1688,0.2,,0.876043717707636,0.123956282292364
GARAGEM / VAGA RESIDENCIAL,baseline,teste_reservado,160190,2026-08-07,10565949,-3342|-4931,petropolis,11.58,50000.0,43804.76588628763,7,5.825242718446604,200.0,17117,0.0374643698062107,,0.8760953177257526,0.12390468227424745
GARAGEM / VAGA RESIDENCIAL,baseline,teste_reservado,161033,2026-08-12,9068902,-3342|-4928,jardim do salso,10.58,36000.0,31553.66800765199,7,6.832854227556862,200.0,17117,0.0374643698062107,,0.8764907779903331,0.12350922200966685
GARAGEM / VAGA RESIDENCIAL,baseline,teste_reservado,161034,2026-08-12,8103038,-3342|-4928,jardim do salso,10.58,36000.0,31553.66800765199,7,6.832854227556862,200.0,17117,0.0374643698062107,,0.8764907779903331,0.12350922200966685
GARAGEM / VAGA RESIDENCIAL,baseline,teste_reservado,161038,2026-08-12,9068899,-3342|-4928,jardim do salso,10.58,36000.0,31553.66800765199,7,6.832854227556862,200.0,17117,0.0374643698062107,,0.8764907779903331,0.12350922200966685
GARAGEM / VAGA RESIDENCIAL,baseline,teste_reservado,161039,2026-08-12,8103046,-3342|-4928,jardim do salso,10.58,36000.0,31553.66800765199,7,6.832854227556862,200.0,17117,0.0374643698062107,,0.8764907779903331,0.12350922200966685
GARAGEM / VAGA RESIDENCIAL,baseline,teste_reservado,163331,2026-08-25,6797423,-3341|-4928,tres figueiras,87.14,318000.0,357216.1596513207,7,6.696650692542929,200.0,17117,0.0374643698062107,,1.1233212567651596,0.12332125676515959
TERRENO,baseline,teste_reservado,162428,2026-08-18,520756,-3346|-4934,cristal,304.0,450000.0,505255.87820616784,12,11.807995304668372,200.0,97,0.0,,1.1227908404581508,0.12279084045815081
APARTAMENTO,baseline,teste_reservado,161395,2026-08-13,100133051,-3339|-4929,boa vista,44.62,350000.0,307108.3771956368,14,11.0565953755707,1200.0,96700,0.2,,0.877452506273248,0.122547493726752
SALA COMERCIAL,baseline,teste_reservado,159801,2026-08-05,8294143,-3340|-4932,bom fim,74.31,295000.0,258943.22672251696,20,10.705193502770904,900.0,7886,0.2,,0.8777736499068372,0.12222635009316285
GARAGEM / VAGA RESIDENCIAL,baseline,teste_reservado,164218,2026-08-31,10918108,-3340|-4931,rio branco,10.58,50000.0,43896.569324831136,7,6.375563673944622,200.0,17117,0.0374643698062107,,0.8779313864966227,0.12206861350337728
GARAGEM / VAGA RESIDENCIAL,baseline,teste_reservado,164971,2026-09-03,11337419,-3338|-4928,passo da areia,127.99,1270000.0,1114974.0669499978,7,5.829557364962455,200.0,17117,0.0374643698062107,,0.8779323361811007,0.12206766381889933
CASA / RESIDÊNCIA,baseline,teste_reservado,160845,2026-08-11,10979891,-3354|-4930,hipica,139.1,608000.0,533935.6183729132,5,5.0,800.0,16815,0.1487989829969808,,0.8781835828501862,0.12181641714981384
APARTAMENTO,baseline,teste_reservado,164029,2026-08-29,8814228,-3343|-4927,vila sao jose,46.93,200000.0,175744.51248176504,12,11.037376325291389,1200.0,96700,0.2,,0.8787225624088252,0.12127743759117482
APARTAMENTO,baseline,teste_reservado,161370,2026-08-13,100091700,-3338|-4926,vila ipiranga,127.64,733000.0,644258.1793079737,12,11.703393181460733,1200.0,96700,0.2,,0.8789333960545344,0.12106660394546565
GARAGEM / VAGA RESIDENCIAL,baseline,teste_reservado,166118,2026-09-11,100057852,-3339|-4930,auxiliadora,22.76,50000.0,56022.29914173628,7,6.898181199813564,200.0,17117,0.0374643698062107,,1.1204459828347255,0.12044598283472552
TERRENO,baseline,teste_reservado,160807,2026-08-06,6799949,-3353|-4932,espirito santo,359.37,315000.0,352913.24164624204,12,11.936164661761769,200.0,97,0.0,,1.1203594972896573,0.12035949728965734
GARAGEM / VAGA RESIDENCIAL,baseline,teste_reservado,163840,2026-08-28,11169354,-3342|-4928,jardim do salso,10.58,30000.0,33605.14513477368,13,5.033751979259193,200.0,17117,0.0374643698062107,,1.120171504492456,0.12017150449245606
GARAGEM / VAGA NÃO RESIDENCIAL,baseline,teste_reservado,163900,2026-08-28,9165339,-3339|-4929,boa vista,41.97,240000.0,211177.22901934377,7,6.886153177905811,150.0,2612,0.2,,0.8799051209139324,0.12009487908606764
GARAGEM / VAGA RESIDENCIAL,baseline,teste_reservado,166756,2026-09-16,100031935,-3339|-4927,jardim europa,10.58,60000.0,52800.31032350488,7,6.999999999999997,200.0,17117,0.0374643698062107,,0.8800051720584147,0.11999482794158534
SALA COMERCIAL,baseline,teste_reservado,163368,2026-08-25,9336729,-3339|-4930,auxiliadora,47.61,325000.0,286457.583629356,20,12.91059605493322,900.0,7886,0.2,,0.8814079496287877,0.11859205037121234
SALA COMERCIAL,baseline,teste_reservado,163369,2026-08-25,9336737,-3339|-4930,auxiliadora,47.61,325000.0,286457.583629356,20,12.91059605493322,900.0,7886,0.2,,0.8814079496287877,0.11859205037121234
COBERTURA,baseline,teste_reservado,167073,2026-09-18,8140138,-3341|-4927,bom jesus,128.12,460000.0,405501.01962651697,12,11.743793990163937,900.0,1688,0.2,,0.8815239557098195,0.11847604429018055
GARAGEM / VAGA RESIDENCIAL,baseline,teste_reservado,162301,2026-08-20,9203060,-3334|-4930,farrapos,59.83,233000.0,205429.733152089,11,5.030304056891545,200.0,17117,0.0374643698062107,,0.881672674472485,0.11832732552751501
APARTAMENTO,baseline,teste_reservado,159516,2026-08-04,5746639,-3338|-4927,cristo redentor,38.91,160000.0,141075.91431676404,15,11.496991158454556,1200.0,96700,0.2,,0.8817244644797753,0.11827553552022474
GARAGEM / VAGA RESIDENCIAL,baseline,teste_reservado,166962,2026-09-17,8938202,-3338|-4926,vila ipiranga,144.3,670000.0,590969.0941120879,7,6.439763359018556,200.0,17117,0.0374643698062107,,0.8820434240478924,0.11795657595210762
CASA / RESIDÊNCIA,baseline,teste_reservado,165332,2026-09-04,1626566,-3344|-4931,partenon,365.0,995000.0,877699.9494095019,5,5.0,800.0,16815,0.1487989829969808,,0.8821105019190973,0.11788949808090265
COBERTURA,baseline,teste_reservado,164988,2026-09-02,1788345,-3340|-4932,independencia,230.62,933933.25,824158.5850126545,12,11.9758335154417,900.0,1688,0.2,,0.8824598385512611,0.11754016144873891
APARTAMENTO,baseline,teste_reservado,163978,2026-08-28,8749337,-3341|-4924,morro santana,53.3,190000.0,167826.19884684632,12,11.966674722203145,1200.0,96700,0.2,,0.8832957834044544,0.11670421659554564
SALA COMERCIAL,baseline,teste_reservado,164301,2026-09-01,1409751,-3340|-4934,centro historic,21.82,60000.0,66976.50983539819,20,14.612132554293543,900.0,7886,0.2,,1.116275163923303,0.11627516392330306
SALA COMERCIAL,baseline,teste_reservado,163259,2026-08-25,8537720,-3339|-4932,independencia,26.98,135000.0,119434.42793097868,16,15.578097975429245,900.0,7886,0.2,,0.8846994661553976,0.11530053384460237
GARAGEM / VAGA RESIDENCIAL,baseline,teste_reservado,164144,2026-08-31,8338736,-3346|-4932,teresopolis,12.0,40000.0,35404.342756456346,30,3.6919826261208777,200.0,17117,0.0374643698062107,,0.8851085689114087,0.11489143108859134
APARTAMENTO,baseline,teste_reservado,161612,2026-08-12,9886478,-3347|-4934,cavalhada,64.17,250000.0,278717.3534352927,12,11.997173428501767,1200.0,96700,0.2,,1.114869413741171,0.11486941374117099
APARTAMENTO,baseline,teste_reservado,166359,2026-09-14,11574445,-3343|-4931,santo antonio,77.09,400000.0,354107.14873139095,12,11.98704500152881,1200.0,96700,0.2,,0.8852678718284773,0.11473212817152267
COBERTURA,baseline,teste_reservado,164018,2026-08-28,6074723,-3338|-4926,cristo redentor,130.7,490000.0,433820.7488642717,20,11.08728475312974,900.0,1688,0.2,,0.8853484670699422,0.11465153293005781
APARTAMENTO,baseline,teste_reservado,164368,2026-09-01,6498256,-3340|-4931,rio branco,32.77,175000.0,195016.8069812356,13,11.107799375031789,1200.0,96700,0.2,,1.114381754178489,0.11438175417848906
GARAGEM / VAGA RESIDENCIAL,baseline,teste_reservado,164169,2026-08-26,100007795,-3341|-4929,petropolis,13.0,40000.0,44539.73571182476,7,6.783293636960565,200.0,17117,0.0374643698062107,,1.113493392795619,0.11349339279561899
COBERTURA,baseline,teste_reservado,164956,2026-09-03,8427860,-3337|-4928,passo da areia,198.87,650000.0,576618.1182651802,12,11.923809786431852,900.0,1688,0.2,,0.8871047973310464,0.11289520266895359
APARTAMENTO,baseline,teste_reservado,161762,2026-08-17,2527499,-3338|-4926,vila ipiranga,57.08,245000.0,217346.50641120007,21,11.463206403515471,1200.0,96700,0.2,,0.887128597596735,0.11287140240326499
APARTAMENTO,baseline,teste_reservado,167464,2026-09-22,11073829,-3339|-4927,jardim europa,77.31,850000.0,945431.6104692908,12,11.742668134514457,1200.0,96700,0.2,,1.1122724829050479,0.11227248290504788
LOJA,baseline,teste_reservado,166979,2026-09-16,5186773,-3341|-4927,chacara pedras,284.61,704048.25,783061.0647486304,12,11.97197995511171,700.0,1774,0.2,,1.1122264202043401,0.11222642020434015
APARTAMENTO,baseline,teste_reservado,162827,2026-08-21,5395070,-3346|-4935,cristal,64.5,268000.0,238024.05397956725,13,11.244792138328274,1200.0,96700,0.2,,0.888149455147639,0.11185054485236101
APARTAMENTO,baseline,teste_reservado,163702,2026-08-27,100033411,-3338|-4928,passo da areia,109.36,837500.0,744023.5328336775,17,11.207987392566348,1200.0,96700,0.2,,0.8883863078611074,0.1116136921388926
CASA / RESIDÊNCIA,baseline,teste_reservado,167472,2026-09-22,914517,-3352|-4933,ipanema,222.91,600000.0,666811.340834924,5,5.0,800.0,16815,0.1487989829969808,,1.1113522347248734,0.11135223472487343
GARAGEM / VAGA RESIDENCIAL,baseline,teste_reservado,163215,2026-08-21,9470743,-3350|-4933,ipanema,26.91,50000.0,44434.50558256682,7,6.0886319549496735,200.0,17117,0.0374643698062107,,0.8886901116513364,0.11130988834866362
GARAGEM / VAGA NÃO RESIDENCIAL,baseline,teste_reservado,166620,2026-09-16,100059559,-3339|-4931,moinhos vento,11.52,60000.0,66668.26536617667,7,6.999326211165584,150.0,2612,0.2,,1.1111377561029445,0.11113775610294452
GARAGEM / VAGA NÃO RESIDENCIAL,baseline,teste_reservado,166621,2026-09-16,100059560,-3339|-4931,moinhos vento,11.52,60000.0,66668.26536617667,7,6.999326211165584,150.0,2612,0.2,,1.1111377561029445,0.11113775610294452
GARAGEM / VAGA RESIDENCIAL,baseline,teste_reservado,164178,2026-08-28,100000780,-3339|-4930,mont serrat,21.16,45000.0,49925.477635745054,7,6.219812501465734,200.0,17117,0.0374643698062107,,1.1094550585721124,0.10945505857211235
APARTAMENTO,baseline,teste_reservado,160384,2026-08-10,100130336,-3337|-4925,sao sebastiao,71.39,600000.0,534361.9997271111,12,11.999999999999998,1200.0,96700,0.2,,0.8906033328785184,0.10939666712148155
CASA / RESIDÊNCIA,baseline,teste_reservado,164156,2026-08-31,2410,-3340|-4929,tres figueiras,290.0,2500000.0,2771563.4852213496,5,5.0,800.0,16815,0.1487989829969808,,1.1086253940885398,0.10862539408853977
GARAGEM / VAGA RESIDENCIAL,baseline,teste_reservado,160281,2026-08-07,100104571,-3339|-4931,auxiliadora,11.04,50000.0,44584.31424506417,12,5.038323911595173,200.0,17117,0.0374643698062107,,0.8916862849012833,0.10831371509871668
APARTAMENTO,baseline,teste_reservado,164281,2026-09-01,100022289,-3338|-4926,vila ipiranga,76.1,420000.0,465439.4694903991,12,11.954267523769165,1200.0,96700,0.2,,1.108189213072379,0.10818921307237894
GARAGEM / VAGA NÃO RESIDENCIAL,baseline,teste_reservado,160668,2026-08-10,10585435,-3341|-4929,petropolis,20.78,50000.0,55402.43736531863,7,6.432127569885432,150.0,2612,0.2,,1.1080487473063725,0.10804874730637248
GARAGEM / VAGA RESIDENCIAL,baseline,teste_reservado,165436,2026-09-08,3140156,-3338|-4925,jardim itu,84.84,285000.0,315726.9431632989,9,5.008348348509465,200.0,17117,0.0374643698062107,,1.107813835660698,0.10781383566069791
GARAGEM / VAGA NÃO RESIDENCIAL,baseline,teste_reservado,164766,2026-09-02,2780747,-3340|-4934,centro historic,12.0,31500.0,28133.593628072427,11,5.051750916548278,150.0,2612,0.2,,0.8931299564467438,0.10687004355325624
APARTAMENTO,baseline,teste_reservado,165842,2026-09-09,917508,-3341|-4932,santana,80.3,320000.0,285842.8421452335,25,8.392505971870692,1200.0,96700,0.2,,0.8932588817038546,0.10674111829614541
GARAGEM / VAGA RESIDENCIAL,baseline,teste_reservado,164414,2026-09-01,9278184,-3341|-4925,jardim carvalho,10.58,35000.0,38722.58622704933,30,3.698472642768386,200.0,17117,0.0374643698062107,,1.1063596064871237,0.10635960648712373
SALA COMERCIAL,baseline,teste_reservado,163481,2026-08-25,8233101,-3341|-4929,petropolis,30.95,115000.0,127221.40622914216,16,15.91095163225516,900.0,7886,0.2,,1.1062730976447144,0.10627309764471438
CASA / RESIDÊNCIA,baseline,teste_reservado,161964,2026-08-17,2458586,-3337|-4926,jardim lindoia,200.0,700000.0,625925.7661922078,5,5.0,800.0,16815,0.1487989829969808,,0.8941796659888683,0.10582033401113167
GARAGEM / VAGA RESIDENCIAL,baseline,teste_reservado,166069,2026-09-11,100012706,-3340|-4930,bela vista,21.16,90000.0,80516.1884134417,7,5.483105478116282,200.0,17117,0.0374643698062107,,0.8946243157049079,0.10537568429509214
APARTAMENTO,baseline,teste_reservado,161863,2026-08-17,5194547,-3343|-4932,santo antonio,56.57,200000.0,221016.7708333333,12,11.999999999999998,1200.0,96700,0.2,,1.1050838541666665,0.10508385416666655
CASA / RESIDÊNCIA,baseline,teste_reservado,165422,2026-09-04,10489703,-3350|-4932,vila nova,49.0,180000.0,161153.3873467874,6,5.952380952380952,800.0,16815,0.1487989829969808,,0.8952965963710412,0.1047034036289588
SALA COMERCIAL,baseline,teste_reservado,165876,2026-09-10,10666176,-3340|-4932,rio branco,32.15,218038.0,195247.95850266347,16,15.988210157204934,900.0,7886,0.2,,0.8954767448915486,0.1045232551084514
LOJA,baseline,teste_reservado,165447,2026-09-08,3539474,-3338|-4926,vila ipiranga,123.13,500000.0,552162.9584817702,12,11.795932235112051,700.0,1774,0.2,,1.1043259169635404,0.10432591696354043
CASA / RESIDÊNCIA,baseline,teste_reservado,167437,2026-09-22,6799000,-3353|-4932,espirito santo,444.6,1200000.0,1325045.2256493033,5,5.0,800.0,16815,0.1487989829969808,,1.1042043547077527,0.10420435470775269
APARTAMENTO,baseline,teste_reservado,164139,2026-08-31,6385257,-3350|-4932,vila nova,40.4,126000.0,112875.45529337414,13,11.04514169894778,1200.0,96700,0.2,,0.8958369467728106,0.10416305322718944
APARTAMENTO,baseline,teste_reservado,167355,2026-09-22,900214,-3339|-4930,auxiliadora,83.0,290000.0,259797.91638409928,25,3.695482980370623,1200.0,96700,0.2,,0.895854884083101,0.10414511591689901
APARTAMENTO,baseline,teste_reservado,161010,2026-08-12,100096522,-3340|-4932,bom fim,64.41,541000.0,597220.5542803854,25,5.337211730887808,1200.0,96700,0.2,,1.1039196936790858,0.10391969367908582
APARTAMENTO,baseline,teste_reservado,163026,2026-08-25,100086698,-3346|-4935,cristal,43.5,650000.0,582553.3849644642,12,11.999999999999991,1200.0,96700,0.2,,0.8962359768684065,0.1037640231315935
APARTAMENTO,baseline,teste_reservado,163447,2026-08-25,100082866,-3340|-4929,petropolis,352.51,4800000.0,4302404.273679501,12,11.65691684090317,1200.0,96700,0.2,,0.8963342236832295,0.10366577631677054
APARTAMENTO,baseline,teste_reservado,163871,2026-08-27,6686079,-3338|-4925,jardim itu,53.09,210000.0,188269.0832105899,25,6.105366941842384,1200.0,96700,0.2,,0.8965194438599519,0.10348055614004814
CASA / RESIDÊNCIA,baseline,teste_reservado,167362,2026-09-21,1676172,-3337|-4931,sao geraldo,91.0,500000.0,448308.8739250104,5,5.0,800.0,16815,0.1487989829969808,,0.8966177478500208,0.1033822521499792
APARTAMENTO,baseline,teste_reservado,164237,2026-08-31,100048201,-3339|-4923,jar leopoldina,38.34,99677.11,109971.05174901836,25,6.075650935370084,1200.0,96700,0.2,,1.1032728752771659,0.10327287527716589
SALA COMERCIAL,baseline,teste_reservado,161816,2026-08-15,8093075,-3343|-4933,menino deus,38.87,120000.0,132338.45964039632,20,9.80618702466151,900.0,7886,0.2,,1.1028204970033026,0.10282049700330265
APARTAMENTO,baseline,teste_reservado,159845,2026-08-05,1273388,-3341|-4932,azenha,80.0,250000.0,275605.0900449463,13,11.892846438890745,1200.0,96700,0.2,,1.102420360179785,0.10242036017978506
GARAGEM / VAGA RESIDENCIAL,baseline,teste_reservado,167400,2026-09-22,11116390,-3342|-4930,jardim botanico,21.16,50000.0,55120.92947365777,7,6.878642792489587,200.0,17117,0.0374643698062107,,1.1024185894731555,0.10241858947315552
SALA COMERCIAL,baseline,teste_reservado,167360,2026-09-22,8079528,-3339|-4931,moinhos vento,46.86,281160.0,252604.7222247661,16,15.648581640347963,900.0,7886,0.2,,0.8984376235053567,0.10156237649464328
APARTAMENTO,baseline,teste_reservado,167023,2026-09-18,1023594,-3338|-4927,cristo redentor,50.25,245000.0,220167.52513573464,25,7.868733518647185,1200.0,96700,0.2,,0.8986429597376924,0.10135704026230763
APARTAMENTO,baseline,teste_reservado,166193,2026-09-11,100122470,-3344|-4928,vila sao jose,50.98,181687.3,200092.6263763652,18,11.227289913440838,1200.0,96700,0.2,,1.1013022174712552,0.10130221747125523
SALA COMERCIAL,baseline,teste_reservado,165732,2026-09-10,100038160,-3342|-4928,jardim do salso,35.68,223000.0,200422.95974068492,16,15.348510867314696,900.0,7886,0.2,,0.8987576669985871,0.10124233300141294
CASA / RESIDÊNCIA,baseline,teste_reservado,166516,2026-09-14,100111927,-3353|-4929,hipica,162.4,760000.0,683317.4895623248,5,5.0,800.0,16815,0.1487989829969808,,0.8991019599504274,0.10089804004957259
APARTAMENTO,baseline,teste_reservado,163337,2026-08-25,277800,-3341|-4931,santa cecilia,76.49,340000.0,374249.6920460343,25,5.212130222728558,1200.0,96700,0.2,,1.1007343883706893,0.10073438837068927
COBERTURA,baseline,teste_reservado,161091,2026-08-12,5998085,-3342|-4931,santana,110.9,400000.0,359718.6412717579,12,11.839544458744902,900.0,1688,0.2,,0.8992966031793947,0.10070339682060525
SALA COMERCIAL,baseline,teste_reservado,165834,2026-09-10,8892806,-3340|-4929,tres figueiras,82.16,550000.0,494899.1973593916,18,15.02415670982605,900.0,7886,0.2,,0.8998167224716211,0.10018327752837886
APARTAMENTO,baseline,teste_reservado,159678,2026-08-05,100151256,-3354|-4927,hipica,40.29,155480.97,139961.36641111624,25,8.804765156362256,1200.0,96700,0.2,,0.9001832597977504,0.09981674020224962
APARTAMENTO,baseline,teste_reservado,163834,2026-08-27,331511,-3342|-4932,azenha,41.9,140000.0,153944.09382507592,12,11.998792452618645,1200.0,96700,0.2,,1.0996006701791137,0.09960067017911367
COBERTURA,baseline,teste_reservado,165227,2026-09-04,6875629,-3337|-4925,sarandi,97.04,261500.0,235551.77870824505,12,11.95636562540621,900.0,1688,0.2,,0.9007716202992163,0.09922837970078369
CASA / RESIDÊNCIA,baseline,teste_reservado,161729,2026-08-14,1771108,-3339|-4931,moinhos vento,173.0,1235000.0,1112595.9359109916,5,5.0,800.0,16815,0.1487989829969808,,0.9008873974987787,0.09911260250122134
GARAGEM / VAGA RESIDENCIAL,baseline,teste_reservado,165708,2026-09-08,100091125,-3350|-4933,vila nova,23.25,50000.0,54938.56332703214,7,7.0,200.0,17117,0.0374643698062107,,1.0987712665406428,0.09877126654064283
APARTAMENTO,baseline,teste_reservado,160387,2026-08-10,8623872,-3341|-4931,petropolis,115.51,640000.0,702773.7983450547,12,11.908628485465648,1200.0,96700,0.2,,1.098084059914148,0.09808405991414793
LOJA,baseline,teste_reservado,161093,2026-08-12,2647915,-3340|-4932,santana,47.95,300000.0,329393.786564804,15,11.779746154150333,700.0,1774,0.2,,1.0979792885493467,0.09797928854934668
SALA COMERCIAL,baseline,teste_reservado,167159,2026-09-17,8544069,-3345|-4932,teresopolis,40.06,135000.0,121792.01377850412,18,15.657998620663973,900.0,7886,0.2,,0.9021630650259564,0.09783693497404355
APARTAMENTO,baseline,teste_reservado,164581,2026-09-02,6330363,-3347|-4935,cristal,43.68,199000.0,179555.8228439308,12,11.920611468391106,1200.0,96700,0.2,,0.9022905670549286,0.0977094329450714
GARAGEM / VAGA RESIDENCIAL,baseline,teste_reservado,166168,2026-09-11,100098551,-3340|-4930,petropolis,24.37,41800.0,45878.120177825294,11,5.0218998476530965,200.0,17117,0.0374643698062107,,1.097562683680031,0.09756268368003096
COBERTURA,baseline,teste_reservado,163667,2026-08-26,9855335,-3338|-4925,jardim itu,168.1,740000.0,667853.2926344646,12,11.931355193307647,900.0,1688,0.2,,0.9025044495060331,0.09749555049396685
APARTAMENTO,baseline,teste_reservado,165801,2026-09-09,10609237,-3338|-4929,sao joao,67.0,380000.0,417029.9094521774,12,11.954647186768211,1200.0,96700,0.2,,1.097447130137309,0.09744713013730899
SALA COMERCIAL,baseline,teste_reservado,161161,2026-08-12,100070849,-3337|-4932,sao geraldo,33.15,170000.0,186516.98474226423,20,6.6670521975427,900.0,7886,0.2,,1.0971587337780249,0.09715873377802486
GARAGEM / VAGA RESIDENCIAL,baseline,teste_reservado,162110,2026-08-18,6331017,-3347|-4935,cristal,12.0,30000.0,32882.76536731535,7,6.678151857650939,200.0,17117,0.0374643698062107,,1.0960921789105116,0.09609217891051158
APARTAMENTO,baseline,teste_reservado,164258,2026-08-31,1113747,-3342|-4933,menino deus,57.9,260000.0,235039.2381097369,25,8.768589510730822,1200.0,96700,0.2,,0.9039970696528342,0.09600293034716578
SALA COMERCIAL,baseline,teste_reservado,161006,2026-08-11,8017115,-3340|-4933,centro historic,97.11,260178.26,235254.4325706916,17,15.332095032340616,900.0,7886,0.2,,0.9042048039320871,0.09579519606791287
SALA COMERCIAL,baseline,teste_reservado,161004,2026-08-11,8017093,-3340|-4933,centro historic,97.11,260178.26,235254.4325706916,17,15.332095032340616,900.0,7886,0.2,,0.9042048039320871,0.09579519606791287
GARAGEM / VAGA NÃO RESIDENCIAL,baseline,teste_reservado,163138,2026-08-25,3399036,-3339|-4931,moinhos vento,18.5,50000.0,45220.079223534194,7,6.942075694238331,150.0,2612,0.2,,0.9044015844706839,0.09559841552931614
GARAGEM / VAGA NÃO RESIDENCIAL,baseline,teste_reservado,163135,2026-08-25,3398986,-3339|-4931,moinhos vento,18.5,50000.0,45220.079223534194,7,6.942075694238331,150.0,2612,0.2,,0.9044015844706839,0.09559841552931614
GARAGEM / VAGA NÃO RESIDENCIAL,baseline,teste_reservado,163139,2026-08-25,3399001,-3339|-4931,moinhos vento,18.5,50000.0,45220.079223534194,7,6.942075694238331,150.0,2612,0.2,,0.9044015844706839,0.09559841552931614
GARAGEM / VAGA NÃO RESIDENCIAL,baseline,teste_reservado,163137,2026-08-25,3398994,-3339|-4931,moinhos vento,18.5,50000.0,45220.079223534194,7,6.942075694238331,150.0,2612,0.2,,0.9044015844706839,0.09559841552931614
GARAGEM / VAGA NÃO RESIDENCIAL,baseline,teste_reservado,163141,2026-08-25,3399028,-3339|-4931,moinhos vento,18.5,50000.0,45220.079223534194,7,6.942075694238331,150.0,2612,0.2,,0.9044015844706839,0.09559841552931614
GARAGEM / VAGA NÃO RESIDENCIAL,baseline,teste_reservado,163145,2026-08-25,3399060,-3339|-4931,moinhos vento,18.5,50000.0,45220.079223534194,7,6.942075694238331,150.0,2612,0.2,,0.9044015844706839,0.09559841552931614
GARAGEM / VAGA NÃO RESIDENCIAL,baseline,teste_reservado,163136,2026-08-25,3398978,-3339|-4931,moinhos vento,18.5,50000.0,45220.079223534194,7,6.942075694238331,150.0,2612,0.2,,0.9044015844706839,0.09559841552931614
GARAGEM / VAGA RESIDENCIAL,baseline,teste_reservado,163624,2026-08-26,8982732,-3341|-4928,bom jesus,12.0,40000.0,43813.557812898754,7,6.9058048659878,200.0,17117,0.0374643698062107,,1.095338945322469,0.0953389453224689
GARAGEM / VAGA RESIDENCIAL,baseline,teste_reservado,163623,2026-08-26,8982740,-3341|-4928,bom jesus,12.0,40000.0,43813.557812898754,7,6.9058048659878,200.0,17117,0.0374643698062107,,1.095338945322469,0.0953389453224689
APARTAMENTO,baseline,teste_reservado,164540,2026-09-02,5326583,-3338|-4931,moinhos vento,42.87,175000.0,158334.97603969954,15,11.05489002348168,1200.0,96700,0.2,,0.9047712916554259,0.09522870834457409
APARTAMENTO,baseline,teste_reservado,160240,2026-08-07,5399726,-3341|-4929,petropolis,39.69,295000.0,266933.9977905984,14,11.036108106149518,1200.0,96700,0.2,,0.9048610094596556,0.09513899054034436
SALA COMERCIAL,baseline,teste_reservado,159786,2026-08-05,100131033,-3337|-4925,sao sebastiao,24.91,170000.0,153855.68754536528,20,5.1631927452693605,900.0,7886,0.2,,0.9050334561492075,0.0949665438507925
GARAGEM / VAGA RESIDENCIAL,baseline,teste_reservado,162468,2026-08-20,6978401,-3338|-4931,floresta,52.28,240300.0,262927.14990244433,7,6.202785237071097,200.0,17117,0.0374643698062107,,1.094162088649373,0.09416208864937303
APARTAMENTO,baseline,teste_reservado,166487,2026-09-15,5500648,-3337|-4925,sarandi,59.68,240000.0,217409.39298392905,14,11.402748422432907,1200.0,96700,0.2,,0.905872470766371,0.09412752923362899
COBERTURA,baseline,teste_reservado,163193,2026-08-25,8237026,-3339|-4929,boa vista,212.89,1000000.0,1094106.783109299,12,11.873688954358467,900.0,1688,0.2,,1.094106783109299,0.09410678310929899
SALA COMERCIAL,baseline,teste_reservado,166803,2026-09-16,100038231,-3342|-4928,jardim do salso,34.91,195000.0,213344.1554259787,20,6.77678568502775,900.0,7886,0.2,,1.094072591928096,0.09407259192809603
APARTAMENTO,baseline,teste_reservado,161734,2026-08-17,11048468,-3339|-4930,mont serrat,139.96,1482000.0,1343358.0680234644,24,11.327061174271003,1200.0,96700,0.2,,0.9064494386123242,0.09355056138767581
CASA / RESIDÊNCIA,baseline,teste_reservado,164645,2026-09-02,100098380,-3343|-4926,jardim carvalho,111.48,230934.73,252398.78434089443,5,5.0,800.0,16815,0.1487989829969808,,1.0929442459386443,0.09294424593864425
APARTAMENTO,baseline,teste_reservado,160469,2026-08-07,8009872,-3342|-4931,santana,39.56,215000.0,195332.20418378452,21,11.11782705276178,1200.0,96700,0.2,,0.9085218799245791,0.09147812007542089
SALA COMERCIAL,baseline,teste_reservado,163074,2026-08-25,10528350,-3340|-4927,chacara pedras,68.98,688000.0,625763.6136807784,20,7.855188084127854,900.0,7886,0.2,,0.9095401361639222,0.09045986383607785
SALA COMERCIAL,baseline,teste_reservado,162944,2026-08-24,791733,-3340|-4933,centro historic,14.73,35000.0,38164.12589927722,20,9.262127559982982,900.0,7886,0.2,,1.0904035971222064,0.09040359712220636
APARTAMENTO,baseline,teste_reservado,163405,2026-08-14,100058272,-3341|-4934,cidade baixa,55.04,400000.0,436136.015816956,17,11.088078632824605,1200.0,96700,0.2,,1.09034003954239,0.0903400395423899
GARAGEM / VAGA RESIDENCIAL,baseline,teste_reservado,163028,2026-08-24,11480939,-3341|-4929,petropolis,153.86,1158728.0,1054802.5207960035,7,6.92992789101474,200.0,17117,0.0374643698062107,,0.9103107207178937,0.08968927928210635
COBERTURA,baseline,teste_reservado,163235,2026-08-25,10056874,-3341|-4927,chacara pedras,204.74,1150000.0,1252995.671100749,12,11.832535137022164,900.0,1688,0.2,,1.089561453131086,0.08956145313108599
COBERTURA,baseline,teste_reservado,165465,2026-09-08,5560713,-3338|-4930,higienopolis,135.46,550000.0,599138.0886465765,13,11.894427890757772,900.0,1688,0.2,,1.0893419793574117,0.08934197935741173
GARAGEM / VAGA RESIDENCIAL,baseline,teste_reservado,165963,2026-09-10,8949093,-3342|-4933,menino deus,10.58,40000.0,43571.35116543939,13,5.026934798859455,200.0,17117,0.0374643698062107,,1.0892837791359846,0.08928377913598462
GARAGEM / VAGA RESIDENCIAL,baseline,teste_reservado,159524,2026-08-04,10513787,-3343|-4933,menino deus,84.89,455000.0,495459.9407118372,7,6.968765334136744,200.0,17117,0.0374643698062107,,1.0889229466194223,0.08892294661942235
GARAGEM / VAGA RESIDENCIAL,baseline,teste_reservado,159348,2026-08-03,6825508,-3338|-4928,passo da areia,85.98,345000.0,375639.5430805972,7,6.9180472581211285,200.0,17117,0.0374643698062107,,1.0888102697988324,0.08881026979883244
GARAGEM / VAGA RESIDENCIAL,baseline,teste_reservado,166207,2026-09-11,8925992,-3337|-4930,sao joao,56.51,370000.0,337276.8954505099,7,6.876422341538805,200.0,17117,0.0374643698062107,,0.91155917689327,0.08844082310672996
CASA / RESIDÊNCIA,baseline,teste_reservado,164965,2026-09-02,10622918,-3336|-4924,sarandi,263.0,1320000.0,1203687.822739323,5,5.0,800.0,16815,0.1487989829969808,,0.9118847141964568,0.08811528580354322
APARTAMENTO,baseline,teste_reservado,161036,2026-08-12,8103089,-3342|-4928,jardim do salso,40.74,150000.0,163207.92804211838,12,11.967471113743732,1200.0,96700,0.2,,1.0880528536141225,0.08805285361412252
CASA / RESIDÊNCIA,baseline,teste_reservado,163210,2026-08-25,11510013,-3344|-4934,santa tereza,135.0,330000.0,359054.80615523795,5,5.0,800.0,16815,0.1487989829969808,,1.0880448671370846,0.08804486713708459
SALA COMERCIAL,baseline,teste_reservado,166209,2026-09-11,6671454,-3338|-4930,higienopolis,47.21,230000.0,209997.57643060567,16,15.96630513135834,900.0,7886,0.2,,0.9130329410026333,0.08696705899736668
GARAGEM / VAGA RESIDENCIAL,baseline,teste_reservado,167133,2026-09-16,11029692,-3339|-4927,jardim europa,21.16,60000.0,65174.55671273133,8,5.500700946093744,200.0,17117,0.0374643698062107,,1.0862426118788555,0.08624261187885551
GARAGEM / VAGA RESIDENCIAL,baseline,teste_reservado,161934,2026-08-18,100008689,-3335|-4930,humaita,63.94,225000.0,244383.72908051245,10,5.093180718691724,200.0,17117,0.0374643698062107,,1.0861499070244998,0.08614990702449976
APARTAMENTO,baseline,teste_reservado,167352,2026-09-22,24201,-3341|-4933,cidade baixa,61.91,270000.0,246812.0148926293,25,8.396779563949138,1200.0,96700,0.2,,0.9141185736764048,0.08588142632359519
APARTAMENTO,baseline,teste_reservado,163539,2026-08-26,11142294,-3353|-4933,espirito santo,77.81,260000.0,237675.12947181068,12,11.912562789560765,1200.0,96700,0.2,,0.914135113353118,0.08586488664688197
CASA / RESIDÊNCIA,baseline,teste_reservado,161967,2026-08-18,11725176,-3353|-4928,hipica,64.49,260000.0,282297.2616431251,5,5.0,800.0,16815,0.1487989829969808,,1.0857586986274042,0.08575869862740415
LOJA,baseline,teste_reservado,162738,2026-08-21,6233627,-3343|-4926,partenon,20.81,80000.0,86854.31771551658,16,11.326047671424082,700.0,1774,0.2,,1.0856789714439572,0.0856789714439572
COBERTURA,baseline,teste_reservado,161087,2026-08-11,5392438,-3346|-4935,cristal,148.92,440000.0,477563.64856944967,17,11.49783876528246,900.0,1688,0.2,,1.085371928566931,0.08537192856693099
APARTAMENTO,baseline,teste_reservado,163570,2026-08-26,11707712,-3351|-4931,campo novo,39.03,106000.0,96963.33333333331,12,11.999999999999998,1200.0,96700,0.2,,0.9147484276729558,0.08525157232704417
SALA COMERCIAL,baseline,teste_reservado,162268,2026-08-18,9113436,-3339|-4932,moinhos vento,34.55,125000.0,135496.9283519754,17,15.26682899641606,900.0,7886,0.2,,1.083975426815803,0.08397542681580306
GARAGEM / VAGA RESIDENCIAL,baseline,teste_reservado,165645,2026-09-09,6905544,-3341|-4932,santa cecilia,12.0,30000.0,32515.666665913195,7,6.992229813845646,200.0,17117,0.0374643698062107,,1.0838555555304399,0.08385555553043988
SALA COMERCIAL,baseline,teste_reservado,166661,2026-09-15,6938108,-3339|-4931,moinhos vento,32.77,150000.0,162538.9254588786,16,15.51264565859985,900.0,7886,0.2,,1.083592836392524,0.08359283639252402
SALA COMERCIAL,baseline,teste_reservado,163300,2026-08-25,2125110,-3340|-4934,centro historic,21.06,69000.0,63249.42097007285,19,15.14462553599217,900.0,7886,0.2,,0.9166582749285921,0.08334172507140791
APARTAMENTO,baseline,teste_reservado,166488,2026-09-15,1247603,-3341|-4932,santana,113.91,320000.0,346585.0068823478,15,11.71214657196755,1200.0,96700,0.2,,1.083078146507337,0.08307814650733691
APARTAMENTO,baseline,teste_reservado,163196,2026-08-25,331635,-3342|-4932,azenha,65.6,200000.0,216380.1622021493,16,11.606455946574004,1200.0,96700,0.2,,1.0819008110107466,0.08190081101074664
APARTAMENTO,baseline,teste_reservado,163446,2026-08-25,7095821,-3342|-4926,jardim carvalho,46.85,110000.0,118978.93228405411,12,11.999515917510656,1200.0,96700,0.2,,1.0816266571277646,0.08162665712776462
GARAGEM / VAGA RESIDENCIAL,baseline,teste_reservado,165263,2026-09-04,100035840,-3338|-4927,cristo redentor,10.58,40000.0,36749.99992072027,30,4.000000406183891,200.0,17117,0.0374643698062107,,0.9187499980180067,0.08125000198199328
GARAGEM / VAGA NÃO RESIDENCIAL,baseline,teste_reservado,162315,2026-08-19,2879425,-3340|-4934,centro historic,12.1,40000.0,36758.82351691854,16,5.0026758522111,150.0,2612,0.2,,0.9189705879229636,0.0810294120770364
APARTAMENTO,baseline,teste_reservado,159867,2026-08-05,11729805,-3348|-4936,tristeza,95.73,620000.0,571146.3769041967,16,11.071144891959122,1200.0,96700,0.2,,0.9212038337164463,0.07879616628355368
GARAGEM / VAGA RESIDENCIAL,baseline,teste_reservado,159483,2026-08-04,8143900,-3340|-4930,bela vista,327.4,2350000.0,2164878.8781034024,7,5.602127836324736,200.0,17117,0.0374643698062107,,0.9212250545120861,0.07877494548791386
SALA COMERCIAL,baseline,teste_reservado,165837,2026-09-10,100070905,-3337|-4932,sao geraldo,47.86,315000.0,290232.33076707536,20,8.944456948696807,900.0,7886,0.2,,0.9213724786256361,0.0786275213743639
APARTAMENTO,baseline,teste_reservado,165315,2026-09-04,2649276,-3342|-4934,menino deus,72.69,300000.0,276571.5064642785,16,11.36964029138534,1200.0,96700,0.2,,0.921905021547595,0.07809497845240498
APARTAMENTO,baseline,teste_reservado,163071,2026-08-25,5751586,-3339|-4927,vila ipiranga,35.51,165000.0,152345.5209218509,12,11.032738776028912,1200.0,96700,0.2,,0.9233061874051569,0.07669381259484309
CASA / RESIDÊNCIA,baseline,teste_reservado,166739,2026-09-15,10669914,-3337|-4926,sao sebastiao,207.0,700000.0,752564.8175193352,5,5.0,800.0,16815,0.1487989829969808,,1.075092596456193,0.07509259645619304
GARAGEM / VAGA RESIDENCIAL,baseline,teste_reservado,162768,2026-08-20,8450331,-3341|-4929,petropolis,12.0,50000.0,46259.095972447954,7,6.925377412891493,200.0,17117,0.0374643698062107,,0.9251819194489591,0.07481808055104089
CASA / RESIDÊNCIA,baseline,teste_reservado,163841,2026-08-26,2276194,-3346|-4932,nonoai,69.0,360000.0,333107.46588782524,5,5.0,800.0,16815,0.1487989829969808,,0.9252985163550701,0.0747014836449299
APARTAMENTO,baseline,teste_reservado,161730,2026-08-14,10672540,-3340|-4930,bela vista,229.29,2627000.0,2431061.234622096,17,11.222734157638191,1200.0,96700,0.2,,0.9254134886266069,0.07458651137339312
APARTAMENTO,baseline,teste_reservado,160926,2026-08-12,9958606,-3343|-4934,menino deus,89.44,580000.0,538205.6406022939,14,11.060433198591296,1200.0,96700,0.2,,0.9279407596591274,0.07205924034087263
CASA / RESIDÊNCIA,baseline,teste_reservado,163297,2026-08-25,1892827,-3334|-4924,sarandi,47.0,150000.0,160733.6823169415,5,5.0,800.0,16815,0.1487989829969808,,1.0715578821129432,0.07155788211294323
GARAGEM / VAGA RESIDENCIAL,baseline,teste_reservado,161856,2026-08-17,100070164,-3337|-4932,sao geraldo,10.58,40000.0,37142.857142857145,7,6.999999999999997,200.0,17117,0.0374643698062107,,0.9285714285714286,0.0714285714285714
GARAGEM / VAGA RESIDENCIAL,baseline,teste_reservado,165328,2026-09-08,8725500,-3337|-4924,sarandi,10.58,30000.0,27857.142857142862,7,6.999999999999997,200.0,17117,0.0374643698062107,,0.9285714285714287,0.07142857142857129
GARAGEM / VAGA RESIDENCIAL,baseline,teste_reservado,166732,2026-09-16,8725292,-3337|-4924,sarandi,10.58,30000.0,27857.142857142862,7,6.999999999999997,200.0,17117,0.0374643698062107,,0.9285714285714287,0.07142857142857129
SALA COMERCIAL,baseline,teste_reservado,159871,2026-08-05,100102601,-3341|-4929,petropolis,65.54,690000.0,640865.8814042107,20,7.182370841708913,900.0,7886,0.2,,0.9287911324698706,0.07120886753012945
APARTAMENTO,baseline,teste_reservado,164906,2026-09-03,100034058,-3338|-4928,passo da areia,74.64,590000.0,631913.1101291204,13,11.668757076368951,1200.0,96700,0.2,,1.0710391697103736,0.0710391697103736
APARTAMENTO,baseline,teste_reservado,162883,2026-08-24,100120275,-3344|-4928,vila sao jose,50.98,210000.0,224876.03607280995,25,3.6941326151612297,1200.0,96700,0.2,,1.0708382670133807,0.0708382670133807
CASA / RESIDÊNCIA,baseline,teste_reservado,163678,2026-08-25,10329587,-3349|-4937,tristeza,528.0,1750000.0,1626430.0082521592,5,5.0,800.0,16815,0.1487989829969808,,0.929388576144091,0.07061142385590902
GARAGEM / VAGA RESIDENCIAL,baseline,teste_reservado,162117,2026-08-18,6387977,-3340|-4933,centro historic,12.0,45000.0,48176.45334930228,7,5.986423810726577,200.0,17117,0.0374643698062107,,1.0705878522067174,0.07058785220671737
APARTAMENTO,baseline,teste_reservado,159602,2026-08-03,609390,-3340|-4931,rio branco,96.9,300000.0,320951.99505189614,12,11.970372834546597,1200.0,96700,0.2,,1.0698399835063204,0.06983998350632037
COBERTURA,baseline,teste_reservado,163189,2026-08-25,6797741,-3341|-4928,tres figueiras,75.14,318000.0,296302.7705034246,12,11.85425038562299,900.0,1688,0.2,,0.9317697185642282,0.06823028143577181
CASA / RESIDÊNCIA,baseline,teste_reservado,160376,2026-08-07,10401717,-3338|-4922,parque sta fe,197.0,377000.0,351364.2681933001,6,5.874267792903051,800.0,16815,0.1487989829969808,,0.932000711388064,0.06799928861193605
APARTAMENTO,baseline,teste_reservado,161794,2026-08-17,100001386,-3335|-4930,humaita,63.94,260000.0,242727.055721393,12,11.999999999999998,1200.0,96700,0.2,,0.9335655989284346,0.0664344010715654
GARAGEM / VAGA RESIDENCIAL,baseline,teste_reservado,163342,2026-08-25,7095708,-3342|-4926,jardim carvalho,13.0,30000.0,28021.58489646247,7,6.927544723420676,200.0,17117,0.0374643698062107,,0.9340528298820824,0.06594717011791762
APARTAMENTO,baseline,teste_reservado,164794,2026-09-02,608580,-3340|-4931,rio branco,85.0,490000.0,522089.283110781,25,3.6974633656003424,1200.0,96700,0.2,,1.065488332879145,0.0654883328791449
APARTAMENTO,baseline,teste_reservado,160312,2026-08-07,6686109,-3338|-4925,jardim itu,64.77,255000.0,238332.91612272983,15,11.044878714751617,1200.0,96700,0.2,,0.9346388867558033,0.06536111324419669
CASA / RESIDÊNCIA,baseline,teste_reservado,166802,2026-09-16,9255397,-3351|-4933,ipanema,190.0,650000.0,607689.955671622,5,5.0,800.0,16815,0.1487989829969808,,0.9349076241101876,0.06509237588981243
SALA COMERCIAL,baseline,teste_reservado,167129,2026-09-18,2126168,-3340|-4934,centro historic,33.62,99000.0,105424.60481530438,17,15.706826432279763,900.0,7886,0.2,,1.0648949981343876,0.0648949981343876
COBERTURA,baseline,teste_reservado,163455,2026-08-26,8326738,-3342|-4930,jardim botanico,174.98,590000.0,628074.5769523681,12,11.815338553435618,900.0,1688,0.2,,1.0645331812752001,0.06453318127520014
LOJA,baseline,teste_reservado,161016,2026-08-12,2663120,-3340|-4932,rio branco,36.53,210000.0,223500.91922755184,12,11.745087123763074,700.0,1774,0.2,,1.0642900915597706,0.06429009155977061
GARAGEM / VAGA RESIDENCIAL,baseline,teste_reservado,166181,2026-09-12,2802732,-3339|-4930,auxiliadora,12.48,40000.0,42565.9129578898,7,5.938253767225911,200.0,17117,0.0374643698062107,,1.064147823947245,0.06414782394724505
SALA COMERCIAL,baseline,teste_reservado,165490,2026-09-04,80306,-3340|-4934,centro historic,58.25,125000.0,117024.07806551523,17,15.418780502534366,900.0,7886,0.2,,0.9361926245241219,0.06380737547587811
SALA COMERCIAL,baseline,teste_reservado,166742,2026-09-16,10528660,-3340|-4927,chacara pedras,84.46,825000.0,772419.5461686959,19,15.27079049125551,900.0,7886,0.2,,0.9362661165681162,0.0637338834318838
APARTAMENTO,baseline,teste_reservado,160348,2026-08-07,9539646,-3343|-4934,menino deus,105.61,800000.0,749266.4113208344,16,11.688745444017384,1200.0,96700,0.2,,0.9365830141510431,0.06341698584895694
APARTAMENTO,baseline,teste_reservado,162056,2026-08-17,5064368,-3344|-4934,santa tereza,53.8,230000.0,215547.72860729173,25,5.157296840750666,1200.0,96700,0.2,,0.9371640374230076,0.06283596257699242
APARTAMENTO,baseline,teste_reservado,162345,2026-08-18,5375746,-3339|-4927,vila ipiranga,42.59,173000.0,183740.15130082372,25,8.651255124381963,1200.0,96700,0.2,,1.0620817994267266,0.06208179942672665
SALA COMERCIAL,baseline,teste_reservado,165621,2026-09-09,100090185,-3338|-4926,cristo redentor,42.97,350000.0,328402.6100376815,20,10.571020779890985,900.0,7886,0.2,,0.9382931715362328,0.06170682846376718
SALA COMERCIAL,baseline,teste_reservado,161005,2026-08-11,8017107,-3340|-4933,centro historic,128.89,332215.48,311811.895194452,16,15.85508649329632,900.0,7886,0.2,,0.9385832809309549,0.06141671906904511
APARTAMENTO,baseline,teste_reservado,163202,2026-08-25,10520260,-3347|-4934,cavalhada,55.13,290000.0,272192.66071863566,13,11.456927527843607,1200.0,96700,0.2,,0.9385953817883989,0.06140461821160115
GARAGEM / VAGA RESIDENCIAL,baseline,teste_reservado,160515,2026-08-06,9473491,-3348|-4935,camaqua,10.58,40000.0,37550.02140788698,7,6.365774091111505,200.0,17117,0.0374643698062107,,0.9387505351971746,0.06124946480282545
GARAGEM / VAGA RESIDENCIAL,baseline,teste_reservado,167199,2026-09-21,100070037,-3337|-4932,sao geraldo,10.58,35000.0,37142.857142857145,7,6.999999999999997,200.0,17117,0.0374643698062107,,1.0612244897959184,0.061224489795918435
GARAGEM / VAGA RESIDENCIAL,baseline,teste_reservado,165647,2026-09-09,8732906,-3342|-4930,petropolis,10.58,40000.0,37583.65202059151,7,6.986007110096612,200.0,17117,0.0374643698062107,,0.9395913005147877,0.060408699485212325
GARAGEM / VAGA RESIDENCIAL,baseline,teste_reservado,165648,2026-09-09,8732914,-3342|-4930,petropolis,10.58,40000.0,37583.65202059151,7,6.986007110096612,200.0,17117,0.0374643698062107,,0.9395913005147877,0.060408699485212325
GARAGEM / VAGA RESIDENCIAL,baseline,teste_reservado,161451,2026-08-14,100012648,-3343|-4931,partenon,13.61,40000.0,37608.45996029426,14,5.024089729241327,200.0,17117,0.0374643698062107,,0.9402114990073566,0.059788500992643434
CASA / RESIDÊNCIA,baseline,teste_reservado,160815,2026-08-11,10348751,-3340|-4928,tres figueiras,413.0,2726000.0,2563714.200850805,5,5.0,800.0,16815,0.1487989829969808,,0.9404674251103466,0.059532574889653356
COBERTURA,baseline,teste_reservado,167429,2026-09-22,100135999,-3339|-4929,boa vista,475.27,4888000.0,4598525.759110275,14,11.77657674446631,900.0,1688,0.2,,0.940778592289336,0.059221407710663976
GARAGEM / VAGA RESIDENCIAL,baseline,teste_reservado,164717,2026-09-02,9087494,-3337|-4924,sarandi,10.58,30000.0,31754.91010814223,8,5.148705048344417,200.0,17117,0.0374643698062107,,1.058497003604741,0.05849700360474097
APARTAMENTO,baseline,teste_reservado,163047,2026-08-24,100088056,-3333|-4930,farrapos,46.52,260000.0,244833.81533043712,12,11.999999999999998,1200.0,96700,0.2,,0.9416685205016813,0.05833147949831874
TERRENO,baseline,teste_reservado,159899,2026-08-05,1618814,-3341|-4930,bela vista,286.0,1356000.0,1277986.9630107211,12,11.887658122233905,200.0,97,0.0,,0.9424682618073165,0.057531738192683535
APARTAMENTO,baseline,teste_reservado,163072,2026-08-25,100005787,-3338|-4926,vila ipiranga,83.07,450000.0,475819.3008371762,12,11.930039829956788,1200.0,96700,0.2,,1.057376224082614,0.05737622408261389
APARTAMENTO,baseline,teste_reservado,165116,2026-09-04,100033920,-3339|-4930,mont serrat,83.91,760000.0,716487.856052076,25,5.172495181025212,1200.0,96700,0.2,,0.9427471790158894,0.05725282098411055
GARAGEM / VAGA RESIDENCIAL,baseline,teste_reservado,167383,2026-09-22,100066957,-3354|-4930,hipica,10.58,30000.0,28285.868816210877,7,6.733017751128412,200.0,17117,0.0374643698062107,,0.9428622938736959,0.05713770612630409
APARTAMENTO,baseline,teste_reservado,167058,2026-09-18,963577,-3340|-4932,bom fim,91.53,365100.0,385908.1486445997,16,11.505468148761963,1200.0,96700,0.2,,1.0569930118997528,0.05699301189975281
GARAGEM / VAGA RESIDENCIAL,baseline,teste_reservado,160173,2026-08-07,11127082,-3340|-4930,mont serrat,105.24,920000.0,867598.5041539365,7,6.970389668571383,200.0,17117,0.0374643698062107,,0.9430418523412354,0.05695814765876461
SALA COMERCIAL,baseline,teste_reservado,162269,2026-08-19,100116512,-3341|-4932,santana,30.32,361185.8,340658.9318543521,20,10.693914854371323,900.0,7886,0.2,,0.9431681197166448,0.056831880283355174
APARTAMENTO,baseline,teste_reservado,167068,2026-09-18,9002162,-3339|-4929,boa vista,84.34,510000.0,481139.2542008968,12,11.938775374438764,1200.0,96700,0.2,,0.9434103023546996,0.05658969764530042
APARTAMENTO,baseline,teste_reservado,160841,2026-08-11,9588167,-3341|-4931,petropolis,41.84,249000.0,262748.70864749944,12,11.97481799269813,1200.0,96700,0.2,,1.055215697379516,0.05521569737951593
APARTAMENTO,baseline,teste_reservado,164587,2026-09-02,5658675,-3338|-4928,passo da areia,70.42,295000.0,278913.55800709454,12,11.909640934295714,1200.0,96700,0.2,,0.9454696881596425,0.054530311840357504
CASA / RESIDÊNCIA,baseline,teste_reservado,162810,2026-08-24,1839128,-3336|-4924,sarandi,164.0,365000.0,345136.1825546665,5,5.0,800.0,16815,0.1487989829969808,,0.945578582341552,0.05442141765844799
GARAGEM / VAGA RESIDENCIAL,baseline,teste_reservado,166184,2026-09-14,9721851,-3337|-4926,jardim lindoia,11.16,40000.0,42176.35214769598,7,6.926941595091391,200.0,17117,0.0374643698062107,,1.0544088036923995,0.05440880369239953
APARTAMENTO,baseline,teste_reservado,165557,2026-09-08,5925088,-3340|-4934,centro historic,81.16,375000.0,395322.0110547433,14,11.817038831936472,1200.0,96700,0.2,,1.0541920294793155,0.05419202947931545
APARTAMENTO,baseline,teste_reservado,165612,2026-09-09,100025846,-3342|-4925,jardim carvalho,52.18,221000.0,232772.7098361094,25,8.161139381351605,1200.0,96700,0.2,,1.0532701802538886,0.05327018025388863
APARTAMENTO,baseline,teste_reservado,167348,2026-09-22,8860491,-3342|-4933,menino deus,78.78,530000.0,502098.8948335002,12,11.981696065492097,1200.0,96700,0.2,,0.9473564053462268,0.05264359465377322
APARTAMENTO,baseline,teste_reservado,164140,2026-08-31,6642985,-3338|-4930,sao joao,41.29,230000.0,217917.6439388387,14,11.166135569102048,1200.0,96700,0.2,,0.9474680171253856,0.05253198287461436
APARTAMENTO,baseline,teste_reservado,164216,2026-08-31,10918442,-3340|-4931,rio branco,50.84,510000.0,483534.6105316704,12,11.56374457237134,1200.0,96700,0.2,,0.9481070794738635,0.05189292052613648
CASA / RESIDÊNCIA,baseline,teste_reservado,165112,2026-09-04,100012565,-3354|-4930,hipica,93.1,318000.0,301612.8302363989,5,5.0,800.0,16815,0.1487989829969808,,0.9484680196113173,0.051531980388682674
GARAGEM / VAGA RESIDENCIAL,baseline,teste_reservado,161265,2026-08-13,10205934,-3341|-4933,cidade baixa,10.58,50000.0,47428.35248948171,30,3.698184395394736,200.0,17117,0.0374643698062107,,0.9485670497896341,0.05143295021036587
APARTAMENTO,baseline,teste_reservado,165777,2026-09-10,6341691,-3334|-4930,humaita,31.43,120000.0,126168.4324361655,12,11.107427245604592,1200.0,96700,0.2,,1.0514036036347125,0.051403603634712525
APARTAMENTO,baseline,teste_reservado,163876,2026-08-27,6435742,-3345|-4935,cristal,58.9,180000.0,189239.61649410435,12,11.975477669627796,1200.0,96700,0.2,,1.0513312027450241,0.05133120274502412
APARTAMENTO,baseline,teste_reservado,160961,2026-08-11,100022030,-3338|-4926,vila ipiranga,79.27,430000.0,408131.0728595464,17,11.060537948984695,1200.0,96700,0.2,,0.9491420299059219,0.05085797009407811
GARAGEM / VAGA RESIDENCIAL,baseline,teste_reservado,164316,2026-08-31,8907501,-3340|-4932,independencia,10.95,50000.0,47475.17058327772,7,6.992107918857436,200.0,17117,0.0374643698062107,,0.9495034116655544,0.05049658833444559
GARAGEM / VAGA RESIDENCIAL,baseline,teste_reservado,165813,2026-09-09,9413987,-3340|-4930,bela vista,60.66,400000.0,420175.8198033953,7,6.148898636223174,200.0,17117,0.0374643698062107,,1.0504395495084882,0.05043954950848817
CASA / RESIDÊNCIA,baseline,teste_reservado,164893,2026-09-03,2480263,-3341|-4924,morro santana,46.0,200000.0,210055.43794871797,5,5.0,800.0,16815,0.1487989829969808,,1.0502771897435899,0.050277189743589856
SALA COMERCIAL,baseline,teste_reservado,165063,2026-09-03,100052655,-3342|-4934,praia de belas,40.15,400058.77,379963.8224680312,20,4.903585977945075,900.0,7886,0.2,,0.9497700112111808,0.050229988788819235
SALA COMERCIAL,baseline,teste_reservado,164148,2026-08-31,100110182,-3347|-4935,cristal,37.05,254000.0,241404.13095688028,20,4.000426615611981,900.0,7886,0.2,,0.9504099643971665,0.04959003560283348
SALA COMERCIAL,baseline,teste_reservado,164147,2026-08-31,100110180,-3347|-4935,cristal,37.05,254000.0,241404.13095688028,20,4.000426615611981,900.0,7886,0.2,,0.9504099643971665,0.04959003560283348
CASA / RESIDÊNCIA,baseline,teste_reservado,165457,2026-09-08,10512934,-3334|-4929,humaita,108.0,400000.0,380248.9624858332,6,5.95230827643022,800.0,16815,0.1487989829969808,,0.950622406214583,0.04937759378541695
GARAGEM / VAGA RESIDENCIAL,baseline,teste_reservado,167155,2026-09-21,9785752,-3347|-4934,cavalhada,10.58,40000.0,38026.71646757914,7,5.11494095986699,200.0,17117,0.0374643698062107,,0.9506679116894786,0.04933208831052138
SALA COMERCIAL,baseline,teste_reservado,164944,2026-09-03,8192588,-3337|-4928,passo da areia,60.8,120000.0,125866.74268479767,16,15.7199175392208,900.0,7886,0.2,,1.048889522373314,0.0488895223733139
APARTAMENTO,baseline,teste_reservado,165944,2026-09-10,2749238,-3346|-4935,cristal,50.53,154000.0,146606.61000000002,12,11.999999999999998,1200.0,96700,0.2,,0.9519909740259741,0.0480090259740259
GARAGEM / VAGA RESIDENCIAL,baseline,teste_reservado,161670,2026-08-17,6274870,-3347|-4934,nonoai,12.0,35000.0,33327.13025709178,7,5.76383459611476,200.0,17117,0.0374643698062107,,0.9522037216311938,0.04779627836880618
GARAGEM / VAGA RESIDENCIAL,baseline,teste_reservado,160659,2026-08-10,100076236,-3340|-4927,vila jardim,10.58,30000.0,31428.57142857143,7,6.999999999999997,200.0,17117,0.0374643698062107,,1.0476190476190477,0.04761904761904767
CASA / RESIDÊNCIA,baseline,teste_reservado,161663,2026-08-17,6408834,-3340|-4926,jardim sabara,140.0,330000.0,314311.3729362753,5,5.0,800.0,16815,0.1487989829969808,,0.9524587058675009,0.04754129413249908
APARTAMENTO,baseline,teste_reservado,163901,2026-08-28,10158901,-3341|-4931,rio branco,93.16,710000.0,676316.4240678613,25,3.688931769316656,1200.0,96700,0.2,,0.9525583437575511,0.04744165624244889
GARAGEM / VAGA RESIDENCIAL,baseline,teste_reservado,160315,2026-08-07,8153280,-3341|-4928,bom jesus,76.46,270000.0,257199.3218392155,7,6.7903009683140825,200.0,17117,0.0374643698062107,,0.9525900808859833,0.04740991911401671
GARAGEM / VAGA RESIDENCIAL,baseline,teste_reservado,161637,2026-08-17,100121448,-3338|-4930,higienopolis,13.45,70000.0,66695.43083394332,19,5.035458666001487,200.0,17117,0.0374643698062107,,0.9527918690563332,0.047208130943666826
SALA COMERCIAL,baseline,teste_reservado,167235,2026-09-21,9424539,-3339|-4930,auxiliadora,33.63,175000.0,166805.9883352243,20,11.076154212840848,900.0,7886,0.2,,0.9531770762012818,0.04682292379871822
GARAGEM / VAGA RESIDENCIAL,baseline,teste_reservado,164365,2026-09-01,9612289,-3343|-4928,partenon,78.57,443000.0,422336.5213026291,7,6.375180974150961,200.0,17117,0.0374643698062107,,0.9533555785612394,0.046644421438760575
CASA / RESIDÊNCIA,baseline,teste_reservado,164618,2026-09-01,5312949,-3345|-4933,santa tereza,167.0,480000.0,502386.3265330887,5,5.0,800.0,16815,0.1487989829969808,,1.0466381802772682,0.04663818027726818
GARAGEM / VAGA RESIDENCIAL,baseline,teste_reservado,160379,2026-08-08,10387919,-3342|-4930,petropolis,12.0,40000.0,38149.07317114603,7,6.922824819176453,200.0,17117,0.0374643698062107,,0.9537268292786508,0.04627317072134918
APARTAMENTO,baseline,teste_reservado,164413,2026-09-01,9127887,-3341|-4925,jardim carvalho,57.9,310000.0,324089.58615263534,12,11.971899501743508,1200.0,96700,0.2,,1.045450277911727,0.045450277911726955
TERRENO,baseline,teste_reservado,162973,2026-08-21,9213880,-3354|-4928,hipica,125.0,224000.0,213881.81216613573,12,11.946539410267306,200.0,97,0.0,,0.9548295185988203,0.04517048140117974
APARTAMENTO,baseline,teste_reservado,164706,2026-09-02,100085111,-3351|-4933,ipanema,71.75,320000.0,305793.8807803087,15,11.290381788282318,1200.0,96700,0.2,,0.9556058774384646,0.04439412256153541
CASA / RESIDÊNCIA,baseline,teste_reservado,161082,2026-08-11,1447955,-3343|-4928,vila sao jose,94.0,290000.0,302873.1876847161,5,5.0,800.0,16815,0.1487989829969808,,1.0443903023610899,0.04439030236108987
SALA COMERCIAL,baseline,teste_reservado,159701,2026-08-05,1410059,-3340|-4934,centro historic,21.82,62500.0,65253.54419232604,20,10.7762354538798,900.0,7886,0.2,,1.0440567070772167,0.04405670707721665
APARTAMENTO,baseline,teste_reservado,160564,2026-08-10,5015979,-3340|-4934,centro historic,95.77,500000.0,522003.2336455559,25,7.04756713151646,1200.0,96700,0.2,,1.0440064672911118,0.044006467291111795
GARAGEM / VAGA RESIDENCIAL,baseline,teste_reservado,167395,2026-09-22,10740732,-3340|-4931,rio branco,19.78,50000.0,47801.434214662346,7,6.895390627995897,200.0,17117,0.0374643698062107,,0.9560286842932469,0.043971315706753056
GARAGEM / VAGA RESIDENCIAL,baseline,teste_reservado,160464,2026-08-06,5394317,-3346|-4935,cristal,73.6,276000.0,288064.13000646856,7,6.368753416815771,200.0,17117,0.0374643698062107,,1.0437106159654659,0.04371061596546588
APARTAMENTO,baseline,teste_reservado,166881,2026-09-16,100038333,-3343|-4931,santo antonio,65.29,290000.0,302561.1190484568,12,11.99102646179491,1200.0,96700,0.2,,1.0433142036153682,0.043314203615368196
GARAGEM / VAGA RESIDENCIAL,baseline,teste_reservado,166572,2026-09-15,11286822,-3338|-4926,cristo redentor,70.01,395000.0,411907.4197968009,30,4.79143995880078,200.0,17117,0.0374643698062107,,1.0428035944222807,0.042803594422280655
GARAGEM / VAGA RESIDENCIAL,baseline,teste_reservado,163787,2026-08-27,2678314,-3339|-4931,moinhos vento,15.63,50000.0,52128.66869185324,7,6.592666478387869,200.0,17117,0.0374643698062107,,1.0425733738370648,0.04257337383706483
GARAGEM / VAGA RESIDENCIAL,baseline,teste_reservado,161421,2026-08-14,6109802,-3347|-4934,cavalhada,72.65,245000.0,255419.2030571182,7,6.4449239368998725,200.0,17117,0.0374643698062107,,1.042527359416809,0.04252735941680896
APARTAMENTO,baseline,teste_reservado,163285,2026-08-25,11743085,-3340|-4923,mario quintana,43.15,130000.0,135496.70239462363,15,11.081368680721209,1200.0,96700,0.2,,1.0422823261124894,0.04228232611248939
COBERTURA,baseline,teste_reservado,162695,2026-08-20,8451524,-3339|-4931,moinhos vento,236.93,1380000.0,1322834.00872267,12,11.735446592518352,900.0,1688,0.2,,0.9585753686396159,0.0414246313603841
GARAGEM / VAGA RESIDENCIAL,baseline,teste_reservado,167336,2026-09-22,8860173,-3342|-4933,menino deus,10.58,40000.0,41650.41634164829,7,5.83264972968905,200.0,17117,0.0374643698062107,,1.0412604085412074,0.04126040854120738
SALA COMERCIAL,baseline,teste_reservado,164877,2026-09-01,80292,-3340|-4934,centro historic,54.45,125000.0,130154.5489510901,20,10.506478351882588,900.0,7886,0.2,,1.0412363916087208,0.041236391608720835
GARAGEM / VAGA RESIDENCIAL,baseline,teste_reservado,165541,2026-09-09,100033008,-3338|-4928,passo da areia,73.11,560000.0,537518.6595273126,7,6.516215309328082,200.0,17117,0.0374643698062107,,0.9598547491559154,0.0401452508440846
CASA / RESIDÊNCIA,baseline,teste_reservado,165194,2026-09-04,10691898,-3355|-4931,aberta dos morr,80.0,306291.16,318406.6761152996,5,5.0,800.0,16815,0.1487989829969808,,1.0395555526816367,0.039555552681636685
APARTAMENTO,baseline,teste_reservado,164572,2026-09-02,5325358,-3340|-4933,bom fim,27.95,145000.0,139325.39857885527,14,11.402644416532937,1200.0,96700,0.2,,0.9608648177852087,0.039135182214791286
GARAGEM / VAGA RESIDENCIAL,baseline,teste_reservado,164173,2026-08-26,9712984,-3341|-4929,petropolis,10.58,30000.0,31158.452009154986,7,6.830149914000227,200.0,17117,0.0374643698062107,,1.0386150669718328,0.03861506697183281
GARAGEM / VAGA RESIDENCIAL,baseline,teste_reservado,160797,2026-08-05,9389482,-3348|-4936,tristeza,88.75,420000.0,436139.1702746685,8,5.031547677545361,200.0,17117,0.0374643698062107,,1.0384265958920678,0.03842659589206776
APARTAMENTO,baseline,teste_reservado,166433,2026-09-15,11586788,-3343|-4931,santo antonio,65.29,314579.0,302561.1190484568,12,11.99102646179491,1200.0,96700,0.2,,0.9617969382840456,0.038203061715954445
TERRENO,baseline,teste_reservado,161781,2026-08-12,520764,-3346|-4934,cristal,300.0,450000.0,433557.4740637434,12,11.993467345165838,200.0,97,0.0,,0.9634610534749852,0.03653894652501477
GARAGEM / VAGA RESIDENCIAL,baseline,teste_reservado,167047,2026-09-18,5032555,-3341|-4932,santana,13.98,40000.0,41438.765616592274,7,5.857011905450134,200.0,17117,0.0374643698062107,,1.0359691404148068,0.03596914041480681
SALA COMERCIAL,baseline,teste_reservado,163415,2026-08-26,7026188,-3341|-4933,cidade baixa,40.43,200000.0,192849.4553081868,16,15.707594024446667,900.0,7886,0.2,,0.964247276540934,0.035752723459065994
TERRENO,baseline,teste_reservado,159946,2026-08-04,178454,-3336|-4924,sarandi,300.0,370000.0,356809.9503461762,13,11.597032882511169,200.0,97,0.0,,0.9643512171518276,0.03564878284817241
SALA COMERCIAL,baseline,teste_reservado,160291,2026-08-07,8416230,-3340|-4933,bom fim,19.28,80000.0,77166.16845056933,20,6.689083413092678,900.0,7886,0.2,,0.9645771056321166,0.03542289436788337
GARAGEM / VAGA RESIDENCIAL,baseline,teste_reservado,160060,2026-08-05,9776397,-3341|-4930,bela vista,21.16,60000.0,57885.12643297349,7,6.205578083622673,200.0,17117,0.0374643698062107,,0.9647521072162248,0.03524789278377516
GARAGEM / VAGA RESIDENCIAL,baseline,teste_reservado,159712,2026-08-05,100053242,-3338|-4929,higienopolis,10.58,50000.0,48257.23093564117,11,5.009552436457965,200.0,17117,0.0374643698062107,,0.9651446187128234,0.03485538128717658
GARAGEM / VAGA RESIDENCIAL,baseline,teste_reservado,163079,2026-08-24,5141915,-3340|-4930,bela vista,155.87,795000.0,767444.7872773722,8,5.179607528182112,200.0,17117,0.0374643698062107,,0.965339355065877,0.03466064493412302
APARTAMENTO,baseline,teste_reservado,166350,2026-09-14,9780408,-3342|-4930,petropolis,101.87,705000.0,729143.2693444721,15,11.022667148219162,1200.0,96700,0.2,,1.0342457721198186,0.03424577211981861
APARTAMENTO,baseline,teste_reservado,162357,2026-08-19,10560181,-3338|-4927,passo da areia,71.77,520000.0,502505.80155286245,25,3.694027449574489,1200.0,96700,0.2,,0.9663573106785817,0.03364268932141834
APARTAMENTO,baseline,teste_reservado,163872,2026-08-28,255211,-3340|-4933,centro historic,60.26,320000.0,309559.2320045631,25,5.3230350402162845,1200.0,96700,0.2,,0.9673726000142596,0.03262739998574038
GARAGEM / VAGA RESIDENCIAL,baseline,teste_reservado,162504,2026-08-19,9417729,-3340|-4929,petropolis,216.41,1660000.0,1606323.7822133268,7,6.716062320743565,200.0,17117,0.0374643698062107,,0.9676649290441728,0.032335070955827216
COBERTURA,baseline,teste_reservado,160611,2026-08-10,6696406,-3339|-4932,moinhos vento,195.02,953000.0,922523.208903163,13,11.591847413665796,900.0,1688,0.2,,0.9680201562467607,0.03197984375323926
SALA COMERCIAL,baseline,teste_reservado,160625,2026-08-10,8192634,-3337|-4928,passo da areia,60.8,130000.0,125866.74268479767,16,15.7199175392208,900.0,7886,0.2,,0.9682057129599821,0.031794287040017855
SALA COMERCIAL,baseline,teste_reservado,163672,2026-08-27,11636254,-3346|-4935,cristal,40.65,460000.0,445432.6952629389,20,6.001058377259494,900.0,7886,0.2,,0.9683319462237803,0.03166805377621973
GARAGEM / VAGA RESIDENCIAL,baseline,teste_reservado,166147,2026-09-14,10934812,-3340|-4931,bela vista,12.54,55000.0,53278.16509413646,30,4.926835293713061,200.0,17117,0.0374643698062107,,0.968693910802481,0.03130608919751898
SALA COMERCIAL,baseline,teste_reservado,161545,2026-08-14,2124467,-3340|-4934,centro historic,23.76,68000.0,70106.5364684505,17,15.03404410866848,900.0,7886,0.2,,1.0309784774772133,0.030978477477213273
CASA / RESIDÊNCIA,baseline,teste_reservado,164340,2026-08-31,10694056,-3355|-4931,aberta dos morr,75.0,344000.0,333358.2012020838,5,5.0,800.0,16815,0.1487989829969808,,0.9690645383781505,0.030935461621849458
GARAGEM / VAGA RESIDENCIAL,baseline,teste_reservado,165971,2026-09-10,9307656,-3339|-4928,boa vista,11.64,40000.0,41225.00000000001,7,7.0,200.0,17117,0.0374643698062107,,1.0306250000000001,0.030625000000000124
SALA COMERCIAL,baseline,teste_reservado,159404,2026-08-03,79464,-3340|-4934,centro historic,76.46,200000.0,193892.80077113237,17,15.01459175132772,900.0,7886,0.2,,0.9694640038556619,0.030535996144338107
CASA / RESIDÊNCIA,baseline,teste_reservado,165679,2026-09-09,11173661,-3343|-4926,jardim carvalho,364.0,1600000.0,1552622.3606504065,5,5.0,800.0,16815,0.1487989829969808,,0.970388975406504,0.02961102459349596
COBERTURA,baseline,teste_reservado,165072,2026-09-03,6778089,-3341|-4930,petropolis,77.78,430000.0,442435.67924561794,12,11.699410689312865,900.0,1688,0.2,,1.0289201842921347,0.02892018429213472
APARTAMENTO,baseline,teste_reservado,164565,2026-09-01,5666902,-3337|-4925,sarandi,41.83,130000.0,133660.13100196185,25,5.199751634308255,1200.0,96700,0.2,,1.028154853861245,0.028154853861245055
GARAGEM / VAGA RESIDENCIAL,baseline,teste_reservado,165716,2026-09-09,8896577,-3337|-4927,cristo redentor,10.35,40000.0,41117.74335002266,15,5.005991600614658,200.0,17117,0.0374643698062107,,1.0279435837505666,0.027943583750566603
APARTAMENTO,baseline,teste_reservado,166188,2026-09-09,2450534,-3342|-4930,petropolis,65.0,200000.0,205467.68650554933,13,11.875684832495896,1200.0,96700,0.2,,1.0273384325277466,0.027338432527746592
APARTAMENTO,baseline,teste_reservado,166061,2026-09-11,10447083,-3340|-4927,vila jardim,82.72,485000.0,471758.8405764075,13,11.885795677726668,1200.0,96700,0.2,,0.9726986403637268,0.027301359636273226
APARTAMENTO,baseline,teste_reservado,162671,2026-08-21,9833633,-3341|-4928,bom jesus,104.32,700000.0,681018.4497191429,20,11.29592330502603,1200.0,96700,0.2,,0.9728834995987755,0.027116500401224486
APARTAMENTO,baseline,teste_reservado,161943,2026-08-18,6457118,-3341|-4927,vila jardim,40.53,150000.0,154031.10980354215,12,11.99396515276787,1200.0,96700,0.2,,1.0268740653569477,0.026874065356947696
SALA COMERCIAL,baseline,teste_reservado,161978,2026-08-18,8176922,-3349|-4936,tristeza,25.28,135000.0,131590.4123924923,20,14.08806997006623,900.0,7886,0.2,,0.9747437954999428,0.025256204500057167
APARTAMENTO,baseline,teste_reservado,167243,2026-09-18,5364264,-3342|-4930,jardim botanico,55.7,200000.0,194986.9160463725,25,8.469184087004056,1200.0,96700,0.2,,0.9749345802318625,0.025065419768137476
APARTAMENTO,baseline,teste_reservado,160369,2026-08-07,6504647,-3337|-4921,rubem berta,74.15,160000.0,163998.31843829463,23,11.321696208241676,1200.0,96700,0.2,,1.0249894902393415,0.024989490239341494
APARTAMENTO,baseline,teste_reservado,164430,2026-09-01,11331364,-3338|-4928,passo da areia,73.55,407000.0,396898.4605628916,25,11.090629678736535,1200.0,96700,0.2,,0.9751804927835175,0.024819507216482517
CASA / RESIDÊNCIA,baseline,teste_reservado,165671,2026-09-09,2188872,-3340|-4925,jardim sabara,58.0,350000.0,341361.2398809084,5,5.0,800.0,16815,0.1487989829969808,,0.9753178282311669,0.02468217176883314
APARTAMENTO,baseline,teste_reservado,167342,2026-09-21,100062448,-3338|-4928,passo da areia,126.8,1035000.0,1010069.5157466232,12,11.96295261652546,1200.0,96700,0.2,,0.9759125756006021,0.024087424399397928
GARAGEM / VAGA RESIDENCIAL,baseline,teste_reservado,160261,2026-08-06,9679375,-3337|-4924,sarandi,10.58,30000.0,29280.163030086263,7,6.997464109747581,200.0,17117,0.0374643698062107,,0.9760054343362088,0.023994565663791212
APARTAMENTO,baseline,teste_reservado,163925,2026-08-27,963054,-3340|-4932,bom fim,62.22,320000.0,327524.14979306445,15,11.036330911673234,1200.0,96700,0.2,,1.0235129681033264,0.02351296810332637
COBERTURA,baseline,teste_reservado,165860,2026-09-09,8776105,-3348|-4936,tristeza,146.63,550000.0,562802.145437256,16,11.255529910182542,900.0,1688,0.2,,1.0232766280677381,0.023276628067738114
GARAGEM / VAGA RESIDENCIAL,baseline,teste_reservado,163012,2026-08-25,11158484,-3338|-4929,higienopolis,10.58,50000.0,48845.24451690578,7,6.923994721088514,200.0,17117,0.0374643698062107,,0.9769048903381157,0.023095109661884328
APARTAMENTO,baseline,teste_reservado,159933,2026-08-06,100063872,-3338|-4923,passo pedras,62.85,250000.0,244232.47573920127,12,11.012639849834606,1200.0,96700,0.2,,0.976929902956805,0.02307009704319496
APARTAMENTO,baseline,teste_reservado,162054,2026-08-18,6679285,-3337|-4925,sarandi,65.73,230000.0,235176.9911763998,12,11.976516848303396,1200.0,96700,0.2,,1.0225086572886948,0.022508657288694778
APARTAMENTO,baseline,teste_reservado,165006,2026-09-03,6643256,-3348|-4936,tristeza,69.7,250000.0,255626.72899309345,13,11.267061735882551,1200.0,96700,0.2,,1.0225069159723739,0.022506915972373864
APARTAMENTO,baseline,teste_reservado,161500,2026-08-14,11542381,-3339|-4927,jardim europa,151.48,1940000.0,1983660.838264984,13,11.277456945993777,1200.0,96700,0.2,,1.0225055867345278,0.02250558673452785
GARAGEM / VAGA RESIDENCIAL,baseline,teste_reservado,164341,2026-09-01,10213597,-3338|-4930,higienopolis,10.58,50000.0,48889.2534429457,9,5.2992869028605085,200.0,17117,0.0374643698062107,,0.977785068858914,0.02221493114108597
APARTAMENTO,baseline,teste_reservado,166666,2026-09-16,11138408,-3350|-4922,lomba pinheiro,39.03,100914.01,103138.3,12,11.999999999999998,1200.0,96700,0.2,,1.022041439043003,0.02204143904300304
SALA COMERCIAL,baseline,teste_reservado,164949,2026-09-03,100036359,-3338|-4930,higienopolis,65.13,493281.05,503905.031649932,20,8.664450200553711,900.0,7886,0.2,,1.021537380464812,0.021537380464812017
GARAGEM / VAGA RESIDENCIAL,baseline,teste_reservado,162545,2026-08-20,10253378,-3338|-4925,jardim itu,94.64,440000.0,430608.9878285441,7,6.946010035967557,200.0,17117,0.0374643698062107,,0.9786567905194185,0.02134320948058155
GARAGEM / VAGA RESIDENCIAL,baseline,teste_reservado,164202,2026-08-26,100060872,-3337|-4924,sarandi,59.09,250000.0,244678.9611704129,7,7.0,200.0,17117,0.0374643698062107,,0.9787158446816515,0.021284155318348486
APARTAMENTO,baseline,teste_reservado,165188,2026-09-04,8815925,-3340|-4930,mont serrat,44.51,388000.0,379786.9757031163,25,5.1931942440177,1200.0,96700,0.2,,0.9788324116059698,0.021167588394030212
GARAGEM / VAGA RESIDENCIAL,baseline,teste_reservado,167179,2026-09-21,6801889,-3341|-4930,petropolis,202.46,950000.0,929920.0899554772,7,5.894202712496597,200.0,17117,0.0374643698062107,,0.9788632525847129,0.02113674741528715
CASA / RESIDÊNCIA,baseline,teste_reservado,162923,2026-08-20,276219,-3344|-4931,partenon,121.0,308000.0,301650.994168159,5,5.0,800.0,16815,0.1487989829969808,,0.9793863447018151,0.02061365529818493
GARAGEM / VAGA RESIDENCIAL,baseline,teste_reservado,166781,2026-09-16,10847308,-3340|-4930,mont serrat,10.58,50000.0,49004.660519967125,7,6.903711371544599,200.0,17117,0.0374643698062107,,0.9800932103993425,0.019906789600657504
APARTAMENTO,baseline,teste_reservado,159370,2026-08-03,9590692,-3337|-4927,cristo redentor,78.41,350000.0,343058.6729101273,12,11.4791125641408,1200.0,96700,0.2,,0.9801676368860781,0.01983236311392189
CASA / RESIDÊNCIA,baseline,teste_reservado,164961,2026-09-02,11174110,-3343|-4926,jardim carvalho,680.0,2070000.0,2028999.6204102803,5,5.0,800.0,16815,0.1487989829969808,,0.9801930533382996,0.019806946661700353
CASA / RESIDÊNCIA,baseline,teste_reservado,166808,2026-09-16,8743517,-3341|-4924,morro santana,294.58,990000.0,970424.658190677,5,5.0,800.0,16815,0.1487989829969808,,0.9802269274653302,0.019773072534669756
CASA / RESIDÊNCIA,baseline,teste_reservado,166101,2026-09-11,1556266,-3346|-4932,teresopolis,163.41,449000.0,457762.6246925177,5,5.0,800.0,16815,0.1487989829969808,,1.0195158679120662,0.019515867912066165
APARTAMENTO,baseline,teste_reservado,167404,2026-09-21,100122991,-3349|-4933,vila nova,57.99,183480.0,179976.90240838833,12,11.999999999999998,1200.0,96700,0.2,,0.9809074689796617,0.019092531020338255
SALA COMERCIAL,baseline,teste_reservado,165463,2026-09-08,100131112,-3337|-4925,sao sebastiao,25.17,185000.0,188361.3032706223,20,5.17243703887091,900.0,7886,0.2,,1.0181692068682286,0.01816920686822865
CASA / RESIDÊNCIA,baseline,teste_reservado,166982,2026-09-17,3005003,-3342|-4928,jardim do salso,216.0,750000.0,736652.8882250813,5,5.0,800.0,16815,0.1487989829969808,,0.982203850966775,0.017796149033225017
APARTAMENTO,baseline,teste_reservado,163384,2026-08-26,100042105,-3337|-4925,sao sebastiao,61.89,301000.0,295669.36463629035,12,11.999999999999998,1200.0,96700,0.2,,0.9822902479610975,0.01770975203890246
CASA / RESIDÊNCIA,baseline,teste_reservado,164229,2026-08-31,549827,-3339|-4930,auxiliadora,255.0,1000000.0,1017641.8985228684,5,5.0,800.0,16815,0.1487989829969808,,1.0176418985228683,0.01764189852286835
GARAGEM / VAGA RESIDENCIAL,baseline,teste_reservado,159734,2026-08-05,6542387,-3340|-4934,centro historic,12.0,38000.0,38668.72556811445,7,6.410152052326436,200.0,17117,0.0374643698062107,,1.0175980412661698,0.017598041266169817
GARAGEM / VAGA RESIDENCIAL,baseline,teste_reservado,166864,2026-09-17,2852942,-3341|-4929,petropolis,22.45,50000.0,49121.57907570695,7,6.390106137942629,200.0,17117,0.0374643698062107,,0.982431581514139,0.017568418485860993
APARTAMENTO,baseline,teste_reservado,166430,2026-09-15,10889434,-3340|-4930,mont serrat,88.13,750000.0,763045.4490826598,13,11.141745461993697,1200.0,96700,0.2,,1.017393932110213,0.017393932110213006
GARAGEM / VAGA RESIDENCIAL,baseline,teste_reservado,166271,2026-09-14,9721878,-3337|-4926,jardim lindoia,10.81,40000.0,40692.251500404745,7,6.91721316953032,200.0,17117,0.0374643698062107,,1.0173062875101186,0.017306287510118645
GARAGEM / VAGA RESIDENCIAL,baseline,teste_reservado,162836,2026-08-19,8478317,-3340|-4929,petropolis,10.58,40000.0,40685.734823093066,7,6.96731928508099,200.0,17117,0.0374643698062107,,1.0171433705773267,0.017143370577326733
APARTAMENTO,baseline,teste_reservado,163444,2026-08-26,100013919,-3336|-4925,sarandi,84.27,430000.0,436972.72115840885,25,9.015678892700558,1200.0,96700,0.2,,1.0162156306009509,0.01621563060095088
APARTAMENTO,baseline,teste_reservado,159674,2026-08-05,152641,-3340|-4933,centro historic,88.75,266000.0,269962.26373575133,12,11.28036963107114,1200.0,96700,0.2,,1.0148957283298923,0.014895728329892277
CASA / RESIDÊNCIA,baseline,teste_reservado,160305,2026-08-06,10214828,-3354|-4934,serraria,329.0,420000.0,414030.5768491173,6,5.001308437993391,800.0,16815,0.1487989829969808,,0.9857870877359936,0.01421291226400645
GARAGEM / VAGA RESIDENCIAL,baseline,teste_reservado,167402,2026-09-18,10375163,-3349|-4933,vila nova,123.27,450000.0,443844.9183077928,8,5.1829355908708825,200.0,17117,0.0374643698062107,,0.986322040683984,0.013677959316016008
CASA / RESIDÊNCIA,baseline,teste_reservado,165840,2026-09-09,9798595,-3348|-4935,camaqua,195.0,525000.0,532175.2873495865,5,5.0,800.0,16815,0.1487989829969808,,1.0136672139992124,0.013667213999212446
COBERTURA,baseline,teste_reservado,162876,2026-08-21,5093880,-3340|-4933,centro historic,123.84,435000.0,429208.9628132227,12,11.310393375799292,900.0,1688,0.2,,0.9866872708349947,0.013312729165005255
SALA COMERCIAL,baseline,teste_reservado,163393,2026-08-25,2069067,-3340|-4934,centro historic,25.35,69000.0,69917.12016018563,20,7.080755607322381,900.0,7886,0.2,,1.0132915965244293,0.01329159652442935
APARTAMENTO,baseline,teste_reservado,161380,2026-08-13,9804951,-3342|-4928,jardim do salso,72.33,350000.0,345768.44144803064,12,11.993617422463348,1200.0,96700,0.2,,0.987909832708659,0.012090167291341047
SALA COMERCIAL,baseline,teste_reservado,160293,2026-08-07,8416222,-3340|-4933,bom fim,19.66,80000.0,79073.3211408918,20,5.776782012783221,900.0,7886,0.2,,0.9884165142611475,0.011583485738852484
SALA COMERCIAL,baseline,teste_reservado,167285,2026-09-21,11385316,-3339|-4928,tres figueiras,57.63,580000.0,586680.3689262627,16,15.967502179705283,900.0,7886,0.2,,1.0115178774590736,0.011517877459073622
APARTAMENTO,baseline,teste_reservado,163881,2026-08-27,5020921,-3336|-4926,sao sebastiao,55.41,175000.0,173047.63614126336,25,5.3462807067708855,1200.0,96700,0.2,,0.9888436350929335,0.011156364907066507
COBERTURA,baseline,teste_reservado,162776,2026-08-21,5235227,-3338|-4931,floresta,88.71,445000.0,449507.2705576778,12,11.978495526282892,900.0,1688,0.2,,1.010128697882422,0.010128697882421989
GARAGEM / VAGA RESIDENCIAL,baseline,teste_reservado,161939,2026-08-18,6721478,-3342|-4932,santana,68.97,285000.0,282142.89123353595,7,6.461469109435924,200.0,17117,0.0374643698062107,,0.9899750569597753,0.01002494304022472
GARAGEM / VAGA RESIDENCIAL,baseline,teste_reservado,164756,2026-09-02,100030342,-3343|-4933,menino deus,12.71,50000.0,49511.95052877302,7,5.388370337397116,200.0,17117,0.0374643698062107,,0.9902390105754604,0.009760989424539623
COBERTURA,baseline,teste_reservado,161123,2026-08-12,6664792,-3340|-4934,centro historic,63.85,280000.0,277281.09628740815,14,11.79983842287482,900.0,1688,0.2,,0.9902896295978862,0.009710370402113755
APARTAMENTO,baseline,teste_reservado,165570,2026-09-03,100078446,-3351|-4933,ipanema,45.88,220000.0,218015.1841535477,25,5.279012633927503,1200.0,96700,0.2,,0.9909781097888533,0.009021890211146744
APARTAMENTO,baseline,teste_reservado,166341,2026-09-14,10586938,-3340|-4929,petropolis,261.26,2250000.0,2268753.9656237983,12,11.30333114029958,1200.0,96700,0.2,,1.0083350958327992,0.008335095832799233
APARTAMENTO,baseline,teste_reservado,159439,2026-08-03,5868807,-3341|-4926,jardim sabara,56.76,190000.0,191583.2599703637,15,11.185595713333358,1200.0,96700,0.2,,1.0083329472124405,0.008332947212440489
CASA / RESIDÊNCIA,baseline,teste_reservado,165886,2026-09-10,2913283,-3339|-4929,boa vista,270.0,1600000.0,1587649.9752449077,5,5.0,800.0,16815,0.1487989829969808,,0.9922812345280673,0.0077187654719327314
GARAGEM / VAGA NÃO RESIDENCIAL,baseline,teste_reservado,165276,2026-09-04,100028225,-3343|-4933,menino deus,11.82,40000.0,39700.37004962572,7,6.220455356361329,150.0,2612,0.2,,0.992509251240643,0.007490748759356958
COBERTURA,baseline,teste_reservado,166736,2026-09-11,9282963,-3348|-4936,tristeza,227.12,940000.0,933225.6833473544,12,11.79164893833576,900.0,1688,0.2,,0.99279328015676,0.00720671984323995
SALA COMERCIAL,baseline,teste_reservado,167128,2026-09-18,8544050,-3345|-4932,teresopolis,29.81,100000.0,100714.70570660052,20,7.151978760825714,900.0,7886,0.2,,1.0071470570660053,0.007147057066005269
COBERTURA,baseline,teste_reservado,167123,2026-09-18,9708804,-3341|-4931,santa cecilia,162.96,780000.0,785189.7099551198,12,11.916879108591422,900.0,1688,0.2,,1.0066534743014355,0.00665347430143548
LOJA,baseline,teste_reservado,161015,2026-08-12,2663112,-3340|-4932,rio branco,37.92,230000.0,231460.28763292189,12,11.70048543832371,700.0,1774,0.2,,1.0063490766648777,0.0063490766648777175
APARTAMENTO,baseline,teste_reservado,165094,2026-09-04,9614656,-3340|-4930,bela vista,144.36,1290000.0,1296998.9218178615,12,11.966169451207422,1200.0,96700,0.2,,1.00542552078904,0.005425520789039906
GARAGEM / VAGA RESIDENCIAL,baseline,teste_reservado,160386,2026-08-10,9131906,-3343|-4934,menino deus,16.15,50000.0,49745.32595548923,7,6.666880854088562,200.0,17117,0.0374643698062107,,0.9949065191097846,0.0050934808902154405
SALA COMERCIAL,baseline,teste_reservado,163404,2026-08-25,86460,-3340|-4934,centro historic,93.61,250000.0,248886.7817039672,17,15.751050807805596,900.0,7886,0.2,,0.9955471268158688,0.004452873184131234
CASA / RESIDÊNCIA,baseline,teste_reservado,162924,2026-08-21,9250271,-3354|-4928,hipica,52.0,180000.0,179278.83469174505,5,5.0,800.0,16815,0.1487989829969808,,0.9959935260652503,0.0040064739347497325
APARTAMENTO,baseline,teste_reservado,163711,2026-08-27,1792881,-3340|-4932,bom fim,82.5,460000.0,461720.8239595847,25,5.283484100714509,1200.0,96700,0.2,,1.0037409216512712,0.0037409216512711563
APARTAMENTO,baseline,teste_reservado,163589,2026-08-27,3003639,-3340|-4931,rio branco,88.03,308750.0,307629.94498275005,13,11.780678598379096,1200.0,96700,0.2,,0.9963722914421054,0.0036277085578946267
APARTAMENTO,baseline,teste_reservado,159744,2026-08-05,694770,-3340|-4933,centro historic,23.41,102500.0,102792.57667806812,14,11.606649917819356,1200.0,96700,0.2,,1.0028544066152987,0.002854406615298677
APARTAMENTO,baseline,teste_reservado,164718,2026-09-02,100056042,-3345|-4930,gloria,50.42,182642.64,183128.13287506963,12,11.315274469184864,1200.0,96700,0.2,,1.0026581573452378,0.002658157345237777
SALA COMERCIAL,baseline,teste_reservado,159411,2026-08-03,100116621,-3341|-4932,santana,36.01,359206.7,360041.63694989786,20,6.885511839713565,900.0,7886,0.2,,1.0023243913598991,0.0023243913598991472
GARAGEM / VAGA RESIDENCIAL,baseline,teste_reservado,166185,2026-09-14,8573875,-3340|-4927,chacara pedras,12.0,50000.0,49924.2046094226,7,6.975082316594543,200.0,17117,0.0374643698062107,,0.998484092188452,0.0015159078115479785
APARTAMENTO,baseline,teste_reservado,159593,2026-08-04,5340098,-3339|-4927,vila ipiranga,58.99,225000.0,224707.07279706188,13,11.032632383068036,1200.0,96700,0.2,,0.998698101320275,0.0013018986797249665
APARTAMENTO,baseline,teste_reservado,166835,2026-09-17,8949271,-3342|-4933,menino deus,91.54,600000.0,600702.8097553779,19,11.46963336219886,1200.0,96700,0.2,,1.0011713495922965,0.0011713495922964778
GARAGEM / VAGA RESIDENCIAL,baseline,teste_reservado,166702,2026-09-15,100073171,-3348|-4936,tristeza,61.53,340000.0,339641.71921785723,7,5.586527061940177,200.0,17117,0.0374643698062107,,0.9989462329936978,0.0010537670063022198
GARAGEM / VAGA NÃO RESIDENCIAL,baseline,teste_reservado,164927,2026-09-03,8626448,-3339|-4931,moinhos vento,12.0,30000.0,29969.652995904944,7,6.81191292679077,150.0,2612,0.2,,0.9989884331968315,0.0010115668031684955
GARAGEM / VAGA RESIDENCIAL,baseline,teste_reservado,163036,2026-08-24,100043824,-3342|-4925,jardim carvalho,21.16,50000.0,49955.29730868235,7,5.801640127844738,200.0,17117,0.0374643698062107,,0.999105946173647,0.0008940538263529918
GARAGEM / VAGA NÃO RESIDENCIAL,baseline,teste_reservado,160202,2026-08-07,100018476,-3339|-4931,mont serrat,11.04,40000.0,40034.91516991394,7,6.563055107944634,150.0,2612,0.2,,1.0008728792478485,0.0008728792478485126
SALA COMERCIAL,baseline,teste_reservado,160489,2026-08-10,8915482,-3341|-4929,petropolis,24.21,111166.0,111070.31943843636,20,10.630670309701404,900.0,7886,0.2,,0.9991393001316622,0.0008606998683378109
APARTAMENTO,baseline,teste_reservado,164031,2026-08-29,993980,-3341|-4930,petropolis,67.91,235000.0,235152.4373605869,25,8.436838606410365,1200.0,96700,0.2,,1.0006486696195187,0.0006486696195187047
GARAGEM / VAGA RESIDENCIAL,baseline,teste_reservado,166169,2026-09-14,100110759,-3349|-4936,tristeza,10.58,40000.0,40000.00052950988,30,4.000000746712488,200.0,17117,0.0374643698062107,,1.0000000132377471,1.3237747120697918e-08
GARAGEM / VAGA RESIDENCIAL,baseline,teste_reservado,166854,2026-09-16,5464110,-3341|-4931,santa cecilia,12.0,40000.0,39999.99999337056,30,4.000000299077457,200.0,17117,0.0374643698062107,,0.999999999834264,1.6573598049518523e-10
