finalidade,config,estrato,grupo,n,mdape,mape,p90_ape,median_ratio,cod,prd,mean_abs_log,rmse,score,prb
APARTAMENTO,baseline,periodo_ou_espaco,validacao_1,90,0.18373533933426173,0.32408676251962354,0.8120752511925458,1.0027181618643748,32.320823023394944,1.0870081504214872,0.26021587370751575,117026.13798612995,0.3840897215369511,-0.0363950883584558
APARTAMENTO,baseline,periodo_ou_espaco,validacao_2,90,0.17491054825155145,0.23396536626655806,0.4673863208579409,0.9373291238719198,24.615857010917853,1.1077426804750592,0.2188412667253503,286806.9203630782,0.3639034738204676,-0.03693946055979875
APARTAMENTO,baseline,periodo_ou_espaco,validacao_3,90,0.12579228150548383,0.23997110542029454,0.4291914326364851,0.9379339093697234,24.70559114652366,1.1021918553602108,0.21039069518326675,174927.49539326027,0.3528429653260591,-0.06465989243594553
APARTAMENTO,f0_w0.1_k32-32_e25.6,periodo_ou_espaco,validacao_1,90,0.19353038682289586,0.3357505023198587,0.933301559305311,0.9751094456784313,34.328733182769646,1.1051755407106603,0.2739322808374447,106010.08737707837,0.42235898630965646,-0.06563369611500419
APARTAMENTO,f0_w0.1_k32-32_e25.6,periodo_ou_espaco,validacao_2,90,0.17128268251521345,0.2246229360054283,0.4422525042109501,0.9448864959179875,23.26870620752512,1.0653423766916243,0.20884486670708763,164278.57424047904,0.32700998062646386,-0.03315687658526922
APARTAMENTO,f0_w0.1_k32-32_e25.6,periodo_ou_espaco,validacao_3,90,0.13645973649873838,0.2350144236651633,0.4268656437389292,0.9590184647663482,24.075268629187697,1.0892937967383178,0.20812906213216817,164625.05249267493,0.3320045054366986,-0.04412957647623451
APARTAMENTO,f1200_w0.1_k32-32_e25.6,periodo_ou_espaco,validacao_1,90,0.19353047234829424,0.33574061891022183,0.9332973104366223,0.9751096782537231,34.327711796666534,1.1051789883813348,0.2739177343178419,106009.80336292958,0.42234332685057496,-0.06565400641249491
APARTAMENTO,f1200_w0.1_k32-32_e25.6,periodo_ou_espaco,validacao_2,90,0.17128268260546692,0.225641089356558,0.44225252324301884,0.9448864205505527,23.37645723205943,1.08252773174658,0.21019591734034165,209163.19190801686,0.3366317341271823,-0.03845903571458887
APARTAMENTO,f1200_w0.1_k32-32_e25.6,periodo_ou_espaco,validacao_3,90,0.1364589164461456,0.2353345909951501,0.4268656437389292,0.9590184547928078,24.108655725563697,1.0894917962537831,0.20834398328232892,164652.26794391323,0.33239377561783845,-0.04430160655123838
APARTAMENTO,f1800_w0.1_k32-32_e25.6,periodo_ou_espaco,validacao_1,90,0.19353048273075996,0.3344857830653669,0.9332970702179375,0.975110263853821,34.1990369523381,1.1053764795919794,0.27240125093531,105945.4986761776,0.42059419616733607,-0.06689133896593911
APARTAMENTO,f1800_w0.1_k32-32_e25.6,periodo_ou_espaco,validacao_2,90,0.1712824119307409,0.2268423955367421,0.4439095158550438,0.9473157063312214,23.470957503179807,1.0914656071104025,0.21125971511978264,231619.99934354916,0.34075923532733277,-0.04222826034478313
APARTAMENTO,f1800_w0.1_k32-32_e25.6,periodo_ou_espaco,validacao_3,90,0.13645794503486186,0.23710000214712745,0.4268702952693585,0.9590184304831404,24.27326732005938,1.0906904967231728,0.20909304454679598,164924.39082061197,0.33410419522281565,-0.04503896316937992
APARTAMENTO,f2400_w0.1_k32-32_e25.6,periodo_ou_espaco,validacao_1,90,0.17222481357346625,0.32965830263614726,0.938834279287707,0.9752387339833799,33.73155635197211,1.108082000725698,0.2644926473311943,105414.50441199754,0.412673326236488,-0.07805364510967679
APARTAMENTO,f2400_w0.1_k32-32_e25.6,periodo_ou_espaco,validacao_2,90,0.1561744828414115,0.22323334009295928,0.4381187890037941,0.947312849241619,23.1817879394846,1.0716778427901004,0.20517928425253437,170128.28368724958,0.32480944401263245,-0.03908739869398386
APARTAMENTO,f2400_w0.1_k32-32_e25.6,periodo_ou_espaco,validacao_3,90,0.12608058569817832,0.23684859693189175,0.43356569332342565,0.9707302917652307,24.08512813511699,1.093480459287731,0.20719796822268657,164997.7175371586,0.3269469404320668,-0.049007178501984265
APARTAMENTO,f600_w0.1_k32-32_e25.6,periodo_ou_espaco,validacao_1,90,0.1935303014601299,0.3357504466514781,0.9333021556017553,0.9751098771358258,34.328713597474916,1.105175585596633,0.27393219269154634,106010.08555367665,0.42235864827237046,-0.06563379467160813
APARTAMENTO,f600_w0.1_k32-32_e25.6,periodo_ou_espaco,validacao_2,90,0.17128268189436763,0.22514358698866593,0.44225252291919054,0.9448865139428619,23.323805163636106,1.0738641974165122,0.20951370977165346,185937.53773106541,0.33180021880521854,-0.03581368114554996
APARTAMENTO,f600_w0.1_k32-32_e25.6,periodo_ou_espaco,validacao_3,90,0.13645990901578453,0.235169905650891,0.4268656437389292,0.959018465850626,24.091481654115725,1.0894220625045854,0.20822664086763387,164628.57602601137,0.3322014883556875,-0.0443171162596614
APARTAMENTO,baseline,decil_valor,1,35,0.39941077698920635,0.5299556298584285,1.1319816093733563,1.3994107769892064,27.936012756256762,1.040044549241134,0.39120144444882304,60412.75625066569,0.6486988875867493,0.13902200316290905
APARTAMENTO,baseline,decil_valor,2,35,0.2237301438528747,0.314719203383287,0.600762645638947,1.0268740653569477,30.57350297725025,1.0102132170496565,0.26615935769956567,67311.46096943771,0.3609334722378218,1.659519144797222
APARTAMENTO,baseline,decil_valor,3,35,0.20949895599145085,0.43029838994911557,0.5927688681002595,1.0620817994267266,39.92268272729874,0.9932553663365802,0.29420894466015657,182728.47080858983,0.42751486412458634,2.2153039881136833
APARTAMENTO,baseline,decil_valor,4,35,0.15504776718949032,0.2557877836366789,0.6856402108954613,0.8787225624088252,25.765435858165063,0.9997407542956162,0.25320999139614936,74092.35947687419,0.3823962505872776,1.48069558056843
APARTAMENTO,baseline,decil_valor,5,35,0.11486941374117099,0.1556508372960684,0.3196154572371797,0.9371640374230076,15.537541051390521,1.0000543890564615,0.16296339677320432,47155.29181925762,0.23428291591340342,1.0779641606754566
APARTAMENTO,baseline,decil_valor,6,35,0.17369010760182746,0.19791664326638905,0.30595282445539057,0.888149455147639,17.724068393275076,0.9975288494326581,0.20611257089900623,84134.8557065303,0.31096746873450687,1.3147522462136647
APARTAMENTO,baseline,decil_valor,7,35,0.1807806903498047,0.24564880548415127,0.46166365350874455,0.877452506273248,25.94323315125271,0.9934960941584154,0.25058100487859164,115295.0442750156,0.38406788645954737,1.3258849913991808
APARTAMENTO,baseline,decil_valor,8,35,0.1467297620930339,0.25903210365702356,0.637634004900592,0.9788324116059698,26.4015895216621,0.9975094585971112,0.23233560808529338,175286.04049122223,0.31028382304318447,1.2760617765280111
APARTAMENTO,baseline,decil_valor,9,35,0.15617997010953832,0.26563082252294407,0.5745914746140993,0.9473564053462268,27.20089872423319,0.9968458202935818,0.2303443487448589,295229.79723552667,0.32696613016171555,1.3029317621972658
APARTAMENTO,baseline,decil_valor,10,35,0.20381682087444342,0.26487778851978666,0.44146991430327565,0.9064494386123242,27.244766766159813,1.002561141500214,0.2644907912220575,487326.26484989916,0.38299165523681344,0.22391531391369315
APARTAMENTO,baseline,bairro,auxiliadora,6,0.30986218160968304,0.36301367560968467,0.6400171069533213,0.760491061864119,35.53482703266844,1.0040455473910221,0.362345822887117,218325.5658604304,0.5900970437150839,0.5359150214603091
APARTAMENTO,baseline,bairro,azenha,6,0.13814941791623775,0.1938487135850544,0.35264598224399524,1.1010105151794494,12.111439265715555,1.0410325405498004,0.17495712743814532,37119.97922272664,0.27345645377465966,-0.37651160786359544
APARTAMENTO,baseline,bairro,bela vista,7,0.3337280076877107,0.5743428470800244,1.3465525138978742,1.3337280076877107,39.372140765333455,1.0901983496835543,0.4018692154923415,853146.7760944926,0.6874684105503601,0.043014522499945564
APARTAMENTO,baseline,bairro,boa vista,2,0.08956859568602621,0.08956859568602621,0.11595171411860684,0.9104314043139738,3.6223374857742274,0.9933058806949188,0.09449321837565089,36555.66956623982,0.15382573536486513,
APARTAMENTO,baseline,bairro,bom fim,7,0.05699301189975281,0.22501762199044234,0.6001531604211802,1.0235129681033264,21.552222459709455,1.1752326986797195,0.1856404922474712,113168.08942071749,0.33187453130029165,-0.28458471285906156
APARTAMENTO,baseline,bairro,bom jesus,1,0.027116500401224486,0.027116500401224486,0.027116500401224486,0.9728834995987755,0.0,1.0,0.027490937162282073,18981.550280857133,0.04123640574342311,
APARTAMENTO,baseline,bairro,camaqua,3,0.21451960895321864,0.28827172279065755,0.39450576485124333,0.7892067444069956,27.62359873438046,0.8843459841030271,0.28082805858382853,97967.74587984134,0.5297039890076207,
APARTAMENTO,baseline,bairro,campo novo,2,0.21941467505241102,0.21941467505241102,0.32674515723270453,0.7805853249475889,17.1875,1.030440251572327,0.26270429393623845,38043.06346468143,0.44452172581208554,
APARTAMENTO,baseline,bairro,cavalhada,10,0.30203940897733544,0.36279293764906984,0.7000145980972611,1.0267323977647849,35.3347121839027,1.0070422767689344,0.33420249204736385,88056.87815974985,0.4392387354114645,0.05642347109957061
APARTAMENTO,baseline,bairro,cel ap borges,1,0.20773799856330166,0.20773799856330166,0.20773799856330166,1.2077379985633017,0.0,1.0,0.1887491873823496,20773.799856330166,0.2831237810735244,
APARTAMENTO,baseline,bairro,centro historic,27,0.22832551017499236,0.3269459339229249,0.6465593822038787,1.0148957283298923,32.13953844211985,1.000723197828523,0.2848991057441551,151846.47181100308,0.37300235832650985,0.062359321696598885
APARTAMENTO,baseline,bairro,chacara pedras,3,0.39014858035081834,0.7849755533985546,1.392037650405217,0.6777318380739712,99.97358758916582,0.7754384302230898,0.618424235387618,723859.7266221344,1.190023345117575,
APARTAMENTO,baseline,bairro,cidade baixa,6,0.1789461839710738,0.1858187738504932,0.2903994046474133,1.0022293066093972,18.540544825927054,1.0003312163745643,0.1873487865003792,45304.24546722066,0.23497914202862646,0.09798150481114683
APARTAMENTO,baseline,bairro,costa e silva,1,0.20423882512916292,0.20423882512916292,0.20423882512916292,0.7957611748708371,0.0,1.0,0.22845616972553034,24917.136665757876,0.34268425458829554,
APARTAMENTO,baseline,bairro,cristal,12,0.1519098432190455,0.19802911945484436,0.2964604797971881,0.8752706393385254,15.744495714889004,1.0663934156538175,0.2057518782150759,99641.74662610235,0.3438653444235718,-0.07561503456780662
APARTAMENTO,baseline,bairro,cristo redentor,6,0.2187794942972413,0.3101316843880642,0.6510208571788366,0.8901837121087338,30.301073017503178,1.0891182044757926,0.305278290078788,72141.56905830321,0.4818788734089384,-0.21996711527166257
APARTAMENTO,baseline,bairro,espirito santo,1,0.08586488664688197,0.08586488664688197,0.08586488664688197,0.914135113353118,0.0,1.0,0.08977689202750555,22324.87052818932,0.13466533804125833,
APARTAMENTO,baseline,bairro,farrapos,4,0.17929372614323458,0.19196069569535462,0.30236507050351963,0.8860711587840697,18.37267293177606,1.0825713797629688,0.21280755566693066,69479.59775572209,0.35888780569778195,-0.3140543559509784
APARTAMENTO,baseline,bairro,floresta,3,0.19411869364826073,0.2312580549783508,0.33451059215682294,0.8699530954971718,21.599910131172386,1.1513083519622664,0.22321992441938168,79274.46271246244,0.41732718727479956,
APARTAMENTO,baseline,bairro,gloria,1,0.002658157345237777,0.002658157345237777,0.002658157345237777,1.0026581573452378,0.0,1.0,0.002654630693216664,485.49287506961264,0.003981946039824996,
APARTAMENTO,baseline,bairro,higienopolis,4,0.20287053339989636,0.23489983781368481,0.3515546530683738,1.0125510127025383,23.19881515764109,0.8662653056534286,0.22776151386089802,407036.093309077,0.3637770324627996,0.14867917509151313
APARTAMENTO,baseline,bairro,hipica,1,0.09981674020224962,0.09981674020224962,0.09981674020224962,0.9001832597977504,0.0,1.0,0.10515691438847105,15519.603588883765,0.15773537158270656,
APARTAMENTO,baseline,bairro,humaita,3,0.0664344010715654,0.14400791846975472,0.2646354807767021,0.9335655989284346,13.053514209654171,0.9979684563200055,0.1653395149512411,28353.94378659872,0.23336212873321677,
APARTAMENTO,baseline,bairro,independencia,5,0.3646968291136594,0.38743537257118876,0.5051636440949808,1.3004490241928939,25.171733889052096,0.9761059793501223,0.3722371021944594,171454.0923902355,0.5786132974766542,0.09246180183818678
APARTAMENTO,baseline,bairro,ipanema,2,0.026708006386341077,0.026708006386341077,0.04085689932649654,0.9732919936136589,1.8171439086361894,1.0033764433186028,0.027236273468072086,10142.813150906684,0.04700008400815474,
APARTAMENTO,baseline,bairro,jar leopoldina,5,0.2264756006240023,0.23388367252466852,0.33484606330305755,0.7735243993759977,24.380427114128846,1.0480855171153827,0.2643786619382687,45692.73951307968,0.47721135383271546,-0.19176450337672848
APARTAMENTO,baseline,bairro,jardim botanico,4,0.19554854471637728,0.29542876668682105,0.606701586955454,0.9099434065211861,31.089412239855125,1.0869578683029877,0.2578939612102287,60418.637013427615,0.4244953517189919,-3.2649541572203784
APARTAMENTO,baseline,bairro,jardim carvalho,6,0.12014693770893226,0.3193091301723861,0.7884202237254183,1.1201469377089324,23.139234358371606,1.0770888813700228,0.2393800557426823,64954.202918202944,0.3910890379685182,-0.09471873914362308
APARTAMENTO,baseline,bairro,jardim do salso,3,0.08805285361412252,0.077584101979839,0.12369799875006726,0.987909832708659,7.445421007136612,1.0885572217771518,0.0796064419547508,131929.8773687746,0.14672850324097328,
APARTAMENTO,baseline,bairro,jardim europa,2,0.06738903481978786,0.06738903481978786,0.10329579328799587,1.0673890348197879,4.204975563838155,1.0167024289158486,0.0643306385569795,74207.34827078631,0.11573307215977036,
APARTAMENTO,baseline,bairro,jardim itu,5,0.17369010760182746,0.17737197929862797,0.2746190326430641,0.8965194438599519,14.559798302972487,0.9918890566682952,0.18377861973683526,48428.293273202704,0.2788677722573763,0.7883958629540784
APARTAMENTO,baseline,bairro,jardim lindoia,2,0.2148830281436364,0.2148830281436364,0.27055096439861565,1.069584920318724,20.09031953064594,1.0346438768092052,0.20367355984101146,37092.88495363624,0.3045633263707352,
APARTAMENTO,baseline,bairro,jardim sabara,7,0.17886276181630056,0.23391272553022002,0.41665103372513085,0.8383376023672066,25.147159891394423,1.083684832699796,0.22493258434839342,49645.417495177695,0.4161512384986638,-0.4293465367429937
APARTAMENTO,baseline,bairro,lomba pinheiro,2,0.1629372506586968,0.1629372506586968,0.2756538999512518,0.8591041883843062,18.965947653581857,1.0385325088287434,0.19198391616107005,32264.720554751115,0.3342356560532057,
APARTAMENTO,baseline,bairro,mario quintana,2,0.16565955724683612,0.16565955724683612,0.2643613421543135,1.165659557246836,10.584328019902367,1.002547342956193,0.14765405839797396,25620.180922896914,0.2520304656256603,
APARTAMENTO,baseline,bairro,medianeira,1,0.13925738909496577,0.13925738909496577,0.13925738909496577,0.8607426109050342,0.0,1.0,0.14995976128477226,64058.39898368425,0.22493964192715837,
APARTAMENTO,baseline,bairro,menino deus,13,0.1287733759589984,0.3416525357323067,0.843289013447754,0.9365830141510431,35.09302288462101,1.0428768221500886,0.2827876928873466,201238.03811295072,0.4242703438599611,0.1432687777153862
APARTAMENTO,baseline,bairro,moinhos vento,8,0.18015764278205465,0.19451846803522704,0.281029111253548,0.8463171296394683,16.24014488649867,1.085869546433252,0.20425848191461954,227170.61618687893,0.36947995572807224,-0.08273859711692313
APARTAMENTO,baseline,bairro,mont serrat,8,0.12992442862558778,0.22339663632358808,0.5378472322043113,0.9607897953109297,22.700567833830675,1.0026338613907255,0.3009371304312758,334387.3673401169,0.37900356409721464,0.15594954498614597
APARTAMENTO,baseline,bairro,morro santana,4,0.1798271196757119,0.16753555640853393,0.19092831765984716,0.820172880324288,2.620072801960638,1.0041013794231326,0.18400200108728396,43287.117076335504,0.29171874457939745,-0.08684886365984391
APARTAMENTO,baseline,bairro,nonoai,4,0.3347252980722484,0.30903797590313625,0.42017031459724136,1.2529503694978996,19.545272558298304,1.0516301688240455,0.2874197125015988,68480.59935014792,0.47420417777226825,-0.10845967501259308
APARTAMENTO,baseline,bairro,parque sta fe,1,1.138033846045139,1.138033846045139,1.138033846045139,2.138033846045139,0.0,1.0,0.7598866431815431,68282.03076270834,1.1398299647723147,
APARTAMENTO,baseline,bairro,partenon,11,0.1944088942649811,0.30605756689240327,0.6553826080734706,1.139635347740603,25.741869533280216,1.086441501025804,0.27513325208755435,81111.9728895601,0.44629593513527777,-0.10272800001492052
APARTAMENTO,baseline,bairro,passo da areia,10,0.0913264309246331,0.110163616416932,0.2539081809194455,0.9707689017310496,10.340486795029893,0.997798544047318,0.11184195277634594,106117.57599417362,0.1536285307706509,0.056409669213444154
APARTAMENTO,baseline,bairro,passo pedras,1,0.02307009704319496,0.02307009704319496,0.02307009704319496,0.976929902956805,0.0,1.0,0.02334037674278273,5767.524260798731,0.035010565114174094,
APARTAMENTO,baseline,bairro,petropolis,24,0.18493792481782667,0.4654642078786296,0.7501397821734882,0.9527548395395872,48.85456242904652,1.2614482563896048,0.294212286351897,290924.71123022126,0.5566777576362598,0.05016006243809214
APARTAMENTO,baseline,bairro,praia de belas,2,0.6548112009549871,0.6548112009549871,0.7461939854065835,1.6548112009549871,6.90281045345684,0.9950325263990416,0.5012987906274767,246519.66463605224,0.7728892051903112,
APARTAMENTO,baseline,bairro,restinga,1,0.1420666120722036,0.1420666120722036,0.1420666120722036,1.1420666120722036,0.0,1.0,0.1328394388428912,12864.766760893996,0.19925915826433682,
APARTAMENTO,baseline,bairro,rio branco,8,0.06766415819273264,0.18098649424503427,0.3993741842780066,1.030930312160625,17.555647759131514,1.0602770699283228,0.14887238538683273,74041.44861058451,0.23725744027010076,-0.13304160899583745
APARTAMENTO,baseline,bairro,rubem berta,9,0.3551525258898919,0.4459432868050102,0.8964110329574114,1.0249894902393415,43.23621666354204,1.2071939367697933,0.3757905806273032,44194.56006767872,0.5903716047937388,-0.5275933003473293
APARTAMENTO,baseline,bairro,santa cecilia,2,0.1311336564215237,0.1311336564215237,0.15545307086219123,0.9696007319491655,13.524500559927258,1.0066645064875206,0.1360787736204208,49205.45424648833,0.18864667782641273,
APARTAMENTO,baseline,bairro,santa tereza,1,0.06283596257699242,0.06283596257699242,0.06283596257699242,0.9371640374230076,0.0,1.0,0.06489694544601521,14452.271392708266,0.09734541816902281,
APARTAMENTO,baseline,bairro,santana,9,0.1696804488977246,0.20521347018431524,0.3197173095612886,0.9085218799245791,21.468853852652575,1.060551710617201,0.1951542014678331,70155.32221356392,0.32618911724908833,-0.077074899855703
APARTAMENTO,baseline,bairro,santo antonio,11,0.18849972104617208,0.23530532080878022,0.2848844540796517,0.8532702379069661,22.754790304476263,1.0429700934556092,0.2273688476790344,68343.54777455438,0.384631560885332,0.06810098660243954
APARTAMENTO,baseline,bairro,sao geraldo,1,0.14771102636061118,0.14771102636061118,0.14771102636061118,0.8522889736393888,0.0,1.0,0.15982963872003178,59084.410544244456,0.23974445808004768,
APARTAMENTO,baseline,bairro,sao joao,4,0.11604606391890365,0.1647372341425502,0.3024208774105949,1.0224575736313473,16.11188947013924,1.0191207959572401,0.1523817032905272,43238.84466555877,0.21323613003389605,-0.08824813520431113
APARTAMENTO,baseline,bairro,sao sebastiao,6,0.1548831964421593,0.26161716677645797,0.6155352454142301,0.9855669415270155,26.167515123277212,1.0539043963291366,0.20998957763043258,106205.47263575441,0.30892834977395395,0.02576609925233425
APARTAMENTO,baseline,bairro,sarandi,9,0.13924981489244181,0.17854745038053504,0.31519813718451634,0.905872470766371,18.55546353881791,1.061314995847282,0.16926195365137883,40866.638983596305,0.2948333349849644,-0.27239848416271045
APARTAMENTO,baseline,bairro,sta rosa lima,3,0.20949895599145085,0.20591118601948047,0.2468846671827743,0.7905010440085491,4.395001064375254,1.0075577234666115,0.2319973281617631,34054.96947516025,0.3642936351229102,
APARTAMENTO,baseline,bairro,teresopolis,4,0.3072430079495423,0.27878005169124,0.35551250001185364,1.228787507506262,17.30796263333171,1.0562109337853642,0.26519185040626225,63321.5984360215,0.438819672080633,-0.24360483332382818
APARTAMENTO,baseline,bairro,tristeza,9,0.35174803637291463,0.6664097111521571,1.9196643212351692,0.9212038337164463,71.39077775131435,1.4423126520510283,0.4947971126644322,173167.11333006804,0.8974349485896023,-0.4435437961673311
APARTAMENTO,baseline,bairro,vila assuncao,2,0.9127404969135358,0.9127404969135358,1.3791591176689235,1.5830232759442346,57.658059157033456,1.9712758446181218,0.6573252005638268,378618.9104405082,1.3704790756905545,
APARTAMENTO,baseline,bairro,vila ipiranga,10,0.09244151283361102,0.27083660594547354,0.5984091308645759,0.9739200656130984,27.782180053883216,1.0830438392937165,0.22298429449462667,96253.67927712773,0.3455404914101238,0.03870065430976173
APARTAMENTO,baseline,bairro,vila jardim,3,0.027301359636273226,0.5019894274664126,1.1668945578520684,1.0268740653569477,48.01284035831431,0.8754038439996616,0.31700660066707936,499025.6109313592,0.5168333329263434,
APARTAMENTO,baseline,bairro,vila nova,6,0.18360832550714995,0.25880359241259665,0.5311746596068763,0.8289821789356209,26.263338729785758,1.0462663941447656,0.37957618688411504,88481.22348663436,0.5616268503446474,0.1041073582202815
APARTAMENTO,baseline,bairro,vila sao jose,3,0.10130221747125523,0.09780597402527025,0.1172823935671909,1.0708382670133807,6.928517651976689,1.0016743398897996,0.09807371411248494,19565.114898779408,0.15045236255028283,
APARTAMENTO,baseline,tile,-3333|-4930,2,0.20462766524747467,0.20462766524747467,0.3216646138467994,0.7953723347525253,18.393421465265696,1.035719549099504,0.24615359586669083,94901.31522183078,0.4241578145569787,
APARTAMENTO,baseline,tile,-3334|-4930,4,0.17929372614323458,0.181044201656042,0.2766484002979686,0.9409387003505854,19.240807247973386,1.0222163036653888,0.1965493823340868,29200.267705237435,0.28607660116399675,-0.044229126695088154
APARTAMENTO,baseline,tile,-3335|-4923,3,0.25623109498060515,0.3887302957386054,0.6116148879911293,0.7905010440085491,40.34116245957456,1.1180689362823901,0.3540041666804672,48641.96843573196,0.628202740245134,
APARTAMENTO,baseline,tile,-3335|-4924,1,0.21888246241970521,0.21888246241970521,0.21888246241970521,0.7811175375802948,0.0,1.0,0.24702964420429635,41587.66785974399,0.37054446630644455,
APARTAMENTO,baseline,tile,-3335|-4930,1,0.0664344010715654,0.0664344010715654,0.0664344010715654,0.9335655989284346,0.0,1.0,0.06874404645171694,17272.944278607,0.10311606967757542,
APARTAMENTO,baseline,tile,-3336|-4921,2,0.20705277711347547,0.20705277711347547,0.2510921931351475,0.7929472228865245,6.942362421889447,1.0161335463881145,0.23441425905732577,38964.23924291071,0.37577186366849746,
APARTAMENTO,baseline,tile,-3336|-4925,2,0.07773272274669635,0.07773272274669635,0.12694639646329273,0.9384829078542545,8.282806441773594,0.9879976893488327,0.08301826159542233,31892.061405505323,0.1415080553348385,
APARTAMENTO,baseline,tile,-3336|-4926,1,0.011156364907066507,0.011156364907066507,0.011156364907066507,0.9888436350929335,0.0,1.0,0.011219063910822523,1952.363858736644,0.016828595866233784,
APARTAMENTO,baseline,tile,-3337|-4921,3,0.8397879776053436,0.6625602407367891,1.0662801990136146,1.8397879776053436,19.892034254138682,1.1441812808349903,0.4623724353225702,54563.18537067238,0.884272360003557,
APARTAMENTO,baseline,tile,-3337|-4922,1,1.138033846045139,1.138033846045139,1.138033846045139,2.138033846045139,0.0,1.0,0.7598866431815431,68282.03076270834,1.1398299647723147,
APARTAMENTO,baseline,tile,-3337|-4924,1,0.19254724289894032,0.19254724289894032,0.19254724289894032,0.8074527571010597,0.0,1.0,0.21387073073482438,63059.222049402946,0.32080609610223654,
APARTAMENTO,baseline,tile,-3337|-4925,8,0.10176209817755527,0.10856583602303888,0.2007026511016079,0.9440813593637343,11.03065927321111,0.9868281732206674,0.11330068629323053,55047.213169330826,0.17627847219449994,0.048013903931077524
APARTAMENTO,baseline,tile,-3337|-4926,3,0.28446794846236045,0.48645235674122,0.8805664008415818,1.2844679484623605,30.489644192569177,0.9920999953235211,0.37172714049014005,128452.72393248003,0.5770892308497988,
APARTAMENTO,baseline,tile,-3337|-4927,2,0.16955790809408988,0.16955790809408988,0.2893383440782243,0.8304420919059101,18.029618975182203,0.9691641294498899,0.20232047701613437,55530.378957265755,0.3559537146246525,
APARTAMENTO,baseline,tile,-3337|-4929,1,0.13464499770049831,0.13464499770049831,0.13464499770049831,0.8653550022995017,0.0,1.0,0.14461544896163053,37700.599356139515,0.2169231734424458,
APARTAMENTO,baseline,tile,-3337|-4932,1,0.14771102636061118,0.14771102636061118,0.14771102636061118,0.8522889736393888,0.0,1.0,0.15982963872003178,59084.410544244456,0.23974445808004768,
APARTAMENTO,baseline,tile,-3338|-4922,3,0.23064344324620134,0.24436050987091695,0.33025070936115375,0.7693565567537987,9.006095790414015,1.0048765668774153,0.28675759264926226,39546.10330106394,0.4428055666237103,
APARTAMENTO,baseline,tile,-3338|-4923,4,0.20502205257993544,0.16489745070676703,0.220274504446014,0.8863455389138211,17.302778143737115,0.988656011362772,0.17393555943514333,24876.18945151468,0.28322111884023704,0.21391100402233315
APARTAMENTO,baseline,tile,-3338|-4925,2,0.08442083469212242,0.08442083469212242,0.099668611850463,0.9155791653078775,2.0817120102898587,0.9979894902825186,0.0884151696033421,19365.232111702477,0.13872493957989254,
APARTAMENTO,baseline,tile,-3338|-4926,6,0.11053030773782196,0.3475030045111959,0.8778616087074196,1.003259126994268,34.63741272429823,1.1635145852258286,0.2380465152074627,112524.85548259476,0.4019895804583294,-0.5015368407959007
APARTAMENTO,baseline,tile,-3338|-4927,7,0.1262202251549478,0.2764458542057871,0.6076543187349058,0.8817244644797753,25.062024104345582,1.1197050226019667,0.26980703049779714,102301.54588666892,0.45193256489489037,-0.17014840037772838
APARTAMENTO,baseline,tile,-3338|-4928,6,0.06278474077536556,0.071893606515,0.12844261296169424,0.9755465341920597,6.546531898801332,1.0084787039666656,0.07136802414466421,52840.73098585309,0.10433454328653295,-0.0055296010217509
APARTAMENTO,baseline,tile,-3338|-4929,3,0.13633785846850366,0.15936205717734173,0.22270851803467073,0.8636621415314963,13.189892074290121,1.0295819454885957,0.17322423021816705,94369.94331219554,0.2940621945201497,
APARTAMENTO,baseline,tile,-3338|-4930,5,0.37432482585777915,0.3751613523928041,0.6930019564175397,1.3743248258577792,17.151726377691844,0.9648250277019086,0.29857121566970857,405158.4690355214,0.5183360752680152,0.06874241189329675
APARTAMENTO,baseline,tile,-3338|-4931,3,0.1300469045028282,0.11944942147763689,0.13246750216897235,0.8699530954971718,1.4500376873501355,1.0075756937660716,0.1273963892891811,56687.40131932143,0.20445304566454955,
APARTAMENTO,baseline,tile,-3339|-4922,4,0.4445153699289142,0.41612247224321863,0.5284258429067963,1.127583066583181,36.903930590600226,1.2934050709401543,0.4026104793875776,49462.675066730015,0.6835477026521053,-0.5698058245122685
APARTAMENTO,baseline,tile,-3339|-4923,1,0.10327287527716589,0.10327287527716589,0.10327287527716589,1.1032728752771659,0.0,1.0,0.09828110339821618,10293.941749018355,0.14742165509732427,
APARTAMENTO,baseline,tile,-3339|-4925,3,0.25988919530588217,0.23933940903629833,0.2795289784221247,0.8263098923981725,21.95819125143964,0.9892006727649261,0.24735425315916404,60488.21790865949,0.4030714646131803,
APARTAMENTO,baseline,tile,-3339|-4927,6,0.06938780601078487,0.126354350337856,0.2977715022956567,1.0106018440274014,12.502881434919491,0.9369818085496964,0.15503752180257482,67933.92649029421,0.22411345041987982,0.056008716262430876
APARTAMENTO,baseline,tile,-3339|-4928,1,0.25682783577901613,0.25682783577901613,0.25682783577901613,1.2568278357790161,0.0,1.0,0.22859095585135372,218303.6604121637,0.3428864337770306,
APARTAMENTO,baseline,tile,-3339|-4929,2,0.08956859568602621,0.08956859568602621,0.11595171411860684,0.9104314043139738,3.6223374857742274,0.9933058806949188,0.09449321837565089,36555.66956623982,0.15382573536486513,
APARTAMENTO,baseline,tile,-3339|-4930,8,0.2355689057600308,0.26567218722894725,0.4813397303520234,0.7955076842132696,25.384426406450483,0.9808640715317181,0.3553115378597317,233906.88821644668,0.5428206847739094,0.13452424908124022
APARTAMENTO,baseline,tile,-3339|-4931,4,0.203945890458255,0.20835406196933398,0.2586551738862942,0.796054109541745,15.233246108300468,1.0345466454793706,0.22912753896424126,187000.702498841,0.39823636708616156,-0.2532451516330513
APARTAMENTO,baseline,tile,-3339|-4932,5,0.3004490241928939,0.26935251705723245,0.3450824246805737,1.3004490241928939,16.091573627696,1.2660533562995242,0.25065843858810244,242840.4730147292,0.5401944108898227,-0.10208731679715288
APARTAMENTO,baseline,tile,-3339|-4933,1,0.15999931620174412,0.15999931620174412,0.15999931620174412,0.8400006837982559,0.0,1.0,0.17435257309956637,35199.84956438371,0.2615288596493496,
APARTAMENTO,baseline,tile,-3340|-4923,2,0.16565955724683612,0.16565955724683612,0.2643613421543135,1.165659557246836,10.584328019902367,1.002547342956193,0.14765405839797396,25620.180922896914,0.2520304656256603,
APARTAMENTO,baseline,tile,-3340|-4926,1,0.2521168704802321,0.2521168704802321,0.2521168704802321,0.7478831295197679,0.0,1.0,0.2905085571725481,90762.07337288355,0.43576283575882213,
APARTAMENTO,baseline,tile,-3340|-4927,3,1.451792857406017,1.0405347116537023,1.6043665058162566,2.451792857406017,22.701908014118025,0.945275316178111,0.6320765647875383,872813.4082007912,1.1653806295823035,
APARTAMENTO,baseline,tile,-3340|-4928,1,0.39014858035081834,0.39014858035081834,0.39014858035081834,0.6098514196491817,0.0,1.0,0.49453992582943274,66325.25865963912,0.7418098887441491,
APARTAMENTO,baseline,tile,-3340|-4929,4,0.15374129859560698,0.14522734341560242,0.24670922270921058,0.9523346597580143,15.249612300418036,1.0619305526696525,0.14520326456321964,280664.7813512566,0.2377909454742611,-0.08200918325983017
APARTAMENTO,baseline,tile,-3340|-4930,9,0.2663785487430228,0.39363120007714175,0.773981686411884,1.00542552078904,39.09074877326303,1.0922870546977468,0.30934100213716825,532126.617906016,0.45391015859620953,0.1530677357360418
APARTAMENTO,baseline,tile,-3340|-4931,8,0.09211086884240471,0.21696002913561843,0.5095198344633817,1.0676641581927326,18.78755078332624,0.8127556249024477,0.17889198488666191,622881.9904429422,0.36225987757456973,0.22567613216126653
APARTAMENTO,baseline,tile,-3340|-4932,11,0.3051226493361614,0.36152089010966526,0.9181988359272029,1.0569930118997528,33.24378217936218,1.1316794282873561,0.30529777820170984,155011.84342248243,0.4779726560120325,-0.26895542089346386
APARTAMENTO,baseline,tile,-3340|-4933,11,0.1381118677811739,0.23305658012827726,0.6426389880952381,1.0028544066152987,23.213448241554968,0.8960173597280934,0.20612162726704275,190921.09350591886,0.32047816388631095,0.20304466827237055
APARTAMENTO,baseline,tile,-3340|-4934,13,0.29958319811481693,0.43577340618866,1.134826725726354,1.1292828868383946,36.370081623022465,1.1198101976419363,0.36286609544472115,129680.74762505751,0.5711623107069743,-0.2582160012708608
APARTAMENTO,baseline,tile,-3340|-4935,5,0.22832551017499236,0.22335073038846504,0.2761211110581061,0.787049445847399,15.91004447545833,1.0348027102028294,0.2443606866921248,55705.662426106275,0.42097329520856924,-0.2558245823243766
APARTAMENTO,baseline,tile,-3341|-4924,2,0.15524399314135595,0.15524399314135595,0.1860758143780042,0.844756006858644,4.562237644112935,1.0079977833607494,0.16974922777981646,40182.26691224935,0.2694915284904276,
APARTAMENTO,baseline,tile,-3341|-4925,6,0.16016480796144666,0.1459281348533408,0.18156417903953492,0.9418939401394668,15.493053796665594,0.9743953307061087,0.15093963487375758,33577.302620977476,0.23257265678355674,0.1865196158012681
APARTAMENTO,baseline,tile,-3341|-4926,3,0.22630126577094023,0.29936216385861975,0.5760220760281709,1.0083329472124405,29.413351572783668,1.1062728925423748,0.2579220873414607,47509.58788812277,0.38610298169057705,
APARTAMENTO,baseline,tile,-3341|-4927,2,0.17457111364148825,0.17457111364148825,0.2927287522691207,0.8523029517154594,20.482284296930214,1.1292542417791345,0.20776144398602225,120808.97324112763,0.39965249975336736,
APARTAMENTO,baseline,tile,-3341|-4928,1,0.027116500401224486,0.027116500401224486,0.027116500401224486,0.9728834995987755,0.0,1.0,0.027490937162282073,18981.550280857133,0.04123640574342311,
APARTAMENTO,baseline,tile,-3341|-4929,5,0.42674075739494466,1.4553401644899622,3.6779885583019185,1.4267407573949447,96.0224908351544,1.556272023228822,0.6734419951493489,506301.49170071894,1.3123411647040788,0.2787857663408825
APARTAMENTO,baseline,tile,-3341|-4930,7,0.2047087450454521,0.32288073915208965,0.6640718261141887,0.8350477302307984,35.844194092035075,0.9726611796662731,0.27862714288034635,177778.9911381686,0.4722305649046048,0.4937568231428409
APARTAMENTO,baseline,tile,-3341|-4931,7,0.10073438837068927,0.12251475275040616,0.19632552208880255,1.055215697379516,10.862878202680633,0.9922487954996189,0.12902957405697124,55102.03605414026,0.18695006943905684,0.08527292542630634
APARTAMENTO,baseline,tile,-3341|-4932,6,0.13413702138425176,0.20748295726148203,0.39556259705663327,0.9881685141055958,20.996718100179255,1.0911395413546199,0.191431678382787,76816.40340195823,0.2934857915654905,-0.41105644593169255
APARTAMENTO,baseline,tile,-3341|-4933,6,0.17177946227520752,0.17159742462797437,0.23258466351064905,0.8282205377247924,10.433227498186898,1.0214256733937679,0.1871627448752724,51227.43562160567,0.3180834039018671,-0.054306420336702986
APARTAMENTO,baseline,tile,-3341|-4934,2,0.25820547290636864,0.25820547290636864,0.39249781959755164,0.8321345666360213,31.029293008483886,0.975458549341765,0.320869515427215,105573.24818338062,0.5027471099588188,
APARTAMENTO,baseline,tile,-3342|-4925,3,0.17538864308865454,0.4686961646013912,0.9770214649870352,1.0532701802538886,42.813273014279865,1.1636803543774412,0.3409626662596643,89291.15534135154,0.5497395906123053,
APARTAMENTO,baseline,tile,-3342|-4926,2,0.2405187170584855,0.2405187170584855,0.3676323650030622,1.2405187170584855,12.80851773905397,1.0194327168708963,0.20725867323294106,23877.316827987393,0.3566679300832168,
APARTAMENTO,baseline,tile,-3342|-4927,1,0.13260928503405345,0.13260928503405345,0.13260928503405345,0.8673907149659466,0.0,1.0,0.14226575208138925,228087.9702585719,0.21339862812208388,
APARTAMENTO,baseline,tile,-3342|-4928,2,0.05007151045273178,0.05007151045273178,0.08045658498184437,1.0379813431613907,4.823931642184285,1.0196753772686498,0.048276786891431576,9807.024292427393,0.08871768090236325,
APARTAMENTO,baseline,tile,-3342|-4929,1,0.15504776718949032,0.15504776718949032,0.15504776718949032,0.8449522328105097,0.0,1.0,0.1684751824411314,33335.26994574041,0.2527127736616971,
APARTAMENTO,baseline,tile,-3342|-4930,7,0.1612561327374168,0.21457224206118555,0.45771985750987093,0.9749345802318625,21.641602635370234,1.1661798461219999,0.19865897002042518,173676.6760921651,0.34232208932127506,-0.1424794297500622
APARTAMENTO,baseline,tile,-3342|-4931,7,0.20632351615804656,0.2965999481007805,0.5292599711022032,0.8251838220985053,29.749686808017355,1.0281716819829503,0.26810674757521025,89471.37799300483,0.4524465954508268,0.21916287554803543
APARTAMENTO,baseline,tile,-3342|-4932,5,0.1792428169284883,0.22729630099879441,0.4155047122621498,1.1792428169284883,10.078258983735642,1.017669238258165,0.19682304996234934,36634.73245061703,0.313212449408479,-0.3229833290494906
APARTAMENTO,baseline,tile,-3342|-4933,5,0.09600293034716578,0.1496027347478362,0.3331628042957676,0.9473564053462268,14.680221195765778,1.025559830555226,0.13578045812898046,49500.16137544845,0.21214028323752643,-0.014859742655152545
APARTAMENTO,baseline,tile,-3342|-4934,3,0.5405827203904916,0.46257246012079306,0.7233482892936844,1.5405827203904916,18.32931242530455,0.9757262150728322,0.36130355183087154,201736.4488748432,0.6354938248855861,
APARTAMENTO,baseline,tile,-3343|-4927,3,0.1733689218591432,0.31667632250792954,0.5589798708306052,1.1733689218591432,22.063536630748867,1.0897172886829207,0.2643990855417428,40365.68646018451,0.4424565901338,
APARTAMENTO,baseline,tile,-3343|-4928,2,0.2743798011053838,0.2743798011053838,0.33835652657770593,0.9200290931595974,29.822948333416143,1.1620503357760386,0.3075751140145201,83030.43350737165,0.4989004659254519,
APARTAMENTO,baseline,tile,-3343|-4930,1,0.13963534774060293,0.13963534774060293,0.13963534774060293,1.139635347740603,0.0,1.0,0.13070834083397484,14661.7115127633,0.19606251125096225,
APARTAMENTO,baseline,tile,-3343|-4931,6,0.1307309451322783,0.2593097555149349,0.606439688746865,0.9235324050562614,26.69916077223034,1.1036563892172817,0.22332946679572763,82760.48006952507,0.379166392887123,-1.665481751514196
APARTAMENTO,baseline,tile,-3343|-4932,4,0.22496360244556918,0.20997387828436415,0.27784736300924606,0.7750363975544308,14.931430075598588,0.9973239687319303,0.23678472528380828,45129.55168743157,0.4028757526656225,0.21893262393585494
APARTAMENTO,baseline,tile,-3343|-4933,1,1.535254663527227,1.535254663527227,1.535254663527227,2.535254663527227,0.0,1.0,0.93029409098258,677890.898348022,1.39544113647387,
APARTAMENTO,baseline,tile,-3343|-4934,5,0.2459621270973702,0.33080974850616524,0.6963952879000417,0.9365830141510431,33.96670092557001,1.1645538337938333,0.28609622625792197,81407.39488261162,0.4799405567847952,-0.2687771965058634
APARTAMENTO,baseline,tile,-3344|-4928,2,0.08607024224231796,0.08607024224231796,0.09825582242546778,1.086070242242318,1.4024852754909376,1.0010148003445216,0.08246754128019203,16733.984705683037,0.12776384696090826,
APARTAMENTO,baseline,tile,-3344|-4930,1,0.20773799856330166,0.20773799856330166,0.20773799856330166,1.2077379985633017,0.0,1.0,0.1887491873823496,20773.799856330166,0.2831237810735244,
APARTAMENTO,baseline,tile,-3344|-4931,2,0.14054993291240014,0.14054993291240014,0.14915560778986714,0.8594500670875999,1.2516251971782466,1.001007345540695,0.15154088556688694,28481.8224245482,0.2309046433887662,
APARTAMENTO,baseline,tile,-3344|-4932,1,0.13925738909496577,0.13925738909496577,0.13925738909496577,0.8607426109050342,0.0,1.0,0.14995976128477226,64058.39898368425,0.22493964192715837,
APARTAMENTO,baseline,tile,-3344|-4934,1,0.06283596257699242,0.06283596257699242,0.06283596257699242,0.9371640374230076,0.0,1.0,0.06489694544601521,14452.271392708266,0.09734541816902281,
APARTAMENTO,baseline,tile,-3345|-4930,1,0.002658157345237777,0.002658157345237777,0.002658157345237777,1.0026581573452378,0.0,1.0,0.002654630693216664,485.49287506961264,0.003981946039824996,
APARTAMENTO,baseline,tile,-3345|-4932,3,0.3253710769145075,0.2753350892601276,0.3598184175971888,1.3253710769145075,5.941136505955823,1.03210718091016,0.23984096039063343,53277.97856214776,0.41134130036331196,
APARTAMENTO,baseline,tile,-3345|-4933,1,0.3776099166666669,0.3776099166666669,0.3776099166666669,1.3776099166666669,0.0,1.0,0.3203500531749054,37760.9916666667,0.4805250797623581,
APARTAMENTO,baseline,tile,-3345|-4935,2,0.1421369126370015,0.1421369126370015,0.21478148055058344,0.9091942901080226,15.63328258695004,1.022843429099014,0.15762542303533808,40067.92357647946,0.2556000753391921,
APARTAMENTO,baseline,tile,-3346|-4932,2,0.3637627120617466,0.3637627120617466,0.42348093052348224,1.0746477730771695,33.84948270261061,1.0428893890037028,0.35239159730382663,95229.51906022533,0.49400934132117474,
APARTAMENTO,baseline,tile,-3346|-4935,4,0.10780728399197725,0.10030794260714213,0.12988088698512,0.8921927160080227,2.7372357581669413,1.0032563357474524,0.10635301592131038,38889.31772015246,0.17185818820122875,-0.007698529666349324
APARTAMENTO,baseline,tile,-3347|-4933,1,0.2918406794778299,0.2918406794778299,0.2918406794778299,0.7081593205221701,0.0,1.0,0.3450861816175259,79672.50549744756,0.5176292724262889,
APARTAMENTO,baseline,tile,-3347|-4934,7,0.20877232742821383,0.21364822745074832,0.3568394616838322,1.114869413741171,17.691606637600394,1.045757386617269,0.2023447460518581,34989.87914539057,0.32331310020154314,-0.13097651831911378
APARTAMENTO,baseline,tile,-3347|-4935,5,0.2762056812977717,0.28628439651597787,0.4750350124289681,0.8337884900324971,25.660982839438056,1.0706302107057046,0.2856071015585725,84478.8977598132,0.4747710461178245,-0.25399527626538876
APARTAMENTO,baseline,tile,-3347|-4936,3,0.2594218551756713,0.7802296998191487,1.5140682655387787,0.7464626238477805,93.20188565042122,1.6313458119587387,0.5440693586065996,186035.8366395904,1.167981601454396,
APARTAMENTO,baseline,tile,-3347|-4937,1,1.4957637728577704,1.4957637728577704,1.4957637728577704,2.4957637728577704,0.0,1.0,0.9145948037437706,179491.65274293243,1.371892205615656,
APARTAMENTO,baseline,tile,-3348|-4934,2,0.21265643227311154,0.21265643227311154,0.21414697361719723,0.7873435677268885,0.23664087146685078,0.9998387165390603,0.2390933721239868,34271.87069232536,0.35931090862243403,
APARTAMENTO,baseline,tile,-3348|-4935,1,0.4395023038257495,0.4395023038257495,0.4395023038257495,1.4395023038257495,0.0,1.0,0.364297431503512,162615.85241552733,0.546446147255268,
APARTAMENTO,baseline,tile,-3348|-4936,6,0.3407326286711079,0.28263567232713144,0.4565228471823226,0.7957433063735726,32.217711605303826,1.180959844493497,0.3376979238966243,259492.7098767785,0.615645282878466,-0.24088081151383245
APARTAMENTO,baseline,tile,-3349|-4932,1,0.12934406211273108,0.12934406211273108,0.12934406211273108,1.129344062112731,0.0,1.0,0.12163698817639351,22635.210869727947,0.18245548226459027,
APARTAMENTO,baseline,tile,-3349|-4933,3,0.23787258890156882,0.19054566152679775,0.2993120095071027,0.7621274110984312,12.927817988339523,1.0554552861152033,0.2229254012850667,89308.6258828852,0.4180518241378242,
APARTAMENTO,baseline,tile,-3349|-4936,2,1.2751616715470753,1.2751616715470753,2.0849540412355134,2.0122404621105474,63.37024304787193,1.3671794042568126,0.7475790565981792,212978.95342054957,1.4120039380159604,
APARTAMENTO,baseline,tile,-3350|-4922,1,0.02204143904300304,0.02204143904300304,0.02204143904300304,1.022041439043003,0.0,1.0,0.02180203796831419,2224.290000000008,0.032703056952471284,
APARTAMENTO,baseline,tile,-3350|-4932,1,0.10416305322718944,0.10416305322718944,0.10416305322718944,0.8958369467728106,0.0,1.0,0.10999686161560518,13124.544706625864,0.16499529242340777,
APARTAMENTO,baseline,tile,-3350|-4933,2,0.7157714155647636,0.7157714155647636,0.7412962467571658,0.9680939610094974,73.93615128209045,0.8253340334560485,0.949069518815089,203848.71395334112,1.2461065044268,
APARTAMENTO,baseline,tile,-3351|-4921,1,0.30383306227439055,0.30383306227439055,0.30383306227439055,0.6961669377256094,0.0,1.0,0.3621657943538259,45574.95934115858,0.5432486915307388,
APARTAMENTO,baseline,tile,-3351|-4931,2,0.21941467505241102,0.21941467505241102,0.32674515723270453,0.7805853249475889,17.1875,1.030440251572327,0.26270429393623845,38043.06346468143,0.44452172581208554,
APARTAMENTO,baseline,tile,-3351|-4932,2,0.6196841251315632,0.6196841251315632,0.8002228984697222,1.2256734666726987,50.55866362301228,1.3204919001311266,0.5567829783459917,58961.53836825538,0.9239270276220454,
APARTAMENTO,baseline,tile,-3351|-4933,3,0.04439412256153541,0.13028833086662892,0.27883800837407074,0.9556058774384646,11.456155631036868,0.9514259107995188,0.15537675314718852,24802.603617583343,0.23161872922061075,
APARTAMENTO,baseline,tile,-3353|-4933,1,0.08586488664688197,0.08586488664688197,0.08586488664688197,0.914135113353118,0.0,1.0,0.08977689202750555,22324.87052818932,0.13466533804125833,
APARTAMENTO,baseline,tile,-3354|-4927,1,0.09981674020224962,0.09981674020224962,0.09981674020224962,0.9001832597977504,0.0,1.0,0.10515691438847105,15519.603588883765,0.15773537158270656,
APARTAMENTO,baseline,tile,-3355|-4925,1,0.1420666120722036,0.1420666120722036,0.1420666120722036,1.1420666120722036,0.0,1.0,0.1328394388428912,12864.766760893996,0.19925915826433682,
APARTAMENTO,f2400_w0.1_k32-32_e25.6,decil_valor,1,35,0.4217302442916313,0.5502856354440133,1.243441506649683,1.4217302442916313,27.656084400124044,1.0462361184703808,0.39987313132466884,58799.448653166,0.6675501856279309,-0.06339656261712019
APARTAMENTO,f2400_w0.1_k32-32_e25.6,decil_valor,2,35,0.19424399917271884,0.33302509814790804,0.619363216499025,1.048653879176966,31.405929963126315,1.0111940207154384,0.26692683685359403,74758.03657550736,0.37476123835249525,1.743111427416924
APARTAMENTO,f2400_w0.1_k32-32_e25.6,decil_valor,3,35,0.1692670213571772,0.3986954815935047,0.5497667899003839,1.1020360500154915,35.12614415314837,0.9943088719900991,0.26605205448076175,173436.35219325832,0.4053008186855945,2.153761921450625
APARTAMENTO,f2400_w0.1_k32-32_e25.6,decil_valor,4,35,0.18026974914420968,0.2641287571738832,0.6939638464752008,0.883293295542758,26.98353731118166,1.0021394947249471,0.2703035069224138,76105.6793609659,0.40087994258197895,1.4912079510267715
APARTAMENTO,f2400_w0.1_k32-32_e25.6,decil_valor,5,35,0.09868700566377131,0.12599172646898846,0.2769709437319183,0.9357344590746921,12.48138602064233,0.9996184089648941,0.13455413716096165,38225.28693303856,0.1991602043043566,0.9157705005163743
APARTAMENTO,f2400_w0.1_k32-32_e25.6,decil_valor,6,35,0.17496687961902013,0.20807301187880267,0.36874543886422684,0.8780603876374422,19.420282590942463,0.9976354572849766,0.21760764575848893,84557.79879138066,0.33236197810712764,1.3197530253113599
APARTAMENTO,f2400_w0.1_k32-32_e25.6,decil_valor,7,35,0.15825513983940642,0.22742884043259848,0.4292117508730236,0.9002092916919892,23.207765071788955,0.9936979798245306,0.22963561413028707,110640.13983914015,0.343380005858884,1.2985036842174642
APARTAMENTO,f2400_w0.1_k32-32_e25.6,decil_valor,8,35,0.10222630401849808,0.2527298900775475,0.5296208127085051,0.97827477654634,25.62625198231056,0.9939375599234479,0.2081154183834335,201433.83221920475,0.2862038393750745,1.3466877662192032
APARTAMENTO,f2400_w0.1_k32-32_e25.6,decil_valor,9,35,0.14545008161738449,0.2791291609672463,0.5189660768031987,0.9554850129841918,28.671723719883424,0.994813710582783,0.23406417961967776,319439.1006775772,0.33111148157959924,1.3322491226202509
APARTAMENTO,f2400_w0.1_k32-32_e25.6,decil_valor,10,35,0.14736967019190572,0.24792175236404687,0.473991516909355,0.9073920732626548,24.854970831500918,0.9999657590517512,0.24950872452158737,483574.3447445289,0.36025359609249924,0.19934424266897546
APARTAMENTO,f2400_w0.1_k32-32_e25.6,bairro,auxiliadora,6,0.31842760584770163,0.46204166365469895,0.9824880672560763,0.7990418229979653,50.71517411033582,0.993473522119419,0.40137033343015194,329401.25327552937,0.6436031981391511,0.8482313170877699
APARTAMENTO,f2400_w0.1_k32-32_e25.6,bairro,azenha,6,0.11374512031550144,0.1483947173282605,0.3134730868849352,1.0409814249889098,13.104693083915237,1.0407758290336857,0.14174022357408797,35142.04155775939,0.21456714155393208,-0.36341240869703556
APARTAMENTO,f2400_w0.1_k32-32_e25.6,bairro,bela vista,7,0.2810457207751026,0.6262945556880721,1.4314928445576465,1.2420063085259974,47.64244930453654,1.0949153004786052,0.43029761775459996,903507.6048900163,0.703106276987194,0.0977336160993338
APARTAMENTO,f2400_w0.1_k32-32_e25.6,bairro,boa vista,2,0.07879961815397452,0.07879961815397452,0.1385370930795579,0.9212003818460255,8.105928430830836,0.9851432544837928,0.08537384104648359,38011.40746192269,0.1541616165670686,
APARTAMENTO,f2400_w0.1_k32-32_e25.6,bairro,bom fim,7,0.1043074140643172,0.22947441813621028,0.572076409501201,1.0315482797197462,21.68475630301517,1.1817369025077062,0.19370545491891386,111981.09258982941,0.34694042831741007,-0.3137514138762438
APARTAMENTO,f2400_w0.1_k32-32_e25.6,bairro,bom jesus,1,0.06465212618530547,0.06465212618530547,0.06465212618530547,0.9353478738146945,0.0,1.0,0.06683676133387666,45256.488329713815,0.10025514200081498,
APARTAMENTO,f2400_w0.1_k32-32_e25.6,bairro,camaqua,3,0.2004449027161086,0.22021354580315786,0.26191837947053276,0.8170910139657739,19.489124353339115,0.9105853503544096,0.22348090834963394,64340.496028387715,0.42003993635241466,
APARTAMENTO,f2400_w0.1_k32-32_e25.6,bairro,campo novo,2,0.19158156464567727,0.19158156464567727,0.3027390995068967,0.8084184353543227,17.187500000000007,1.0304402515723268,0.22766855878505018,35279.11947186006,0.39196812308530304,
APARTAMENTO,f2400_w0.1_k32-32_e25.6,bairro,cavalhada,10,0.26327402150406065,0.3541802347936154,0.6996934352939622,1.0258053019561224,34.52704271641257,1.0283106996845235,0.30618016360662936,88193.05915784683,0.41919543188842023,-0.01178489841480608
APARTAMENTO,f2400_w0.1_k32-32_e25.6,bairro,cel ap borges,1,0.21070867840657326,0.21070867840657326,0.21070867840657326,1.2107086784065733,0.0,1.0,0.1912058727958754,21070.867840657316,0.2868088091938131,
APARTAMENTO,f2400_w0.1_k32-32_e25.6,bairro,centro historic,27,0.2209812597850539,0.30525458792602356,0.7300761406917383,1.0066669194346662,30.29876705944484,0.9833260408670101,0.2649422057497833,168679.89035203287,0.35241878751039746,0.09382061316398521
APARTAMENTO,f2400_w0.1_k32-32_e25.6,bairro,chacara pedras,3,0.3223080980519306,0.6660343135189776,1.1498747469451438,0.6809715666634452,82.19014270289018,0.7993178290498771,0.543529252052637,600494.5514156966,1.0531202862113664,
APARTAMENTO,f2400_w0.1_k32-32_e25.6,bairro,cidade baixa,6,0.20092409513382403,0.17605279718104497,0.2708905755439891,0.9436562791346781,17.889040719850108,1.0195703012699913,0.17780300792780243,42201.39466243081,0.26121288747656446,0.007993271625414244
APARTAMENTO,f2400_w0.1_k32-32_e25.6,bairro,costa e silva,1,0.05382109075213948,0.05382109075213948,0.05382109075213948,1.0538210907521395,0.0,1.0,0.05242269259176457,6566.173071761004,0.07863403888764685,
APARTAMENTO,f2400_w0.1_k32-32_e25.6,bairro,cristal,12,0.16538739487760684,0.19375279974391058,0.2832536167114012,0.8434538584815405,15.488101412593574,1.0658025956485508,0.19989294515552178,97678.1926456132,0.35560230229772544,-0.07058053933872074
APARTAMENTO,f2400_w0.1_k32-32_e25.6,bairro,cristo redentor,6,0.19303249543575157,0.3382215685257264,0.7103531255818198,0.8843509847198281,34.45101453822283,1.0830198017547625,0.3113058509161583,74388.61501029736,0.49876064007512383,-0.08016547136471003
APARTAMENTO,f2400_w0.1_k32-32_e25.6,bairro,espirito santo,1,0.0569367556779109,0.0569367556779109,0.0569367556779109,0.9430632443220891,0.0,1.0,0.058621931447963,14803.55647625684,0.0879328971719445,
APARTAMENTO,f2400_w0.1_k32-32_e25.6,bairro,farrapos,4,0.10495074521925696,0.11212009910316331,0.1869372895121635,0.9457789620658439,10.466281422241954,1.0151313245646474,0.11780614493235597,24919.54577894646,0.1793540387306391,-0.04422627931706181
APARTAMENTO,f2400_w0.1_k32-32_e25.6,bairro,floresta,3,0.27020122805394686,0.23390572820476885,0.3215254999094214,0.9028406113129304,22.32058048607553,1.1483647102622134,0.23521496435427117,94165.55783667977,0.4112905108839033,
APARTAMENTO,f2400_w0.1_k32-32_e25.6,bairro,gloria,1,0.10305507580106132,0.10305507580106132,0.10305507580106132,1.1030550758010613,0.0,1.0,0.0980836717546515,18822.251109705976,0.14712550763197726,
APARTAMENTO,f2400_w0.1_k32-32_e25.6,bairro,higienopolis,4,0.16229325227287922,0.20478347679864517,0.3456800864434971,1.0013781953503755,20.45016335980761,0.8671189308568144,0.19662847777390585,404715.39520178037,0.3197320776574576,0.1433880834623932
APARTAMENTO,f2400_w0.1_k32-32_e25.6,bairro,hipica,1,0.08415515890382519,0.08415515890382519,0.08415515890382519,0.9158448410961748,0.0,1.0,0.08790831610527187,13084.525736870884,0.1318624741579078,
APARTAMENTO,f2400_w0.1_k32-32_e25.6,bairro,humaita,3,0.06416561757308414,0.14022708321811128,0.24919300111429069,0.9358343824269159,12.698672570556463,0.9998925565949264,0.15859546043566505,26878.167489215877,0.22355424645691455,
APARTAMENTO,f2400_w0.1_k32-32_e25.6,bairro,independencia,5,0.32484779504181294,0.34122703738016036,0.4214977505904113,1.2735052117458843,22.499004510407687,0.9894230792844652,0.33770169292402696,133753.8763153598,0.520152385101159,0.05827458180783838
APARTAMENTO,f2400_w0.1_k32-32_e25.6,bairro,ipanema,2,0.05444823798938864,0.05444823798938864,0.08946470056497804,0.9455517620106113,4.629104399997465,1.0086465372661124,0.05705922671660854,22286.368399138635,0.10092999611054373,
APARTAMENTO,f2400_w0.1_k32-32_e25.6,bairro,jar leopoldina,5,0.19424399917271884,0.19870942414087756,0.2632927024302944,0.8057560008272812,19.839830437775532,1.034199529446243,0.2154404652672489,35397.320952947,0.38984105975971184,-0.1804596967743178
APARTAMENTO,f2400_w0.1_k32-32_e25.6,bairro,jardim botanico,4,0.26183134823029935,0.42384084444966663,0.8915055781308923,0.8766740866567393,46.66564815863871,1.1237445145236349,0.3506480497007828,86916.24493453703,0.5914553721155089,2.729701639718238
APARTAMENTO,f2400_w0.1_k32-32_e25.6,bairro,jardim carvalho,6,0.13637588603315687,0.33713303778022174,0.8295381628307835,1.1363758860331568,25.528039528244495,1.1034743145305888,0.2502218392972316,65749.65773408608,0.42719584873741434,-0.16300413798344449
APARTAMENTO,f2400_w0.1_k32-32_e25.6,bairro,jardim do salso,3,0.1286308122402332,0.10632965864777073,0.17734013367126994,0.9991593003259501,10.61386561567225,1.1171971922663566,0.10402610370951108,128786.08213816393,0.18639281532765456,
APARTAMENTO,f2400_w0.1_k32-32_e25.6,bairro,jardim europa,2,0.07543797563469845,0.07543797563469845,0.10027388941072443,1.0310448922200326,7.3166528638987165,1.0294259056664663,0.07329751140474272,88343.75594377016,0.12137615366668114,
APARTAMENTO,f2400_w0.1_k32-32_e25.6,bairro,jardim itu,5,0.17365428861147136,0.16595883769149927,0.24703036174946585,0.9007092147746223,13.36662957383266,0.992788509470726,0.17332102211869585,44540.76244645024,0.2626428103449231,0.733316706398892
APARTAMENTO,f2400_w0.1_k32-32_e25.6,bairro,jardim lindoia,2,0.21963769187792814,0.21963769187792814,0.3167377505123698,1.121375073293052,19.58646104313125,1.033745699795929,0.19842853806709465,39002.10120446765,0.3212669325718911,
APARTAMENTO,f2400_w0.1_k32-32_e25.6,bairro,jardim sabara,7,0.16122247033752624,0.2157815835042227,0.40119571836131074,0.8472945752865476,22.578639883724623,1.070361553955006,0.20313733075402135,41796.39722689162,0.3764356056841425,-0.3376973825988876
APARTAMENTO,f2400_w0.1_k32-32_e25.6,bairro,lomba pinheiro,2,0.10946766699341448,0.10946766699341448,0.14240750104887953,0.9588252074306687,11.416853264293215,1.02284487769296,0.11466848999904707,16704.66290581411,0.17552778662328558,
APARTAMENTO,f2400_w0.1_k32-32_e25.6,bairro,mario quintana,2,0.20472083445785372,0.20472083445785372,0.3146615520590989,1.2047208344578537,11.407281510442264,1.0027459480284526,0.17969886103945676,30608.428819621353,0.30271209094254087,
APARTAMENTO,f2400_w0.1_k32-32_e25.6,bairro,medianeira,1,0.06972407686552073,0.06972407686552073,0.06972407686552073,0.9302759231344793,0.0,1.0,0.07227404529661671,32073.075358139526,0.10841106794492507,
APARTAMENTO,f2400_w0.1_k32-32_e25.6,bairro,menino deus,13,0.19143705266767552,0.33052999344322104,0.7230491225866402,0.9783115915855078,33.615226187951215,1.0355650758468045,0.2742524883106797,208586.24779969518,0.38672770559051667,0.1479960469877423
APARTAMENTO,f2400_w0.1_k32-32_e25.6,bairro,moinhos vento,8,0.1610689345798627,0.15090823441310935,0.22084695824666797,0.956808520753892,15.772041232890066,0.9795319516792281,0.15805756990994793,140593.0422234474,0.22990387903588275,-0.01068525880899956
APARTAMENTO,f2400_w0.1_k32-32_e25.6,bairro,mont serrat,8,0.11545277958325595,0.20429992101869363,0.4593167078157705,0.9164161039140137,20.44077251930857,1.0005357273771047,0.2722144656701265,277821.97419081104,0.36722656670103676,0.13450041864953965
APARTAMENTO,f2400_w0.1_k32-32_e25.6,bairro,morro santana,4,0.14583679203813105,0.14126366374998509,0.1846259005071483,0.854163207961869,4.75348459462385,1.0084948155925633,0.15350974967305245,39407.93077145286,0.24843942671695213,-0.19874401830762903
APARTAMENTO,f2400_w0.1_k32-32_e25.6,bairro,nonoai,4,0.21042028477108565,0.21805244699363052,0.3496241556135637,1.1027250512979883,16.26544622944147,1.0789733279960343,0.21478944945941592,46061.25451270474,0.3423502662586967,-0.4052662884622488
APARTAMENTO,f2400_w0.1_k32-32_e25.6,bairro,parque sta fe,1,1.2969820090077855,1.2969820090077855,1.2969820090077855,2.2969820090077855,0.0,1.0,0.8315960912896033,77818.92054046714,1.247394136934405,
APARTAMENTO,f2400_w0.1_k32-32_e25.6,bairro,partenon,11,0.19426192512829887,0.3275334588453114,0.6551341478637958,1.1576956928607816,27.053524401832767,1.0710492891578385,0.27797754404806424,90210.54145864236,0.45314653996471876,-0.02998671580531486
APARTAMENTO,f2400_w0.1_k32-32_e25.6,bairro,passo da areia,10,0.06157106924798328,0.07986916917779505,0.15448271662056617,0.9710473788060503,6.987511696903148,1.0047527180644515,0.08298173938434206,76355.53751166815,0.11751125743277696,0.006814798250731612
APARTAMENTO,f2400_w0.1_k32-32_e25.6,bairro,passo pedras,1,0.023209102315927987,0.023209102315927987,0.023209102315927987,0.976790897684072,0.0,1.0,0.02348267473430945,5802.275578981993,0.03522401210146417,
APARTAMENTO,f2400_w0.1_k32-32_e25.6,bairro,petropolis,24,0.19059501628463188,0.47489910178691996,0.7622684328732564,0.9285135546914678,50.60757490040244,1.3024195401546779,0.31089605882309795,339784.1747459137,0.6066120056523739,0.024519173738620875
APARTAMENTO,f2400_w0.1_k32-32_e25.6,bairro,praia de belas,2,0.5381512257783736,0.5381512257783736,0.5658150731364706,1.5381512257783736,2.248141055189312,0.998376731543444,0.43032842171105257,197086.98168203424,0.6520516642929599,
APARTAMENTO,f2400_w0.1_k32-32_e25.6,bairro,restinga,1,0.32919480703300086,0.32919480703300086,0.32919480703300086,1.3291948070330009,0.0,1.0,0.2845733506542281,29810.061277625675,0.4268600259813422,
APARTAMENTO,f2400_w0.1_k32-32_e25.6,bairro,rio branco,8,0.057436779464513366,0.17067795280494524,0.37192280058044414,1.0196020085357738,16.56100778456064,1.0581509924723291,0.14028914332304684,75243.95684340414,0.2196593636337555,-0.10751564801256834
APARTAMENTO,f2400_w0.1_k32-32_e25.6,bairro,rubem berta,9,0.22859827403256716,0.5322615455789236,1.041017388844878,1.204227743008708,42.31505021304153,1.2142554186500791,0.4031274410897048,44745.08556048852,0.6988998411746025,-0.616526448675342
APARTAMENTO,f2400_w0.1_k32-32_e25.6,bairro,santa cecilia,2,0.12850258592491842,0.12850258592491842,0.15230462905650882,0.9702474460855119,13.244310659447276,1.0065255355353195,0.13322576312283174,48214.05804646796,0.1846907784523704,
APARTAMENTO,f2400_w0.1_k32-32_e25.6,bairro,santa tereza,1,0.06655054026661433,0.06655054026661433,0.06655054026661433,0.9334494597333857,0.0,1.0,0.06886845808370666,15306.624261321296,0.10330268712555998,
APARTAMENTO,f2400_w0.1_k32-32_e25.6,bairro,santana,9,0.18363454276168256,0.226011392121026,0.4027800661359066,1.0236235037498578,21.823117342724736,1.0265784496603965,0.20711976470609952,74547.7574885455,0.2864676409929941,0.005762798410343593
APARTAMENTO,f2400_w0.1_k32-32_e25.6,bairro,santo antonio,11,0.18411701987753049,0.2294982429642701,0.28740879499391214,0.8653240443195199,22.958841238675966,1.0390400536832738,0.22137663873982028,66580.52404296155,0.37024798488155625,0.07825037795183228
APARTAMENTO,f2400_w0.1_k32-32_e25.6,bairro,sao geraldo,1,0.05914881542969597,0.05914881542969597,0.05914881542969597,0.940851184570304,0.0,1.0,0.060970297949597664,23659.526171878388,0.0914554469243965,
APARTAMENTO,f2400_w0.1_k32-32_e25.6,bairro,sao joao,4,0.16452019432958515,0.21278795743593573,0.37555666012871997,1.0051784507631811,21.169172227516082,1.0246544724861242,0.20217737240143474,55118.41185684524,0.26986057519167295,-0.02880589810601854
APARTAMENTO,f2400_w0.1_k32-32_e25.6,bairro,sao sebastiao,6,0.17304368366389733,0.23378100232572074,0.5161625566977637,0.9878632333844988,23.41398497917467,1.0356239315515035,0.20188719088754037,100097.34169725302,0.2840297013697427,0.017329769578164164
APARTAMENTO,f2400_w0.1_k32-32_e25.6,bairro,sarandi,9,0.13917111392076076,0.1767279990171423,0.3160715000967116,0.9013129943362287,18.037389415757563,1.0626648471149573,0.16528930284688745,39622.6701736713,0.2927240044888258,-0.2820746892099138
APARTAMENTO,f2400_w0.1_k32-32_e25.6,bairro,sta rosa lima,3,0.14755320386154158,0.1618304041811142,0.21144794471055037,0.8524467961384584,4.571360609380711,1.0076433042086868,0.17826016396732403,27864.06984800919,0.27331792706359853,
APARTAMENTO,f2400_w0.1_k32-32_e25.6,bairro,teresopolis,4,0.3258608659191982,0.28948524929125574,0.37265221855336866,1.2499682704123893,17.89198493063503,1.059578371968027,0.2721723654909993,64330.56436755539,0.4573969448291904,-0.26929956990787024
APARTAMENTO,f2400_w0.1_k32-32_e25.6,bairro,tristeza,9,0.24035820594437185,0.6396233914408757,1.7375834707082243,0.9440567157455222,67.09421800659015,1.3976622381647252,0.4400560546716725,160766.68461542812,0.8039766223988866,-0.3910021740567338
APARTAMENTO,f2400_w0.1_k32-32_e25.6,bairro,vila assuncao,2,0.8321865590221746,0.8321865590221746,1.2571693343655352,1.5312284691792006,54.34764150305145,1.8671531725050285,0.6090761000815681,345540.87462135556,1.2701878225946597,
APARTAMENTO,f2400_w0.1_k32-32_e25.6,bairro,vila ipiranga,10,0.06214718119991647,0.26222634921832466,0.6094802862727382,0.992312529301663,26.34149079393875,1.0850630655308422,0.20652680430458678,97445.57465474925,0.317058172205532,0.05559007132284138
APARTAMENTO,f2400_w0.1_k32-32_e25.6,bairro,vila jardim,3,0.051532254088113905,0.49772181118399866,1.1538238235331915,1.0122364635694212,48.76755657007969,0.8747995953788915,0.31757088674663553,491477.3893797465,0.5124511061389163,
APARTAMENTO,f2400_w0.1_k32-32_e25.6,bairro,vila nova,6,0.24502925286347965,0.34130304567229724,0.6464364977433111,0.8150280661506026,36.33416991961884,1.0414988026889782,0.5142775389159916,93698.03181567007,0.7277097444426992,0.3130263549237591
APARTAMENTO,f2400_w0.1_k32-32_e25.6,bairro,vila sao jose,3,0.10203605001549154,0.1017037913892977,0.12644752009584787,1.0705249365364646,7.304405207361802,1.0017583875043787,0.10250213302630255,20541.089135841354,0.15571612925287184,
APARTAMENTO,f2400_w0.1_k32-32_e25.6,tile,-3333|-4930,2,0.05422103793415617,0.05422103793415617,0.07658633019989211,0.9457789620658439,2.955935419741724,1.0055732680754683,0.05618346123710315,22602.976527777053,0.09422539350375754,
APARTAMENTO,f2400_w0.1_k32-32_e25.6,tile,-3334|-4930,4,0.17001916027217046,0.17413848815639765,0.27050923791136056,0.9243756508547522,18.838497962962915,1.0229562229613933,0.19208181963750645,28944.468833749528,0.2898447818771917,-0.501928746834248
APARTAMENTO,f2400_w0.1_k32-32_e25.6,tile,-3335|-4923,3,0.22742162992280257,0.36837997011548157,0.6296163872342411,0.8524467961384584,37.44463235409425,1.1120213660132359,0.3219610434490497,46403.40311792982,0.5484845696734025,
APARTAMENTO,f2400_w0.1_k32-32_e25.6,tile,-3335|-4924,1,0.21254810598036422,0.21254810598036422,0.21254810598036422,0.7874518940196358,0.0,1.0,0.23895299710742587,40384.14013626921,0.3584294956611388,
APARTAMENTO,f2400_w0.1_k32-32_e25.6,tile,-3335|-4930,1,0.06416561757308414,0.06416561757308414,0.06416561757308414,0.9358343824269159,0.0,1.0,0.06631676001218688,16683.060569001886,0.09947514001828031,
APARTAMENTO,f2400_w0.1_k32-32_e25.6,tile,-3336|-4921,2,0.15169820502255543,0.15169820502255543,0.18464366603340102,0.8483017949774445,4.854619724652589,1.0112273116396346,0.16569857356753687,28633.597663194094,0.2656769075709629,
APARTAMENTO,f2400_w0.1_k32-32_e25.6,tile,-3336|-4925,2,0.07451120582233484,0.07451120582233484,0.12623913230107559,0.9353400919015741,7.966215333596077,0.9884511517417766,0.07983131146345272,31632.963187425736,0.13897741745534672,
APARTAMENTO,f2400_w0.1_k32-32_e25.6,tile,-3336|-4926,1,0.007448559738854832,0.007448559738854832,0.007448559738854832,0.9925514402611452,0.0,1.0,0.007476438785382876,1303.4979542995861,0.011214658178074315,
APARTAMENTO,f2400_w0.1_k32-32_e25.6,tile,-3337|-4921,3,1.0104890477779653,0.7926158479664007,1.132602412045616,2.0104890477779653,15.898337623601586,1.1258099579267453,0.5519243597282498,60827.157672502704,1.0001105733062352,
APARTAMENTO,f2400_w0.1_k32-32_e25.6,tile,-3337|-4922,1,1.2969820090077855,1.2969820090077855,1.2969820090077855,2.2969820090077855,0.0,1.0,0.8315960912896033,77818.92054046714,1.247394136934405,
APARTAMENTO,f2400_w0.1_k32-32_e25.6,tile,-3337|-4924,1,0.15900949597259972,0.15900949597259972,0.15900949597259972,0.8409905040274003,0.0,1.0,0.1731749103602128,52075.60993102641,0.2597623655403192,
APARTAMENTO,f2400_w0.1_k32-32_e25.6,tile,-3337|-4925,8,0.12238415692415233,0.12167939391582908,0.22121901425392607,0.9422440104220406,12.086574981689198,0.9828111850116322,0.12565192076620596,68922.19371665517,0.1942829888055545,0.06747318502202299
APARTAMENTO,f2400_w0.1_k32-32_e25.6,tile,-3337|-4926,3,0.3410127651709802,0.4002948625464133,0.6774899161409028,1.3410127651709802,21.373692202416013,1.0004912572727929,0.32102826261208667,97677.13848870649,0.5214206231395466,
APARTAMENTO,f2400_w0.1_k32-32_e25.6,tile,-3337|-4927,2,0.18866256471518733,0.18866256471518733,0.24207491849832088,0.933234557771083,20.21598569664896,0.9655536151643922,0.20498342168375366,53555.837115026734,0.3075995637848939,
APARTAMENTO,f2400_w0.1_k32-32_e25.6,tile,-3337|-4929,1,0.23315709236248472,0.23315709236248472,0.23315709236248472,0.7668429076375153,0.0,1.0,0.26547331262406176,65283.98586149572,0.3982099689360926,
APARTAMENTO,f2400_w0.1_k32-32_e25.6,tile,-3337|-4932,1,0.05914881542969597,0.05914881542969597,0.05914881542969597,0.940851184570304,0.0,1.0,0.060970297949597664,23659.526171878388,0.0914554469243965,
APARTAMENTO,f2400_w0.1_k32-32_e25.6,tile,-3338|-4922,3,0.10921918556136467,0.1481259263760751,0.20472245633832667,0.8907808144386353,4.566703447887694,1.0004798259011927,0.16262644432585624,23725.136861312883,0.2321114989972904,
APARTAMENTO,f2400_w0.1_k32-32_e25.6,tile,-3338|-4923,4,0.11791014804518263,0.12006545052408449,0.20946244418449902,1.0153059942181057,11.825543354203058,1.0048019366734253,0.12328880689005309,20442.898925575868,0.16284290694954198,0.053885696328893486
APARTAMENTO,f2400_w0.1_k32-32_e25.6,tile,-3338|-4925,2,0.0817781630753428,0.0817781630753428,0.09578826079537073,0.9182218369246572,1.907232157393341,0.9981576918245189,0.08549817494379347,18752.6537138595,0.13384639155923403,
APARTAMENTO,f2400_w0.1_k32-32_e25.6,tile,-3338|-4926,6,0.040772699104085264,0.33426676109451625,0.9575041792812364,1.0003412265720952,33.41527393007284,1.1670409219546698,0.2121632842989463,114360.97934202384,0.3731077626238668,-0.4402472468427549
APARTAMENTO,f2400_w0.1_k32-32_e25.6,tile,-3338|-4927,7,0.13063698392739886,0.28995264223126654,0.6478558073860218,0.8911987313837673,26.50318126512351,1.131572170428087,0.26794246469460914,99276.74288120614,0.4535983180211878,-0.18400608038767646
APARTAMENTO,f2400_w0.1_k32-32_e25.6,tile,-3338|-4928,6,0.037791895559680766,0.05477963668660089,0.10891357887622027,0.9767247225002273,4.404927196600485,1.00922763134991,0.053959562937281415,42060.09270802416,0.08133975164960013,-0.022870463258230212
APARTAMENTO,f2400_w0.1_k32-32_e25.6,tile,-3338|-4929,3,0.09705212956418074,0.13923780338056435,0.19923281333749754,0.9029478704358193,11.837570808406362,1.031840836939265,0.14941899222399033,86561.2311976682,0.24573036121076766,
APARTAMENTO,f2400_w0.1_k32-32_e25.6,tile,-3338|-4930,5,0.3974952730846415,0.5154371468514366,1.109296318419522,1.3974952730846415,28.337461439452778,0.9931904768613672,0.36412581838754887,487463.3294032617,0.6057266506695326,0.11016487997828989
APARTAMENTO,f2400_w0.1_k32-32_e25.6,tile,-3338|-4931,3,0.09715938868706964,0.08927190135953562,0.12224758729091523,0.9028406113129304,6.3007177292481025,1.029543026135942,0.09368143400338823,46571.82180626992,0.17509537390987684,
APARTAMENTO,f2400_w0.1_k32-32_e25.6,tile,-3339|-4922,4,0.5699894231365631,0.565206364164988,0.9032156112546745,1.3272009727549732,42.586343422559864,1.325347053919117,0.45763882658135246,45660.94194247799,0.8464779578671866,-0.6541727041448326
APARTAMENTO,f2400_w0.1_k32-32_e25.6,tile,-3339|-4923,1,0.10473861091293757,0.10473861091293757,0.10473861091293757,1.1047386109129376,0.0,1.0,0.09960875577705444,10440.042041216075,0.14941313366558168,
APARTAMENTO,f2400_w0.1_k32-32_e25.6,tile,-3339|-4925,3,0.24259891233868913,0.2220792874356036,0.24850751155305809,0.8263457113885286,19.869955431754242,0.9901340375289103,0.23186958690196413,55425.84702083707,0.3818729803853577,
APARTAMENTO,f2400_w0.1_k32-32_e25.6,tile,-3339|-4927,6,0.06214718119991647,0.127923146147591,0.29382933400025246,0.9722070767573958,12.77425644115814,0.9607651402141422,0.1564805600102793,73138.03963516197,0.2225220742116263,0.043136639389819535
APARTAMENTO,f2400_w0.1_k32-32_e25.6,tile,-3339|-4928,1,0.09234965776346238,0.09234965776346238,0.09234965776346238,1.0923496577634624,0.0,1.0,0.0883310254869105,78497.20909894304,0.13249653823036575,
APARTAMENTO,f2400_w0.1_k32-32_e25.6,tile,-3339|-4929,2,0.07879961815397452,0.07879961815397452,0.1385370930795579,0.9212003818460255,8.105928430830836,0.9851432544837928,0.08537384104648359,38011.40746192269,0.1541616165670686,
APARTAMENTO,f2400_w0.1_k32-32_e25.6,tile,-3339|-4930,8,0.20722180094052128,0.26560208416036535,0.488371025986201,0.7927781990594787,24.395347645571754,0.9833582472971533,0.35444561286030757,233083.25640961903,0.5399307706797486,0.11932238296779817
APARTAMENTO,f2400_w0.1_k32-32_e25.6,tile,-3339|-4931,4,0.16225655500682995,0.15249393659611762,0.2075350822471144,0.8767564944361566,13.61569649934664,1.024611535242781,0.16237990221070123,135467.6701728415,0.27433891012896544,-0.18362394384821432
APARTAMENTO,f2400_w0.1_k32-32_e25.6,tile,-3339|-4932,5,0.27020122805394686,0.2395298412946473,0.3305530587406992,1.1778769037229933,14.24663097707156,1.061205310517097,0.22699217583659648,144701.9884528603,0.3741682189313556,-0.04546833983949847
APARTAMENTO,f2400_w0.1_k32-32_e25.6,tile,-3339|-4933,1,0.15673960815557053,0.15673960815557053,0.15673960815557053,0.8432603918444295,0.0,1.0,0.17047948155339526,34482.71379422551,0.2557192223300929,
APARTAMENTO,f2400_w0.1_k32-32_e25.6,tile,-3340|-4923,2,0.20472083445785372,0.20472083445785372,0.3146615520590989,1.2047208344578537,11.407281510442264,1.0027459480284526,0.17969886103945676,30608.428819621353,0.30271209094254087,
APARTAMENTO,f2400_w0.1_k32-32_e25.6,tile,-3340|-4926,1,0.1682437921614116,0.1682437921614116,0.1682437921614116,0.8317562078385884,0.0,1.0,0.18421590052428177,60567.76517810818,0.27632385078642263,
APARTAMENTO,f2400_w0.1_k32-32_e25.6,tile,-3340|-4927,3,1.356766409168447,0.9458984597170073,1.414870654549258,2.356766409168447,20.945775027757918,0.951876320966122,0.5992803236369809,769048.2881337733,1.1049501019452386,
APARTAMENTO,f2400_w0.1_k32-32_e25.6,tile,-3340|-4928,1,0.31902843333655484,0.31902843333655484,0.31902843333655484,0.6809715666634452,0.0,1.0,0.38423472603402026,54234.83366721432,0.5763520890510304,
APARTAMENTO,f2400_w0.1_k32-32_e25.6,tile,-3340|-4929,4,0.19059501628463188,0.2454847954945235,0.3836146862814913,0.8384178999419251,21.18131786738385,1.1446910357110789,0.23767405812413844,499898.5912366318,0.4463140419467042,-0.21644079068695138
APARTAMENTO,f2400_w0.1_k32-32_e25.6,tile,-3340|-4930,9,0.13425026180117716,0.43145751236388197,0.8607080483818426,0.9073920732626548,46.415188663929115,1.1002038661399933,0.32082475033447666,570219.24883429,0.5332007934626435,0.23555383938758848
APARTAMENTO,f2400_w0.1_k32-32_e25.6,tile,-3340|-4931,8,0.09672155974963981,0.19624718429925778,0.44443400009917644,1.033764003690786,18.035661849872227,0.8024759622564458,0.1619197127443036,620564.3521520734,0.3336388132498067,0.24039116869582167
APARTAMENTO,f2400_w0.1_k32-32_e25.6,tile,-3340|-4932,11,0.27350521174588427,0.336038597703249,0.9061963567814959,1.0315482797197462,32.21921872987171,1.1325326246293217,0.290862402658789,136981.34836821654,0.4491690711658921,-0.26956153501807506
APARTAMENTO,f2400_w0.1_k32-32_e25.6,tile,-3340|-4933,11,0.13833535920181883,0.2517411849825539,0.579349247610067,1.101415031250503,21.909040885627014,0.8862484570394661,0.21524747965319643,226922.60414854466,0.378696925513958,0.20760413227787716
APARTAMENTO,f2400_w0.1_k32-32_e25.6,tile,-3340|-4934,13,0.2961189096934853,0.3892388038391207,1.0689509847415875,1.0836436578834199,34.697965823140656,1.1066929720013288,0.32849694292689924,123635.85295939776,0.5060945494562219,-0.2263151945860357
APARTAMENTO,f2400_w0.1_k32-32_e25.6,tile,-3340|-4935,5,0.2209812597850539,0.1928160028264263,0.2556937735907211,0.7790187402149461,15.384031104091731,1.033254088227706,0.21192984192308062,52456.47073865281,0.3916065735395641,-0.33143976354096966
APARTAMENTO,f2400_w0.1_k32-32_e25.6,tile,-3341|-4924,2,0.13669053546183912,0.13669053546183912,0.17835049180258755,0.8633094645381609,6.03201372914332,1.0106016750936702,0.14880463782869596,37789.35805532145,0.24264863814663687,
APARTAMENTO,f2400_w0.1_k32-32_e25.6,tile,-3341|-4925,6,0.12289785056977648,0.11416000093310341,0.1569639475254893,0.9228739274841735,11.013947956256416,0.9856991020459782,0.1182252015982907,23756.139186346663,0.1930934640099603,0.11805798182124272
APARTAMENTO,f2400_w0.1_k32-32_e25.6,tile,-3341|-4926,3,0.22617031399495913,0.29973680021161914,0.576221122727662,0.9906937382709394,29.942120507021308,1.1077038436730653,0.25827255922416664,47515.26185897956,0.3889474100048149,
APARTAMENTO,f2400_w0.1_k32-32_e25.6,tile,-3341|-4927,2,0.1672722808106759,0.1672722808106759,0.2913009346036797,0.8449641827587453,19.7963753048732,1.124387381550437,0.20061235972642735,120797.28065448558,0.39295298668534573,
APARTAMENTO,f2400_w0.1_k32-32_e25.6,tile,-3341|-4928,1,0.06465212618530547,0.06465212618530547,0.06465212618530547,0.9353478738146945,0.0,1.0,0.06683676133387666,45256.488329713815,0.10025514200081498,
APARTAMENTO,f2400_w0.1_k32-32_e25.6,tile,-3341|-4929,5,0.46707197134726774,1.4123245849819213,3.4881860071340256,1.4670719713472677,89.90085125143945,1.5468193125170282,0.6830859397418468,483984.7842637357,1.3175727300296596,0.22121324183925387
APARTAMENTO,f2400_w0.1_k32-32_e25.6,tile,-3341|-4930,7,0.17929493931813778,0.2891607092818872,0.6396854652762769,0.9429003333227718,29.713832993720366,0.976123864433327,0.2384579490533345,174389.00591353912,0.3542227732095901,0.41377727025555516
APARTAMENTO,f2400_w0.1_k32-32_e25.6,tile,-3341|-4931,7,0.09875003201043042,0.18703271029859694,0.36458154801204773,1.0117204344912396,18.321104941143613,0.973027694674378,0.18145255443327826,118333.82230846306,0.24675282489578892,0.23091505051114297
APARTAMENTO,f2400_w0.1_k32-32_e25.6,tile,-3341|-4932,6,0.1045942297516595,0.17241300893351008,0.38417855977351495,1.0284662372753557,15.998435507174058,1.0494690194961716,0.1522726960447621,54026.581910985966,0.23044525629544937,-0.18775833391896793
APARTAMENTO,f2400_w0.1_k32-32_e25.6,tile,-3341|-4933,6,0.20092409513382403,0.1957514787234986,0.2490319605173386,0.8134608460338004,12.811830532727658,1.033868507116937,0.2122937215691154,57580.78796852835,0.3642058392049158,-0.09873980903773051
APARTAMENTO,f2400_w0.1_k32-32_e25.6,tile,-3341|-4934,2,0.2342503150758794,0.2342503150758794,0.4042703883736549,0.7657496849241205,27.75385949303771,0.9779921169202936,0.30697795726782207,107587.71531953571,0.5209394130595872,
APARTAMENTO,f2400_w0.1_k32-32_e25.6,tile,-3342|-4925,3,0.17496687961902013,0.4885792164559981,1.0248702410197528,1.0534246883790386,44.68957222947939,1.1692606073366554,0.34988953017738406,93272.19081624185,0.5658224878218041,
APARTAMENTO,f2400_w0.1_k32-32_e25.6,tile,-3342|-4926,2,0.3033955237621335,0.3033955237621335,0.39806330018573177,1.3033955237621335,9.078957106430387,1.0136968322019237,0.2608343478888392,28246.78235422666,0.42282008017884976,
APARTAMENTO,f2400_w0.1_k32-32_e25.6,tile,-3342|-4927,1,0.1286308122402332,0.1286308122402332,0.1286308122402332,0.8713691877597668,0.0,1.0,0.13768952539174717,221244.99705320108,0.20653428808762075,
APARTAMENTO,f2400_w0.1_k32-32_e25.6,tile,-3342|-4928,2,0.0951790818515395,0.0951790818515395,0.17064978759353122,1.0943383821774897,8.697408717599242,1.0360435777808141,0.08719439286839302,20102.439359724005,0.17171749961930632,
APARTAMENTO,f2400_w0.1_k32-32_e25.6,tile,-3342|-4929,1,0.21718142734157497,0.21718142734157497,0.21718142734157497,0.782818572658425,0.0,1.0,0.24485431781113348,46694.00687843861,0.3672814767167002,
APARTAMENTO,f2400_w0.1_k32-32_e25.6,tile,-3342|-4930,7,0.14736967019190572,0.28522362133886936,0.6545949276246286,0.9705296006550536,28.95466187738352,1.2358290087752235,0.25113392606557206,221472.0827691241,0.44434827249466646,-0.18216790779194775
APARTAMENTO,f2400_w0.1_k32-32_e25.6,tile,-3342|-4931,7,0.18411701987753049,0.32157955244772995,0.6706270725314973,0.8488868866075873,34.29293321938115,1.0230172474072114,0.26329529414875685,101724.66505533333,0.44232046686314563,0.31599825750060173
APARTAMENTO,f2400_w0.1_k32-32_e25.6,tile,-3342|-4932,5,0.17883636145403692,0.1845008990398112,0.3538496015711063,1.178836361454037,10.877074356013788,1.0166582448940844,0.16168226535973598,31842.92800286216,0.2793993691359539,-0.27681837985934
APARTAMENTO,f2400_w0.1_k32-32_e25.6,tile,-3342|-4933,5,0.1503421289291239,0.16715305039408657,0.30612404131020005,0.8920934686276656,16.317992367274822,1.0302180964802863,0.163409364150801,61247.05334399455,0.2761817902776123,-0.03485042297494524
APARTAMENTO,f2400_w0.1_k32-32_e25.6,tile,-3342|-4934,3,0.5035714165807523,0.36360518973782313,0.5588991112969464,1.5035714165807523,12.375377521446175,0.983648700136523,0.29168855126383714,160940.47911121222,0.5347918352017397,
APARTAMENTO,f2400_w0.1_k32-32_e25.6,tile,-3343|-4927,3,0.19728716517390965,0.32832390021788077,0.5635647513258185,1.1972871651739097,21.929702369142134,1.0876470657006314,0.27537940536187244,42542.34009996176,0.4622411660552083,
APARTAMENTO,f2400_w0.1_k32-32_e25.6,tile,-3343|-4928,2,0.2742661308442262,0.2742661308442262,0.33826949541696805,0.9199957942840726,29.811672243312387,1.161979139672144,0.3074513495625002,83009.92742962782,0.49873597345031,
APARTAMENTO,f2400_w0.1_k32-32_e25.6,tile,-3343|-4930,1,0.15769569286078156,0.15769569286078156,0.15769569286078156,1.1576956928607816,0.0,1.0,0.1464315577948643,16558.047750382073,0.21964733669229647,
APARTAMENTO,f2400_w0.1_k32-32_e25.6,tile,-3343|-4931,6,0.11845112984948908,0.2517141125984687,0.5930519502190834,0.949492037289059,26.510397424411263,1.100166542222085,0.21540288712217304,80356.30463525312,0.35532373335521206,-1.5939299531255413
APARTAMENTO,f2400_w0.1_k32-32_e25.6,tile,-3343|-4932,4,0.22465914779529134,0.20751974428465722,0.27958849176016126,0.7753408522047087,14.642741310557032,0.9970700421025201,0.23481034059764228,44908.871608773465,0.4001105916975168,0.2127638376493347
APARTAMENTO,f2400_w0.1_k32-32_e25.6,tile,-3343|-4933,1,1.6072015394725434,1.6072015394725434,1.6072015394725434,2.6072015394725434,0.0,1.0,0.958277439010718,709659.0040093011,1.437416158516077,
APARTAMENTO,f2400_w0.1_k32-32_e25.6,tile,-3343|-4934,5,0.24051425480872035,0.2785269197928151,0.592790289801777,0.9783115915855078,28.026780063553154,1.1389269093824714,0.23671161083274753,63468.59737299128,0.3827853462044273,-0.24700190754222026
APARTAMENTO,f2400_w0.1_k32-32_e25.6,tile,-3344|-4928,2,0.08628049327597809,0.08628049327597809,0.09888493866758885,1.0862804932759782,1.450413299054854,1.0010495161603572,0.0826542732618645,16778.331537646023,0.12818452404325253,
APARTAMENTO,f2400_w0.1_k32-32_e25.6,tile,-3344|-4930,1,0.21070867840657326,0.21070867840657326,0.21070867840657326,1.2107086784065733,0.0,1.0,0.1912058727958754,21070.867840657316,0.2868088091938131,
APARTAMENTO,f2400_w0.1_k32-32_e25.6,tile,-3344|-4931,2,0.1629786942667803,0.1629786942667803,0.1768115381687238,0.8370213057332196,2.0657843186300546,1.0016636954006026,0.1781191727218853,33263.96355182796,0.27306766698381096,
APARTAMENTO,f2400_w0.1_k32-32_e25.6,tile,-3344|-4932,1,0.06972407686552073,0.06972407686552073,0.06972407686552073,0.9302759231344793,0.0,1.0,0.07227404529661671,32073.075358139526,0.10841106794492507,
APARTAMENTO,f2400_w0.1_k32-32_e25.6,tile,-3344|-4934,1,0.06655054026661433,0.06655054026661433,0.06655054026661433,0.9334494597333857,0.0,1.0,0.06886845808370666,15306.624261321296,0.10330268712555998,
APARTAMENTO,f2400_w0.1_k32-32_e25.6,tile,-3345|-4930,1,0.10305507580106132,0.10305507580106132,0.10305507580106132,1.1030550758010613,0.0,1.0,0.0980836717546515,18822.251109705976,0.14712550763197726,
APARTAMENTO,f2400_w0.1_k32-32_e25.6,tile,-3345|-4932,3,0.3682543114020751,0.2914911922429005,0.3732804910035535,1.368254311402075,5.916414915400778,1.0359529353826318,0.25178596654905094,55742.999521610356,0.4410057116919503,
APARTAMENTO,f2400_w0.1_k32-32_e25.6,tile,-3345|-4933,1,0.373990625,0.373990625,0.373990625,1.373990625,0.0,1.0,0.31771937063277506,37399.0625,0.4765790559491626,
APARTAMENTO,f2400_w0.1_k32-32_e25.6,tile,-3345|-4935,2,0.13804068708165818,0.13804068708165818,0.21376897017588425,0.9053396461322174,15.247392254541614,1.0222670086715602,0.15367226955851615,39874.79815667728,0.2525246625377567,
APARTAMENTO,f2400_w0.1_k32-32_e25.6,tile,-3346|-4932,2,0.18042300693433605,0.18042300693433605,0.26285853773592427,0.8969555864980148,20.11504355959941,1.0250510566848965,0.20393121232783024,61491.856394130125,0.32096449836634494,
APARTAMENTO,f2400_w0.1_k32-32_e25.6,tile,-3346|-4935,4,0.13711891230762535,0.12711096070655598,0.16467596695549916,0.8628810876923747,3.943591462444445,1.0198267589994106,0.13698829090343198,59252.858224532065,0.23040284736433436,-0.03775378083183822
APARTAMENTO,f2400_w0.1_k32-32_e25.6,tile,-3347|-4933,1,0.29276906037854555,0.29276906037854555,0.29276906037854555,0.7072309396214544,0.0,1.0,0.34639801915095697,79925.95348334295,0.5195970287264354,
APARTAMENTO,f2400_w0.1_k32-32_e25.6,tile,-3347|-4934,7,0.12861609582202727,0.2379709819441687,0.48649655246000967,1.1280715091636258,19.473504142172878,1.06455983187113,0.20936395984732117,38717.559109059104,0.34958319822061357,-0.23727037964720007
APARTAMENTO,f2400_w0.1_k32-32_e25.6,tile,-3347|-4935,5,0.20840007159229323,0.25773577572306844,0.4701955602529544,0.8392059292157739,24.961628362995334,1.05248500645646,0.2506586503125265,73959.84745917747,0.4262893199359083,-0.006093613180056603
APARTAMENTO,f2400_w0.1_k32-32_e25.6,tile,-3347|-4936,3,0.2518295013220444,0.6580531158091768,1.2638223301173128,0.7944906912106439,74.20477286914914,1.5484620767121289,0.48105827018799757,173439.56352541395,1.000228322063602,
APARTAMENTO,f2400_w0.1_k32-32_e25.6,tile,-3347|-4937,1,1.3634150282013753,1.3634150282013753,1.3634150282013753,2.3634150282013753,0.0,1.0,0.8601076189236309,163609.80338416505,1.2901614283854463,
APARTAMENTO,f2400_w0.1_k32-32_e25.6,tile,-3348|-4934,2,0.19167694437516736,0.19167694437516736,0.19869131104792034,0.8083230556248326,1.0847096689780324,0.9992611391791628,0.21285231226493434,30766.370984462035,0.3223303929191015,
APARTAMENTO,f2400_w0.1_k32-32_e25.6,tile,-3348|-4935,1,0.2772867486591388,0.2772867486591388,0.2772867486591388,1.2772867486591388,0.0,1.0,0.24473810051903314,102596.09700388135,0.3671071507785497,
APARTAMENTO,f2400_w0.1_k32-32_e25.6,tile,-3348|-4936,6,0.2491127018199703,0.245707559414066,0.4447865859374058,0.8733947009742777,25.99738671904238,1.189413000125393,0.26732348143894163,226740.7575346135,0.4867307548812021,-0.2519819093999212
APARTAMENTO,f2400_w0.1_k32-32_e25.6,tile,-3349|-4932,1,0.12937868314654022,0.12937868314654022,0.12937868314654022,1.1293786831465402,0.0,1.0,0.12166764358453028,22641.26955064453,0.1825014653767954,
APARTAMENTO,f2400_w0.1_k32-32_e25.6,tile,-3349|-4933,3,0.25562272770182615,0.31141008883549953,0.4064619541639966,0.7655642219748668,30.46966182563407,1.0924479096218505,0.3099618131666397,87673.68731678718,0.5639175371377242,
APARTAMENTO,f2400_w0.1_k32-32_e25.6,tile,-3349|-4936,2,1.4304967051104862,1.4304967051104862,2.382607504443378,2.1901384991661144,65.31535360230147,1.382763628112747,0.7807788808298919,240674.6202314304,1.4980917193881544,
APARTAMENTO,f2400_w0.1_k32-32_e25.6,tile,-3350|-4922,1,0.06829287442408316,0.06829287442408316,0.06829287442408316,1.0682928744240832,0.0,1.0,0.06606192993349688,6891.707812560679,0.09909289490024532,
APARTAMENTO,f2400_w0.1_k32-32_e25.6,tile,-3350|-4932,1,0.13550808967366168,0.13550808967366168,0.13550808967366168,0.8644919103263383,0.0,1.0,0.1456133315354975,17074.019298881365,0.21841999730324624,
APARTAMENTO,f2400_w0.1_k32-32_e25.6,tile,-3350|-4933,2,0.7658395209991316,0.7658395209991316,0.8321288919654928,0.9171382862920485,83.50316767337111,0.8070929133159399,1.2045317737995724,211425.99366254063,1.563696442122354,
APARTAMENTO,f2400_w0.1_k32-32_e25.6,tile,-3351|-4921,1,0.1506424595627458,0.1506424595627458,0.1506424595627458,0.8493575404372542,0.0,1.0,0.16327505006459725,22596.368934411876,0.24491257509689587,
APARTAMENTO,f2400_w0.1_k32-32_e25.6,tile,-3351|-4931,2,0.19158156464567727,0.19158156464567727,0.3027390995068967,0.8084184353543227,17.187500000000007,1.0304402515723268,0.22766855878505018,35279.11947186006,0.39196812308530304,
APARTAMENTO,f2400_w0.1_k32-32_e25.6,tile,-3351|-4932,2,0.6220468421448181,0.6220468421448181,0.8045166382841658,1.2280872451741844,50.65168167727292,1.3212709775526634,0.5580333697826316,59077.58974662981,0.9266885784191051,
APARTAMENTO,f2400_w0.1_k32-32_e25.6,tile,-3351|-4933,3,0.07700549190978234,0.06196732262951987,0.09397615134905679,0.9229945080902177,3.1614906940275773,1.003438250223957,0.06475014933165775,18962.719672537332,0.11443604982526137,
APARTAMENTO,f2400_w0.1_k32-32_e25.6,tile,-3353|-4933,1,0.0569367556779109,0.0569367556779109,0.0569367556779109,0.9430632443220891,0.0,1.0,0.058621931447963,14803.55647625684,0.0879328971719445,
APARTAMENTO,f2400_w0.1_k32-32_e25.6,tile,-3354|-4927,1,0.08415515890382519,0.08415515890382519,0.08415515890382519,0.9158448410961748,0.0,1.0,0.08790831610527187,13084.525736870884,0.1318624741579078,
APARTAMENTO,f2400_w0.1_k32-32_e25.6,tile,-3355|-4925,1,0.32919480703300086,0.32919480703300086,0.32919480703300086,1.3291948070330009,0.0,1.0,0.2845733506542281,29810.061277625675,0.4268600259813422,
APARTAMENTO,baseline,periodo_ou_espaco,teste_espacial,60,0.2089670620030596,0.2899747884021618,0.4916386973006231,0.8986171498003264,30.238815486249543,1.0703499227875986,0.2764770597829304,132120.97178273808,0.4395160100786804,-0.004659533914024016
APARTAMENTO,f2400_w0.1_k32-32_e25.6,periodo_ou_espaco,teste_espacial,60,0.1813481563767121,0.28082171598937117,0.42592518730187506,0.8999227898697133,29.67175912199984,1.0583735286741152,0.2581299783873599,134477.20912940634,0.4133991917805867,0.008240907238453363
CASA / RESIDÊNCIA,baseline,periodo_ou_espaco,validacao_1,90,0.3224430380698058,0.6151228211539012,1.316422739024527,1.1161027680261182,54.200950331377584,1.6043261480850162,0.43559630530894633,840822.0194495337,0.8623720655157313,-0.2885410341934717
CASA / RESIDÊNCIA,baseline,periodo_ou_espaco,validacao_2,90,0.28634250364767166,0.5241555501329656,1.633781543151795,1.0550672573545556,49.269104096829366,1.1849056912664406,0.39471113891176063,471102.9687749009,0.6295177501207503,-0.05722543021276727
CASA / RESIDÊNCIA,baseline,periodo_ou_espaco,validacao_3,90,0.298637439503037,0.4676240638699118,1.1302939500135323,1.0501513097314166,44.17738971095266,1.1913238884930943,0.38089429905688466,414733.2180699582,0.6033375025210238,-0.07885985964714189
CASA / RESIDÊNCIA,f0_w0.25_k5-15_e5,periodo_ou_espaco,validacao_1,90,0.3376124729732222,0.5309315967286555,1.2086199655131622,1.0479548365006561,50.46866947262808,1.4743139041389042,0.40769134932878404,768507.5792004294,0.7513796339442863,-0.23653137924250126
CASA / RESIDÊNCIA,f0_w0.25_k5-15_e5,periodo_ou_espaco,validacao_2,90,0.22051889721254275,0.43494873480845236,1.137524487034163,1.0389765016949921,41.7267014816624,1.164229914602223,0.3457491086188699,422865.6094007449,0.545213835588688,-0.03358504203843186
CASA / RESIDÊNCIA,f0_w0.25_k5-15_e5,periodo_ou_espaco,validacao_3,90,0.25864196352915114,0.4090271515662456,0.8645351833946662,1.0245577093756504,39.85035078487279,1.1447946504355153,0.36552852200830577,395949.00256742124,0.5448975453416025,-0.06144070865249733
CASA / RESIDÊNCIA,f0_w0.25_k5-5_e4,periodo_ou_espaco,validacao_1,90,0.3344296790178899,0.5327849028752868,1.2086199655131622,1.0479548365006561,50.64551928352452,1.4760859693106612,0.40871060399010667,768874.6303064036,0.7534416318492452,-0.23881522970611652
CASA / RESIDÊNCIA,f0_w0.25_k5-5_e4,periodo_ou_espaco,validacao_2,90,0.22051889721254275,0.43418464090327136,1.137524487034163,1.0432343765763181,41.4831546140148,1.1648060300796965,0.34488867815504515,422857.3750209991,0.5460367847018089,-0.03525057717047476
CASA / RESIDÊNCIA,f0_w0.25_k5-5_e4,periodo_ou_espaco,validacao_3,90,0.2636387127980055,0.4108939972915901,0.8645351833946662,1.013984702366265,40.4995257178941,1.1448249467445824,0.36702282405424963,396283.7096378319,0.542841417854119,-0.06027286965931973
CASA / RESIDÊNCIA,f1200_w0.1_k5-5_e4,periodo_ou_espaco,validacao_1,90,0.31962484157800813,0.585840900436271,1.339935125980156,1.1191595337834808,50.769345789615514,1.4975348022494956,0.4145890180667416,815019.6976216298,0.7997115216956971,-0.20952134531017225
CASA / RESIDÊNCIA,f1200_w0.1_k5-5_e4,periodo_ou_espaco,validacao_2,90,0.2505510318680943,0.4803616828099671,1.368123274827665,1.106482002687946,42.40298931959588,1.1775691094136302,0.36292276477511104,415254.6179786343,0.60124916413825,-0.06957364231362773
CASA / RESIDÊNCIA,f1200_w0.1_k5-5_e4,periodo_ou_espaco,validacao_3,90,0.26081375101870724,0.4452405908367219,1.0675262688659626,1.0508993155235564,42.04155781453126,1.1377473115495789,0.37962215802375526,497141.59411411226,0.5740743293217871,-0.05573090154908732
CASA / RESIDÊNCIA,f1600_w0.1_k5-5_e4,periodo_ou_espaco,validacao_1,90,0.32922050966125943,0.6156714382516802,1.367675967100978,1.1721252540755627,49.85573191231577,1.4728981177102003,0.43096239224035576,822655.0104936667,0.8286269850646185,-0.19514105297457404
CASA / RESIDÊNCIA,f1600_w0.1_k5-5_e4,periodo_ou_espaco,validacao_2,90,0.29775323771511614,0.5304037707453563,1.5152080539863626,1.121264681010752,45.66320821550663,1.1938891756733885,0.3862468298220879,428827.092886081,0.6462415607137852,-0.08521766028239028
CASA / RESIDÊNCIA,f1600_w0.1_k5-5_e4,periodo_ou_espaco,validacao_3,90,0.27309269629567856,0.464837831943691,1.143419806078551,1.0802326435953487,42.3035883096305,1.1384230499338923,0.38239478771345164,511113.0880960435,0.5915639804483016,-0.05718179345453425
CASA / RESIDÊNCIA,f400_w0.25_k5-5_e4,periodo_ou_espaco,validacao_1,90,0.3372178304928758,0.5363919342314544,1.2193336290569226,1.0588293171046628,50.317668877320955,1.4909480561490673,0.40937300851615666,822539.4166904764,0.7634552191552648,-0.2377907817031839
CASA / RESIDÊNCIA,f400_w0.25_k5-5_e4,periodo_ou_espaco,validacao_2,90,0.2307968646363105,0.4453158629236855,1.1384555743493545,1.0636928499001455,41.595588874963894,1.1709593368137161,0.35162760006199145,423849.8630959041,0.5654015888349863,-0.04647602556205316
CASA / RESIDÊNCIA,f400_w0.25_k5-5_e4,periodo_ou_espaco,validacao_3,90,0.2492790105319383,0.408335302029279,0.8690898931467466,1.0200062157088285,39.95755157861529,1.1432009120074742,0.3614950920347959,397720.88883287564,0.5382094042364388,-0.05719402607436673
CASA / RESIDÊNCIA,f800_w0.25_k5-5_e4,periodo_ou_espaco,validacao_1,90,0.33853657642351587,0.5544776610702705,1.2731213470951215,1.0783200488727522,50.55922654012747,1.490435334240195,0.41453056991174725,813454.8895513987,0.7781649201049514,-0.23649749532479905
CASA / RESIDÊNCIA,f800_w0.25_k5-5_e4,periodo_ou_espaco,validacao_2,90,0.2533740347891249,0.4829409206347364,1.4259246063625248,1.0756048042957804,44.35585495294111,1.1852269870909027,0.3675236473991891,430712.32096952974,0.5998219940582,-0.05555700223009529
CASA / RESIDÊNCIA,f800_w0.25_k5-5_e4,periodo_ou_espaco,validacao_3,90,0.24825845619302167,0.4184066632491835,0.9578333665215283,1.03389249215765,40.32553308570542,1.1276877130369996,0.36380354654845665,447912.97230828827,0.541367410519596,-0.04479313471536593
CASA / RESIDÊNCIA,baseline,decil_valor,1,20,1.2088686884543973,1.8035929303559057,4.603321534192817,2.2088686884543973,51.73488597987985,1.128690794177927,0.8903634168682547,185714.0202703612,1.476470057119106,1.0380267260881815
CASA / RESIDÊNCIA,baseline,decil_valor,2,20,0.4041491969645215,0.5718769371469822,0.8480952030186534,1.0609175359282665,53.430092252801686,1.0088385809093428,0.42460024115169936,193829.84097753852,0.5921424132521975,2.0973427729647485
CASA / RESIDÊNCIA,baseline,decil_valor,3,19,0.9761055707317079,1.5091458149965054,3.1701005976703165,1.976105570731708,49.655514558658034,0.9962763378364372,0.780036937023445,497161.6043631651,1.2466050417372196,1.7177270516425016
CASA / RESIDÊNCIA,baseline,decil_valor,4,20,0.21107868613898473,0.6406467241995478,2.0391665920391304,1.065074500494247,59.362245401789174,1.0129068584297793,0.4049162705318591,312761.31261118845,0.591256396536823,1.9662663514689416
CASA / RESIDÊNCIA,baseline,decil_valor,5,19,0.2566617060805445,0.3770526691375949,1.1531780939924996,1.0880448671370846,34.228251059341396,1.002344486737102,0.30789744245769834,191996.46810957903,0.4368301343445836,1.5024863035973055
CASA / RESIDÊNCIA,baseline,decil_valor,6,20,0.23412535229277576,0.41824555239219546,0.6329643650771377,0.9682047469752884,43.05125155272903,0.9962846267581682,0.34161085288957754,318228.5708896327,0.4672559772643537,1.6054857728457776
CASA / RESIDÊNCIA,baseline,decil_valor,7,19,0.29310864318143437,0.5435093366317211,0.6574588800147306,1.1113522347248734,48.24843302055331,1.022945063981111,0.38218309858798555,644950.5836702158,0.5669358251373646,2.372431276493567
CASA / RESIDÊNCIA,baseline,decil_valor,8,20,0.2619427607509242,0.42557388252641726,0.7290176165824013,1.1599598935124544,34.80042456523101,0.98476221895916,0.32574998054078164,565008.8699860637,0.494621291447093,1.49317141856121
CASA / RESIDÊNCIA,baseline,decil_valor,9,19,0.2597666666666667,0.3082758691288037,0.5730783026324434,1.0176418985228683,30.20191568370346,1.0148875970260867,0.29443856982412353,375037.3575644703,0.38607633460047297,0.8870484490166622
CASA / RESIDÊNCIA,baseline,decil_valor,10,20,0.18544758408489925,0.28044286932680845,0.5518879401134138,0.8841341360576239,28.60462647974288,0.9936628674435318,0.32421873862382244,832809.537381957,0.4604821986489116,0.42833777737828177
CASA / RESIDÊNCIA,baseline,bairro,aberta dos morr,3,0.039555552681636685,0.26718932909577003,0.5927726889233866,1.0395555526816367,24.433917380685326,1.0620889156907711,0.2063203591376567,84929.33382030627,0.31692060893540935,
CASA / RESIDÊNCIA,baseline,bairro,auxiliadora,1,0.01764189852286835,0.01764189852286835,0.01764189852286835,1.0176418985228683,0.0,1.0,0.017488086618982053,17641.898522868403,0.02623212992847308,
CASA / RESIDÊNCIA,baseline,bairro,azenha,1,0.39967893835020696,0.39967893835020696,0.39967893835020696,0.600321061649793,0.0,1.0,0.5102906641327596,131894.0496555683,0.7654359961991394,
CASA / RESIDÊNCIA,baseline,bairro,bela vista,1,0.16084623581659874,0.16084623581659874,0.16084623581659874,0.8391537641834013,0.0,1.0,0.17536131852818265,474496.39565896615,0.263041977792274,
CASA / RESIDÊNCIA,baseline,bairro,belem novo,4,1.1142531194126661,1.14637013812359,1.8833708826730964,1.6555961349851982,69.2421366478872,1.0671021992889855,0.8302231755519093,850015.3392105335,1.2878824651786724,1.2533601624122193
CASA / RESIDÊNCIA,baseline,bairro,belem velho,1,0.9661856852457258,0.9661856852457258,0.9661856852457258,1.9661856852457258,0.0,1.0,0.6760954655080141,125604.13908194436,1.0141431982620213,
CASA / RESIDÊNCIA,baseline,bairro,boa vista,3,0.5397682946980924,0.48204735212998856,0.8268776559155708,1.5397682946980924,19.62143189146929,0.9966273272851109,0.3601754650714204,1379894.4300423753,0.6267342048567208,
CASA / RESIDÊNCIA,baseline,bairro,bom fim,1,0.2863291607354852,0.2863291607354852,0.2863291607354852,0.7136708392645148,0.0,1.0,0.33733343237352487,337868.4096678725,0.5060001485602873,
CASA / RESIDÊNCIA,baseline,bairro,bom jesus,3,0.5094657300031564,1.7630756395578713,3.6067131890561575,1.5094657300031564,105.55083814678505,1.0160907228748406,0.8677853502638074,469380.36444965104,1.3455216488134387,
CASA / RESIDÊNCIA,baseline,bairro,camaqua,3,0.3806204727578546,0.4553762685085035,0.8535969895663257,1.0136672139992124,44.474214444615185,1.0733755619221754,0.3905264696305862,156478.00796282344,0.5439035424922176,
CASA / RESIDÊNCIA,baseline,bairro,campo novo,1,1.253831950391132,1.253831950391132,1.253831950391132,2.253831950391132,0.0,1.0,0.8126318566673862,131652.35479106885,1.2189477850010793,
CASA / RESIDÊNCIA,baseline,bairro,cavalhada,3,0.3045996385190244,2.0564236068584125,4.6485598978612535,1.3045996385190244,149.84600150877864,1.8786196195349711,0.7708495332941462,234653.80014180156,1.5936812698269918,
CASA / RESIDÊNCIA,baseline,bairro,chacara pedras,2,1.3285251652085388,1.3285251652085388,2.267873053760605,2.1741848606900827,61.10451734020754,0.9243442642568322,0.7105876067517372,1417316.0615134859,1.2910111570856762,
CASA / RESIDÊNCIA,baseline,bairro,cidade baixa,2,3.3186569128528562,3.3186569128528562,4.293675069111401,4.318656912852856,28.221104846184065,1.25247256923903,1.4214475925291428,473459.02887979714,2.336032408166589,
CASA / RESIDÊNCIA,baseline,bairro,costa e silva,1,0.4455377777265581,0.4455377777265581,0.4455377777265581,1.4455377777265581,0.0,1.0,0.36848141684500857,102473.68887710839,0.5527221252675129,
CASA / RESIDÊNCIA,baseline,bairro,cristal,3,0.48144366751281087,0.7937838283759118,1.3817280730493542,1.4814436675128109,42.74901704057977,1.4718853066064599,0.5660061516312226,155245.65232739,1.0626592761918985,
CASA / RESIDÊNCIA,baseline,bairro,cristo redentor,2,2.001012661884479,2.001012661884479,3.486673550175565,3.001012661884479,61.881648616494346,1.898299035656258,0.8575602666448517,283286.2627769736,1.8822184014268095,
CASA / RESIDÊNCIA,baseline,bairro,espirito santo,1,0.10420435470775269,0.10420435470775269,0.10420435470775269,1.1042043547077527,0.0,1.0,0.09912503462724001,125045.22564930329,0.14868755194086003,
CASA / RESIDÊNCIA,baseline,bairro,farrapos,1,0.8442699920816059,0.8442699920816059,0.8442699920816059,1.844269992081606,0.0,1.0,0.6120835309467032,126640.4988122409,0.9181252964200548,
CASA / RESIDÊNCIA,baseline,bairro,floresta,2,2.1548621463357467,2.1548621463357467,3.4165363379420217,3.1548621463357467,49.989275802100494,1.1193625718136322,1.0051752469753041,569067.4055255043,1.7610005326336249,
CASA / RESIDÊNCIA,baseline,bairro,guaruja,4,0.2566384974696567,0.27784764882140567,0.3743677520966143,0.7433615025303433,22.89599952762263,1.0686726845003576,0.323445438137911,143710.03955027644,0.5621805393556846,-1.4918430540525325
CASA / RESIDÊNCIA,baseline,bairro,hipica,12,0.1483358612524306,0.22067371083856147,0.35749154039148884,0.9237849897808723,22.885985821744686,1.0819153363642362,0.20608051200954022,79353.01652759644,0.3422999062991346,-0.19163289159397348
CASA / RESIDÊNCIA,baseline,bairro,humaita,1,0.04937759378541695,0.04937759378541695,0.04937759378541695,0.950622406214583,0.0,1.0,0.0506383444776717,19751.03751416679,0.07595751671650755,
CASA / RESIDÊNCIA,baseline,bairro,independencia,1,1.2456720980925309,1.2456720980925309,1.2456720980925309,2.245672098092531,0.0,1.0,0.8090048519326318,435985.2343323858,1.2135072778989477,
CASA / RESIDÊNCIA,baseline,bairro,ipanema,7,0.3362255302746393,0.5257529065794158,1.104457501137285,1.1113522347248734,45.87613436545434,1.0461034575935786,0.40604395134311594,281137.7139016226,0.5960591732325515,0.6472808205731521
CASA / RESIDÊNCIA,baseline,bairro,jar leopoldina,1,0.20232265172609354,0.20232265172609354,0.20232265172609354,0.7976773482739065,0.0,1.0,0.2260510887652064,60292.15021437587,0.3390766331478096,
CASA / RESIDÊNCIA,baseline,bairro,jar sao pedro,1,0.14953668477103954,0.14953668477103954,0.14953668477103954,1.1495366847710395,0.0,1.0,0.1393589783882841,95703.47825346526,0.20903846758242614,
CASA / RESIDÊNCIA,baseline,bairro,jardim botanico,1,0.45244131122322506,0.45244131122322506,0.45244131122322506,1.452441311223225,0.0,1.0,0.37324580357354903,67866.19668348375,0.5598687053603235,
CASA / RESIDÊNCIA,baseline,bairro,jardim carvalho,5,0.09294424593864425,0.09447797920493776,0.16870473817920167,0.9801930533382996,9.234567574654825,0.989011514996921,0.09317357550444047,109562.07779193661,0.13178751337722366,0.02595900993284794
CASA / RESIDÊNCIA,baseline,bairro,jardim do salso,1,0.017796149033225017,0.017796149033225017,0.017796149033225017,0.982203850966775,0.0,1.0,0.017956404628442994,13347.11177491874,0.02693460694266449,
CASA / RESIDÊNCIA,baseline,bairro,jardim floresta,3,0.3642413671613691,0.46618313476148493,0.697271527589846,1.3642413671613691,12.870403311081585,1.0269773653793044,0.3712237381987113,133794.72642042613,0.5720089416335077,
CASA / RESIDÊNCIA,baseline,bairro,jardim isabel,2,2.312181357988714,2.312181357988714,2.8861458920993415,3.312181357988714,21.661122689065305,1.0120961336194685,1.1735785539280037,582984.390393005,1.832546637110405,
CASA / RESIDÊNCIA,baseline,bairro,jardim itu,3,0.2032780610027436,0.23172585346365435,0.2728821847636015,1.2032780610027436,13.626650822456845,0.9999714029679374,0.22169241362002798,146817.5947166876,0.34829811436517344,
CASA / RESIDÊNCIA,baseline,bairro,jardim lindoia,1,0.10582033401113167,0.10582033401113167,0.10582033401113167,0.8941796659888683,0.0,1.0,0.11184855533248245,74074.23380779219,0.16777283299872367,
CASA / RESIDÊNCIA,baseline,bairro,jardim sabara,4,0.11529426909670226,0.38294371362686486,0.9484670743999271,0.9638882670493338,38.44871240905768,1.1514189571839575,0.2746288545505867,171009.1793993258,0.4596381126871162,-0.24217269999194563
CASA / RESIDÊNCIA,baseline,bairro,lomba pinheiro,5,0.34623741699292276,0.48571584097256065,0.7653881549024506,1.3263683146576117,31.698750143135857,1.2964640465088222,0.43219604196858946,391108.1956325157,0.7824855229801733,-0.1236832881608155
CASA / RESIDÊNCIA,baseline,bairro,mario quintana,1,0.5022823632046564,0.5022823632046564,0.5022823632046564,0.49771763679534364,0.0,1.0,0.6977223571464471,364154.71332337585,1.0465835357196707,
CASA / RESIDÊNCIA,baseline,bairro,medianeira,1,0.44514259954845237,0.44514259954845237,0.44514259954845237,0.5548574004515476,0.0,1.0,0.5890441343727809,756742.419232369,0.8835662015591714,
CASA / RESIDÊNCIA,baseline,bairro,menino deus,2,2.6708410383667056,2.6708410383667056,4.6912473023484065,3.5255078299771263,75.7576260547983,1.8733635316766535,0.9905019149014884,277472.78116970434,2.1237759732130965,
CASA / RESIDÊNCIA,baseline,bairro,moinhos vento,1,0.09911260250122134,0.09911260250122134,0.09911260250122134,0.9008873974987787,0.0,1.0,0.10437500421293128,122404.06408900837,0.15656250631939692,
CASA / RESIDÊNCIA,baseline,bairro,mont serrat,1,0.5194654626983708,0.5194654626983708,0.5194654626983708,1.5194654626983708,0.0,1.0,0.4183586037306561,431156.33403964783,0.6275379055959841,
CASA / RESIDÊNCIA,baseline,bairro,morro santana,4,0.6209338739209301,0.940641196547124,2.1081239434978576,1.6209338739209302,56.47994754164708,1.5973189763248061,0.5266699453462356,105247.48865159626,1.14353433046504,-0.39420909069292237
CASA / RESIDÊNCIA,baseline,bairro,nonoai,2,0.36728940272980876,0.36728940272980876,0.6013597379977118,1.2925879190848788,28.415042203847985,1.1325068263987432,0.292191285132564,72527.80565925835,0.553768867478121,
CASA / RESIDÊNCIA,baseline,bairro,parque sta fe,3,0.21403762033832274,0.17261335205494863,0.2314500418393342,0.932000711388064,16.088713311636315,1.0243136158348862,0.17776774806639786,79749.88647227199,0.2652117544436394,
CASA / RESIDÊNCIA,baseline,bairro,partenon,3,0.11788949808090265,0.33146669409712864,0.7082954427460193,0.9793863447018151,33.142740596738356,0.9677119527441455,0.2548783754520621,425469.892679209,0.3645601708401188,
CASA / RESIDÊNCIA,baseline,bairro,passo da areia,4,0.7190092933372374,0.9202221800238529,1.5809221882953062,1.7190092933372374,36.33053995507183,1.1481528321106291,0.6419322715024709,258521.83692084934,1.0727098967326658,-0.19778801260239448
CASA / RESIDÊNCIA,baseline,bairro,passo pedras,4,0.8516119071635377,0.8162002622458298,1.2872071211220846,1.8516119071635377,27.60387196282202,1.3083394515321398,0.5725464675941067,286213.1573880608,1.083963797392571,-0.4110143972434532
CASA / RESIDÊNCIA,baseline,bairro,petropolis,9,0.49140581185601473,2.0232137458533295,5.260985529366004,1.3496180948898746,139.06445177219464,1.6522170698096639,0.9071251098947033,1125214.3782812373,1.6557561015307698,0.13757521452926433
CASA / RESIDÊNCIA,baseline,bairro,restinga,7,0.446701306101013,0.4966909383785489,0.7074429408048555,1.446701306101013,21.833026377896417,1.1065763280531735,0.43221191538785203,69313.15359962903,0.722072912891603,-0.9972280791856766
CASA / RESIDÊNCIA,baseline,bairro,rio branco,1,0.2193273065715633,0.2193273065715633,0.2193273065715633,1.2193273065715633,0.0,1.0,0.19829931861877292,89098.6477124056,0.2974489779281594,
CASA / RESIDÊNCIA,baseline,bairro,rubem berta,2,0.26186584052531814,0.26186584052531814,0.32058955313180165,0.7381341594746819,9.944620475273123,1.0085972429660321,0.3085990700150446,99670.64203280424,0.48955571126728503,
CASA / RESIDÊNCIA,baseline,bairro,santa tereza,6,0.22318520436325762,0.519094868726325,1.2667578781085411,1.2231852043632576,34.59796848218639,1.0775713123773392,0.3609942459097484,203328.2857267061,0.5855731689661371,-0.11919958881164518
CASA / RESIDÊNCIA,baseline,bairro,santana,6,0.3022320435286768,0.3669689449900046,0.5710632932191033,0.7379868251553093,39.22650323810691,1.1682311360233955,0.47007163761007775,653722.9041108788,0.797797926652039,0.017358483774379926
CASA / RESIDÊNCIA,baseline,bairro,santo antonio,1,0.3916153558850801,0.3916153558850801,0.3916153558850801,1.3916153558850801,0.0,1.0,0.3304651989322962,152729.98879518127,0.4956977983984443,
CASA / RESIDÊNCIA,baseline,bairro,sao geraldo,2,1.8002673736780883,1.8002673736780883,3.157775470900576,2.6968851215281093,66.75358024364125,1.267107181937036,0.8062850352439406,643981.7859871665,1.5875859564322647,
CASA / RESIDÊNCIA,baseline,bairro,sao sebastiao,1,0.07509259645619304,0.07509259645619304,0.07509259645619304,1.075092596456193,0.0,1.0,0.07240679410843247,52564.81751933519,0.1086101911626487,
CASA / RESIDÊNCIA,baseline,bairro,sarandi,11,0.21004893235319977,0.30741430846210005,0.5899493389751702,1.1495444516344306,24.427836078346022,1.1731418578521726,0.29156037538028806,203477.4405290701,0.5021555821643181,-0.0924927668830821
CASA / RESIDÊNCIA,baseline,bairro,serraria,1,0.01421291226400645,0.01421291226400645,0.01421291226400645,0.9857870877359936,0.0,1.0,0.014314883055930946,5969.423150882707,0.02147232458389642,
CASA / RESIDÊNCIA,baseline,bairro,setimo ceu,1,0.2597666666666667,0.2597666666666667,0.2597666666666667,0.7402333333333333,0.0,1.0,0.3007898271700329,241583.0,0.45118474075504933,
CASA / RESIDÊNCIA,baseline,bairro,teresopolis,4,0.13697181819988646,0.35587852431983275,0.8326167690708961,1.1369718181998865,24.49017272865949,1.0540613123275806,0.2580525758319331,205927.07424939517,0.40978753159029246,-0.07918618648803774
CASA / RESIDÊNCIA,baseline,bairro,tres figueiras,2,0.08407898448909656,0.08407898448909656,0.10371611216865113,1.0245464095994432,8.206459336670566,1.0035615485477243,0.08224956537251812,223700.0302984547,0.11666831805359809,
CASA / RESIDÊNCIA,baseline,bairro,tristeza,4,0.47131990502175714,0.49124997108107377,0.8386040552974103,1.4713199050217571,20.881255328002478,1.2508400513605804,0.37733356501396464,187213.54820380194,0.7345243329245996,-0.1850160520145573
CASA / RESIDÊNCIA,baseline,bairro,vila assuncao,5,0.2845956394311253,0.32744802221537517,0.5476105570246089,1.1499634065106719,25.86650490173492,1.089434989568758,0.29521996321057953,337053.01610352646,0.4725808880132041,-1.1035928370335744
CASA / RESIDÊNCIA,baseline,bairro,vila ipiranga,5,0.537116114011118,0.5051165617334078,0.7557229086000539,0.7637374517403906,59.95045169490037,1.055491565177695,0.6160297667785394,712078.192358485,0.9276747937160613,0.24543506798473674
CASA / RESIDÊNCIA,baseline,bairro,vila jardim,3,0.2630600917510746,0.8833597097313372,1.841307561503353,1.2630600917510746,55.01769958149036,1.3251500985007434,0.5161987240978162,562652.3068225416,0.9112745509164171,
CASA / RESIDÊNCIA,baseline,bairro,vila nova,3,0.37097067648082904,0.45273206052062287,0.7802118164578302,0.8952965963710412,46.66955371786908,1.614405799951699,0.4022633494051669,647782.5815119379,0.8137208268294284,
CASA / RESIDÊNCIA,baseline,bairro,vila sao jose,4,0.47964170489542307,0.6643549653072682,1.3814329148647444,1.3952128353651254,46.02593940147281,1.163915543050848,0.4541488807342232,97971.77604398347,0.8116321107130388,-0.5397886691625989
CASA / RESIDÊNCIA,baseline,bairro,vl joao pessoa,1,0.17598323550428674,0.17598323550428674,0.17598323550428674,1.1759832355042867,0.0,1.0,0.16210459385125853,117908.76778787212,0.2431568907768878,
CASA / RESIDÊNCIA,baseline,tile,-3334|-4924,1,0.07155788211294323,0.07155788211294323,0.07155788211294323,1.0715578821129432,0.0,1.0,0.06911355417658306,10733.6823169415,0.1036703312648746,
CASA / RESIDÊNCIA,baseline,tile,-3334|-4925,1,1.0927903618623582,1.0927903618623582,1.0927903618623582,2.0927903618623582,0.0,1.0,0.7384982768909129,218558.07237247162,1.1077474153363693,
CASA / RESIDÊNCIA,baseline,tile,-3334|-4929,1,0.04937759378541695,0.04937759378541695,0.04937759378541695,0.950622406214583,0.0,1.0,0.0506383444776717,19751.03751416679,0.07595751671650755,
CASA / RESIDÊNCIA,baseline,tile,-3335|-4924,2,0.22080044327220683,0.22080044327220683,0.2598405542855641,1.2208004432722068,3.997388683435739,0.9949610070292196,0.19870714982223656,38280.8257481241,0.31097985960811236,
CASA / RESIDÊNCIA,baseline,tile,-3335|-4931,1,0.8442699920816059,0.8442699920816059,0.8442699920816059,1.844269992081606,0.0,1.0,0.6120835309467032,126640.4988122409,0.9181252964200548,
CASA / RESIDÊNCIA,baseline,tile,-3336|-4924,3,0.08811528580354322,0.09736038503214062,0.13725861846825316,0.945578582341552,8.377930079925356,1.0404395644859878,0.09585524134904229,76379.0126168254,0.1646008487553069,
CASA / RESIDÊNCIA,baseline,tile,-3336|-4925,2,0.4830569102230273,0.4830569102230273,0.5685708532247417,0.8931075712478571,54.08720357706701,1.1132735890836702,0.6053874158809517,273020.6792245984,0.8507819744323326,
CASA / RESIDÊNCIA,baseline,tile,-3336|-4927,1,0.3642413671613691,0.3642413671613691,0.3642413671613691,1.3642413671613691,0.0,1.0,0.31059849916340904,116557.23749163811,0.4658977487451136,
CASA / RESIDÊNCIA,baseline,tile,-3337|-4921,3,0.21403762033832274,0.24592310046298635,0.3110239090944026,0.8115388002327862,22.562408659704204,1.0046993867752552,0.2703832736446045,92160.10773679697,0.43354502495434766,
CASA / RESIDÊNCIA,baseline,tile,-3337|-4923,1,0.21004893235319977,0.21004893235319977,0.21004893235319977,0.7899510676468002,0.0,1.0,0.23578427512700617,441102.7579417196,0.35367641269050926,
CASA / RESIDÊNCIA,baseline,tile,-3337|-4924,1,0.3073643546677096,0.3073643546677096,0.3073643546677096,1.3073643546677096,0.0,1.0,0.26801316753516313,208486.41282929876,0.4020197513027447,
CASA / RESIDÊNCIA,baseline,tile,-3337|-4926,2,0.09045646523366235,0.09045646523366235,0.1027475602556378,0.9846361312225307,9.18679117750341,0.9999999999999999,0.09212767472045746,64226.3659062712,0.12283621065675011,
CASA / RESIDÊNCIA,baseline,tile,-3337|-4927,3,0.7805290676969652,1.6307989364571405,3.242576831338062,1.7805290676969652,67.4763823145411,1.3408829465631638,0.7945726064201306,250975.4214975075,1.3983829929577298,
CASA / RESIDÊNCIA,baseline,tile,-3337|-4928,1,0.14953668477103954,0.14953668477103954,0.14953668477103954,1.1495366847710395,0.0,1.0,0.1393589783882841,95703.47825346526,0.20903846758242614,
CASA / RESIDÊNCIA,baseline,tile,-3337|-4931,2,1.8002673736780883,1.8002673736780883,3.157775470900576,2.6968851215281093,66.75358024364125,1.267107181937036,0.8062850352439406,643981.7859871665,1.5875859564322647,
CASA / RESIDÊNCIA,baseline,tile,-3338|-4922,2,0.15190121791326155,0.15190121791326155,0.21902276135432197,0.8480987820867385,9.892943024264893,1.0120330748123973,0.1696757816477346,82061.41166623183,0.2827678465167927,
CASA / RESIDÊNCIA,baseline,tile,-3338|-4923,1,0.4455377777265581,0.4455377777265581,0.4455377777265581,1.4455377777265581,0.0,1.0,0.36848141684500857,102473.68887710839,0.5527221252675129,
CASA / RESIDÊNCIA,baseline,tile,-3338|-4924,2,1.2317355008126305,1.2317355008126305,1.3426787414315384,2.2317355008126305,6.213955494418507,1.001382788462307,0.8008451350530569,277579.18204366585,1.2184607075729175,
CASA / RESIDÊNCIA,baseline,tile,-3338|-4925,1,0.290283215703816,0.290283215703816,0.290283215703816,1.290283215703816,0.0,1.0,0.2548617413338741,217712.411777862,0.3822926120008112,
CASA / RESIDÊNCIA,baseline,tile,-3338|-4926,1,0.2566617060805445,0.2566617060805445,0.2566617060805445,1.2566617060805445,0.0,1.0,0.2284587653680063,97531.44831060688,0.3426881480520094,
CASA / RESIDÊNCIA,baseline,tile,-3338|-4927,1,0.1439365515206219,0.1439365515206219,0.1439365515206219,1.143936551520622,0.0,1.0,0.13447542946203658,107952.4136404664,0.20171314419305486,
CASA / RESIDÊNCIA,baseline,tile,-3338|-4929,3,0.59139364375314,0.9447545923913591,1.634775534943663,1.59139364375314,46.979160733844914,1.3909382427508703,0.6514564894199903,134218.22500771788,1.166198717280355,
CASA / RESIDÊNCIA,baseline,tile,-3338|-4931,1,3.7319548858435905,3.7319548858435905,3.7319548858435905,4.7319548858435905,0.0,1.0,1.554338412225298,782777.5373056931,2.331507618337947,
CASA / RESIDÊNCIA,baseline,tile,-3338|-4932,1,0.5777694068279029,0.5777694068279029,0.5777694068279029,1.577769406827903,0.0,1.0,0.45601208172531044,186908.4031088266,0.6840181225879657,
CASA / RESIDÊNCIA,baseline,tile,-3339|-4923,1,0.20232265172609354,0.20232265172609354,0.20232265172609354,0.7976773482739065,0.0,1.0,0.2260510887652064,60292.15021437587,0.3390766331478096,
CASA / RESIDÊNCIA,baseline,tile,-3339|-4925,1,0.2032780610027436,0.2032780610027436,0.2032780610027436,1.2032780610027436,0.0,1.0,0.18504954993704117,57934.2473857819,0.2775743249055618,
CASA / RESIDÊNCIA,baseline,tile,-3339|-4926,3,0.7080127779470322,0.5772683295251255,0.7716262854843944,0.7637374517403906,65.2729737995587,0.733056370462082,0.6938036753251837,514483.82639652235,1.14701804718176,
CASA / RESIDÊNCIA,baseline,tile,-3339|-4927,1,0.537116114011118,0.537116114011118,0.537116114011118,0.462883885988882,0.0,1.0,0.7702790425491397,1315934.479327239,1.1554185638237096,
CASA / RESIDÊNCIA,baseline,tile,-3339|-4928,1,0.8466249429213348,0.8466249429213348,0.8466249429213348,1.8466249429213348,0.0,1.0,0.6133596177499128,461833.9148298376,0.9200394266248691,
CASA / RESIDÊNCIA,baseline,tile,-3339|-4929,3,0.5397682946980924,0.48204735212998856,0.8268776559155708,1.5397682946980924,19.62143189146929,0.9966273272851109,0.3601754650714204,1379894.4300423753,0.6267342048567208,
CASA / RESIDÊNCIA,baseline,tile,-3339|-4930,2,0.26855368061061957,0.26855368061061957,0.46928310628082054,1.2685536806106197,19.779358644639665,1.0187182008241915,0.21792334517481907,305128.67856528953,0.395583036042477,
CASA / RESIDÊNCIA,baseline,tile,-3339|-4931,1,0.09911260250122134,0.09911260250122134,0.09911260250122134,0.9008873974987787,0.0,1.0,0.10437500421293128,122404.06408900837,0.15656250631939692,
CASA / RESIDÊNCIA,baseline,tile,-3339|-4932,1,1.2456720980925309,1.2456720980925309,1.2456720980925309,2.245672098092531,0.0,1.0,0.8090048519326318,435985.2343323858,1.2135072778989477,
CASA / RESIDÊNCIA,baseline,tile,-3340|-4924,2,0.40066502367902895,0.40066502367902895,0.5682668961662697,1.2095023406090508,33.12643640501531,1.1225170140671996,0.34424780013515655,294594.19651455316,0.5799551331831734,
CASA / RESIDÊNCIA,baseline,tile,-3340|-4925,2,0.11314922772661828,0.11314922772661828,0.1839228724928464,0.8868507722733817,9.97541623953327,1.0257166675411686,0.12507891650982253,83623.48733844301,0.22275250993036888,
CASA / RESIDÊNCIA,baseline,tile,-3340|-4926,4,0.22305366790599002,0.4425381936224252,0.9724709287069777,1.1077593988092878,39.94894505955916,1.1558367220719787,0.3267652388979975,176059.70026856614,0.5502195675707366,-0.37676461700257374
CASA / RESIDÊNCIA,baseline,tile,-3340|-4927,3,2.2358694289414225,1.6299096877805195,2.4493419065071818,3.2358694289414225,24.22389066304604,1.3951995952225114,0.856198571157441,1284694.9697174432,1.6704258642698426,
CASA / RESIDÊNCIA,baseline,tile,-3340|-4928,1,0.059532574889653356,0.059532574889653356,0.059532574889653356,0.9404674251103466,0.0,1.0,0.06137826655555881,162285.7991491952,0.09206739983333821,
CASA / RESIDÊNCIA,baseline,tile,-3340|-4929,2,0.30001560297227725,0.30001560297227725,0.45312777007926724,0.8086097911162625,37.1026428653695,0.9586754588062544,0.38961285870684037,714152.2068458875,0.6096902112488067,
CASA / RESIDÊNCIA,baseline,tile,-3340|-4930,1,0.16084623581659874,0.16084623581659874,0.16084623581659874,0.8391537641834013,0.0,1.0,0.17536131852818265,474496.39565896615,0.263041977792274,
CASA / RESIDÊNCIA,baseline,tile,-3340|-4931,1,0.2193273065715633,0.2193273065715633,0.2193273065715633,1.2193273065715633,0.0,1.0,0.19829931861877292,89098.6477124056,0.2974489779281594,
CASA / RESIDÊNCIA,baseline,tile,-3340|-4932,1,0.2863291607354852,0.2863291607354852,0.2863291607354852,0.7136708392645148,0.0,1.0,0.33733343237352487,337868.4096678725,0.5060001485602873,
CASA / RESIDÊNCIA,baseline,tile,-3341|-4921,1,0.5022823632046564,0.5022823632046564,0.5022823632046564,0.49771763679534364,0.0,1.0,0.6977223571464471,364154.71332337585,1.0465835357196707,
CASA / RESIDÊNCIA,baseline,tile,-3341|-4924,3,0.050277189743589856,0.8569914093634085,2.010794610598291,1.0502771897435899,80.00100871662995,1.6574633619630024,0.44068407297839723,87561.29338407068,0.9178578237696364,
CASA / RESIDÊNCIA,baseline,tile,-3341|-4927,3,0.39873613485104975,1.644700497729638,3.5845672700257363,0.8456596954815441,188.40364960867296,1.3600165473199939,0.7864128450895059,466770.616300075,1.4949895282739263,
CASA / RESIDÊNCIA,baseline,tile,-3341|-4928,1,0.5094657300031564,0.5094657300031564,0.5094657300031564,1.5094657300031564,0.0,1.0,0.4117557670273843,127366.43250078912,0.6176336505410764,
CASA / RESIDÊNCIA,baseline,tile,-3341|-4929,4,3.9816109690047634,4.128228220360781,6.071932740683966,4.981610969004763,32.50606371857078,0.9664292057146294,1.573102000691009,1595690.2002109182,2.4743174387828217,0.32710076978213465
CASA / RESIDÊNCIA,baseline,tile,-3341|-4930,3,0.3496180948898746,0.33611690159141877,0.36681132829168916,1.287622973242239,18.657835575301014,1.0822581861210063,0.33880595416963927,278893.97605071875,0.5513743598515092,
CASA / RESIDÊNCIA,baseline,tile,-3341|-4932,2,0.26783036690621975,0.26783036690621975,0.3038743091723933,1.2678303669062196,3.55370316161938,1.0007257719060276,0.23667522766235877,198325.70004420303,0.36457577340852393,
CASA / RESIDÊNCIA,baseline,tile,-3341|-4933,2,1.1226087129596276,1.1226087129596276,1.9044291166156664,1.9772755045700483,56.775533321732766,1.0140421423024226,0.6442041825146418,446627.3839730209,1.1339751928724204,
CASA / RESIDÊNCIA,baseline,tile,-3341|-4934,1,4.537429608176037,4.537429608176037,4.537429608176037,5.537429608176037,0.0,1.0,1.7115304234486588,226871.48040880187,2.567295635172988,
CASA / RESIDÊNCIA,baseline,tile,-3342|-4925,1,1.1915905580982704,1.1915905580982704,1.1915905580982704,2.1915905580982704,0.0,1.0,0.7846275624497506,145969.84336703812,1.1769413436746259,
CASA / RESIDÊNCIA,baseline,tile,-3342|-4926,1,0.14655934559653638,0.14655934559653638,0.14655934559653638,0.8534406544034636,0.0,1.0,0.15847927120557057,21983.90183948046,0.23771890680835583,
CASA / RESIDÊNCIA,baseline,tile,-3342|-4928,2,0.23511873012822504,0.23511873012822504,0.40897679500422507,1.217322581095,19.314414583251402,1.1477929989115392,0.19560110410099601,48907.90347690992,0.41113454481462314,
CASA / RESIDÊNCIA,baseline,tile,-3342|-4930,1,0.19625431460656761,0.19625431460656761,0.19625431460656761,1.1962543146065676,0.0,1.0,0.17919527055517262,174448.10520200268,0.26879290583275894,
CASA / RESIDÊNCIA,baseline,tile,-3342|-4931,3,0.48116183758690223,0.4779017929188745,0.6250041665984241,0.5188381624130978,23.731610567149154,1.0912661409779176,0.6941769658796622,907734.8509388611,1.1252569370845862,
CASA / RESIDÊNCIA,baseline,tile,-3342|-4932,1,0.23244755737096445,0.23244755737096445,0.23244755737096445,0.7675524426290355,0.0,1.0,0.26454847269676296,116223.77868548222,0.39682270904514444,
CASA / RESIDÊNCIA,baseline,tile,-3342|-4933,2,2.7980139033470195,2.7980139033470195,4.716681875344469,3.3983349649968124,82.33484727570533,2.076431767110939,1.1671254452580397,290931.7137389786,2.349930823185921,
CASA / RESIDÊNCIA,baseline,tile,-3343|-4926,4,0.06127763526607011,0.08145763760703811,0.1563111070456116,1.0365686496384718,7.858392942469215,1.0235724162741298,0.07684715157915796,121999.9513425558,0.12610051395860544,-0.024275194398785564
CASA / RESIDÊNCIA,baseline,tile,-3343|-4927,1,0.8558969289122984,0.8558969289122984,0.8558969289122984,1.8558969289122984,0.0,1.0,0.6183680988307211,727512.3895754537,0.9275521482460816,
CASA / RESIDÊNCIA,baseline,tile,-3343|-4928,1,0.04439030236108987,0.04439030236108987,0.04439030236108987,1.0443903023610899,0.0,1.0,0.043433272431180774,12873.187684716075,0.06514990864677116,
CASA / RESIDÊNCIA,baseline,tile,-3343|-4929,1,0.17598323550428674,0.17598323550428674,0.17598323550428674,1.1759832355042867,0.0,1.0,0.16210459385125853,117908.76778787212,0.2431568907768878,
CASA / RESIDÊNCIA,baseline,tile,-3343|-4931,1,0.3916153558850801,0.3916153558850801,0.3916153558850801,1.3916153558850801,0.0,1.0,0.3304651989322962,152729.98879518127,0.4956977983984443,
CASA / RESIDÊNCIA,baseline,tile,-3343|-4933,1,0.44514259954845237,0.44514259954845237,0.44514259954845237,0.5548574004515476,0.0,1.0,0.5890441343727809,756742.419232369,0.8835662015591714,
CASA / RESIDÊNCIA,baseline,tile,-3344|-4928,2,0.47964170489542307,0.47964170489542307,0.6927566356744133,1.2663936634737376,37.874613457853094,1.0650626382794095,0.39859498379819813,73754.29949436602,0.6428849368006798,
CASA / RESIDÊNCIA,baseline,tile,-3344|-4931,2,0.06925157668954379,0.06925157668954379,0.10816191380263088,0.9307484233104562,5.225678623055311,1.0283327470739951,0.07313351376273255,83065.07010647187,0.13605023972660663,
CASA / RESIDÊNCIA,baseline,tile,-3344|-4933,2,0.22318520436325762,0.22318520436325762,0.27932547640464656,1.2231852043632576,5.737098503269318,0.9753477642993074,0.19980985041805194,108999.66221335715,0.3273623316575234,
CASA / RESIDÊNCIA,baseline,tile,-3344|-4934,1,0.08804486713708459,0.08804486713708459,0.08804486713708459,1.0880448671370846,0.0,1.0,0.08438238576094807,29054.80615523795,0.1265735786414221,
CASA / RESIDÊNCIA,baseline,tile,-3345|-4927,1,1.6537461490771372,1.6537461490771372,1.6537461490771372,2.6537461490771372,0.0,1.0,0.9759722829093158,165374.61490771372,1.4639584243639736,
CASA / RESIDÊNCIA,baseline,tile,-3345|-4933,1,0.04663818027726818,0.04663818027726818,0.04663818027726818,1.0466381802772682,0.0,1.0,0.045583294586078564,22386.326533088693,0.06837494187911784,
CASA / RESIDÊNCIA,baseline,tile,-3345|-4934,2,1.2667578781085411,1.2667578781085411,1.2992467255469546,2.266757878108541,1.791592286508523,0.9898379007481369,0.8181900471376801,333876.60037635895,1.2369513523160425,
CASA / RESIDÊNCIA,baseline,tile,-3345|-4935,1,0.29310864318143437,0.29310864318143437,0.29310864318143437,0.7068913568185656,0.0,1.0,0.3468782927599244,186417.09706339223,0.5203174391398866,
CASA / RESIDÊNCIA,baseline,tile,-3346|-4923,2,0.38993395124028046,0.38993395124028046,0.4374364151749077,1.0593780799182841,36.807817589576544,1.1567133038782522,0.38619827610704294,579576.7413220716,0.579850141937784,
CASA / RESIDÊNCIA,baseline,tile,-3346|-4931,1,0.13859517997883875,0.13859517997883875,0.13859517997883875,1.1385951799788387,0.0,1.0,0.129795204238372,88146.53446654137,0.19469280635755798,
CASA / RESIDÊNCIA,baseline,tile,-3346|-4932,5,0.13534845642093418,0.403899544552022,0.9419836845063703,1.1353484564209342,32.503105457712614,1.059247241630963,0.2973595338708977,185674.2272286042,0.47086635767598434,-0.040739839071652545
CASA / RESIDÊNCIA,baseline,tile,-3347|-4935,2,1.0441214209731504,1.0441214209731504,1.4942636237414222,2.04412142097315,27.526630643715094,1.1184076727581136,0.6755700810668717,137026.09901425414,1.1578236712440568,
CASA / RESIDÊNCIA,baseline,tile,-3348|-4924,2,0.6611714938623153,0.6611714938623153,0.9131187553578294,1.3149340768693927,50.281721760260304,1.358576299284155,0.5530695203704301,214411.4531962589,0.9688857474624561,
CASA / RESIDÊNCIA,baseline,tile,-3348|-4926,1,0.9661856852457258,0.9661856852457258,0.9661856852457258,1.9661856852457258,0.0,1.0,0.6760954655080141,125604.13908194436,1.0141431982620213,
CASA / RESIDÊNCIA,baseline,tile,-3348|-4934,3,0.3045996385190244,2.0564236068584125,4.6485598978612535,1.3045996385190244,149.84600150877864,1.8786196195349711,0.7708495332941462,234653.80014180156,1.5936812698269918,
CASA / RESIDÊNCIA,baseline,tile,-3348|-4935,3,0.36803981004351427,0.4511827142703901,0.8510808570234577,1.3680398100435143,23.34663795928457,1.082046080030741,0.3353070880082922,179935.1871515033,0.5897900264225896,
CASA / RESIDÊNCIA,baseline,tile,-3348|-4936,3,0.6199235390153051,0.6187559429571007,0.8853836281429585,1.619923539015305,25.440383657604144,1.2797044980634074,0.4953373404761698,374864.54824337625,0.9234423698115857,
CASA / RESIDÊNCIA,baseline,tile,-3348|-4937,3,0.14996340651067186,0.2442403108768152,0.3813055485329862,1.1499634065106719,16.89206000876242,1.0474360530846463,0.2196045030577176,272417.1517751374,0.3548723756893809,
CASA / RESIDÊNCIA,baseline,tile,-3349|-4922,1,0.32636831465761174,0.32636831465761174,0.32636831465761174,1.3263683146576117,0.0,1.0,0.28244461688800115,32636.831465761177,0.42366692533200173,
CASA / RESIDÊNCIA,baseline,tile,-3349|-4932,1,0.8825221014520805,0.8825221014520805,0.8825221014520805,1.8825221014520805,0.0,1.0,0.6326124211021855,141203.53623233287,0.9489186316532783,
CASA / RESIDÊNCIA,baseline,tile,-3349|-4935,2,0.4776102363789273,0.4776102363789273,0.5552020472757855,1.0969897636210728,43.53825826071296,1.134739803521128,0.4665191681605245,111964.88256462917,0.6848514271396543,
CASA / RESIDÊNCIA,baseline,tile,-3349|-4937,1,0.07061142385590902,0.07061142385590902,0.07061142385590902,0.929388576144091,0.0,1.0,0.07322835405292748,123569.99174784077,0.10984253107939121,
CASA / RESIDÊNCIA,baseline,tile,-3350|-4932,1,0.1047034036289588,0.1047034036289588,0.1047034036289588,0.8952965963710412,0.0,1.0,0.11060022301233674,18846.612653212593,0.1659003345185051,
CASA / RESIDÊNCIA,baseline,tile,-3350|-4935,1,1.5947256903504292,1.5947256903504292,1.5947256903504292,2.594725690350429,0.0,1.0,0.9534808040364197,417818.13087181246,1.4302212060546295,
CASA / RESIDÊNCIA,baseline,tile,-3350|-4936,1,0.2597666666666667,0.2597666666666667,0.2597666666666667,0.7402333333333333,0.0,1.0,0.3007898271700329,241583.0,0.45118474075504933,
CASA / RESIDÊNCIA,baseline,tile,-3351|-4930,1,0.37097067648082904,0.37097067648082904,0.37097067648082904,0.629029323519171,0.0,1.0,0.46357740410097836,1112912.0294424873,0.6953661061514675,
CASA / RESIDÊNCIA,baseline,tile,-3351|-4933,1,0.06509237588981243,0.06509237588981243,0.06509237588981243,0.9349076241101876,0.0,1.0,0.06730755231738345,42310.04432837805,0.10096132847607517,
CASA / RESIDÊNCIA,baseline,tile,-3351|-4934,2,0.458150352342256,0.458150352342256,0.4802826377411786,0.9723346432513468,47.118587774499865,0.9611804579087645,0.5115935398459587,199467.9515813135,0.663214187707722,
CASA / RESIDÊNCIA,baseline,tile,-3351|-4935,1,3.0296370256269984,3.0296370256269984,3.0296370256269984,4.029637025626998,0.0,1.0,1.3936763038195876,710752.8462120938,2.0905144557293815,
CASA / RESIDÊNCIA,baseline,tile,-3352|-4925,3,0.446701306101013,0.4657478997771336,0.5221243685421182,1.446701306101013,3.0279891345501486,1.0020679657141516,0.3816612899421443,60297.294421945415,0.5749071797202007,
CASA / RESIDÊNCIA,baseline,tile,-3352|-4932,2,0.2775524207749326,0.2775524207749326,0.32449090837469796,1.0586731094997068,26.21700865776165,0.9129630535321163,0.2684372405084725,149085.7769586773,0.40801786555779274,
CASA / RESIDÊNCIA,baseline,tile,-3352|-4933,2,1.0718862119658605,1.0718862119658605,1.8403133937586502,2.0718862119658605,46.36036340671465,1.1642754984807424,0.6074692731877829,462304.3879279698,1.1636493865707165,
CASA / RESIDÊNCIA,baseline,tile,-3353|-4925,1,0.6772041272727272,0.6772041272727272,0.6772041272727272,1.6772041272727272,0.0,1.0,0.5171281971227516,74492.454,0.7756922956841275,
CASA / RESIDÊNCIA,baseline,tile,-3353|-4926,1,0.41163989999999995,0.41163989999999995,0.41163989999999995,0.5883601,0.0,1.0,0.5304161035670416,82327.98,0.7956241553505624,
CASA / RESIDÊNCIA,baseline,tile,-3353|-4928,1,0.08575869862740415,0.08575869862740415,0.08575869862740415,1.0857586986274042,0.0,1.0,0.08227900403082251,22297.261643125094,0.12341850604623378,
CASA / RESIDÊNCIA,baseline,tile,-3353|-4929,1,0.10089804004957259,0.10089804004957259,0.10089804004957259,0.8991019599504274,0.0,1.0,0.1063588360911861,76682.51043767517,0.15953825413677913,
CASA / RESIDÊNCIA,baseline,tile,-3353|-4932,2,0.6790181525494423,0.6790181525494423,1.1388691908227941,1.6790181525494423,34.23511514565135,1.4030364883187971,0.4558784456473131,128391.29834166849,0.9698902323605876,
CASA / RESIDÊNCIA,baseline,tile,-3354|-4926,1,0.7528011611030478,0.7528011611030478,0.7528011611030478,1.7528011611030478,0.0,1.0,0.5612151717264721,82808.12772133527,0.8418227575897081,
CASA / RESIDÊNCIA,baseline,tile,-3354|-4928,4,0.24726846111744272,0.3217621915129324,0.6602996028631362,1.178573169608742,27.300994101176567,1.0208972565301326,0.25922155842381034,70039.25750588044,0.41996725988575134,0.30309210246679713
CASA / RESIDÊNCIA,baseline,tile,-3354|-4929,3,0.31651749670089857,0.2792476714577752,0.32293556777600796,0.8033145678723583,26.60052105298241,1.0263649001234016,0.29545345216436664,106435.39309234866,0.484470873593863,
CASA / RESIDÊNCIA,baseline,tile,-3354|-4930,2,0.08667419876924826,0.08667419876924826,0.11478797347370072,0.9133258012307517,3.8477198753401805,1.0121970704958239,0.09140341104940751,53638.00871892912,0.15241566110197569,
CASA / RESIDÊNCIA,baseline,tile,-3354|-4931,1,0.731076972983824,0.731076972983824,0.731076972983824,1.731076972983824,0.0,1.0,0.5487437425559916,146215.39459676482,0.8231156138339873,
CASA / RESIDÊNCIA,baseline,tile,-3354|-4932,1,0.40710459320419734,0.40710459320419734,0.40710459320419734,0.5928954067958027,0.0,1.0,0.5227372753121432,234492.24568561767,0.7841059129682149,
CASA / RESIDÊNCIA,baseline,tile,-3354|-4933,3,0.2152952054270596,0.23476200069380848,0.281444472695215,0.7847047945729404,20.771751790662847,1.0457526098436873,0.2570148257465003,95957.78339715161,0.45253646362319194,
CASA / RESIDÊNCIA,baseline,tile,-3354|-4934,1,0.01421291226400645,0.01421291226400645,0.01421291226400645,0.9857870877359936,0.0,1.0,0.014314883055930946,5969.423150882707,0.02147232458389642,
CASA / RESIDÊNCIA,baseline,tile,-3355|-4926,1,0.23794768094266672,0.23794768094266672,0.23794768094266672,0.7620523190573333,0.0,1.0,0.27174006547226565,59486.92023566668,0.40761009820839844,
CASA / RESIDÊNCIA,baseline,tile,-3355|-4930,1,0.16328761342220943,0.16328761342220943,0.16328761342220943,0.8367123865777906,0.0,1.0,0.17827489170531757,99115.58134728111,0.26741233755797633,
CASA / RESIDÊNCIA,baseline,tile,-3355|-4931,2,0.03524550715174307,0.03524550715174307,0.03869354357565796,1.0043100455298937,3.5094249339253447,1.002039181975215,0.035108667428489254,11402.491227697026,0.04705117453930934,
CASA / RESIDÊNCIA,baseline,tile,-3358|-4928,2,1.834083291819712,1.834083291819712,1.9326584735264807,2.834083291819712,4.347754262872925,1.0089689298667075,1.040772488244832,1147846.8886926249,1.5769656133695824,
CASA / RESIDÊNCIA,baseline,tile,-3359|-4929,1,0.5176419241390809,0.5176419241390809,0.5176419241390809,0.48235807586091906,0.0,1.0,0.7290685447651519,439995.6355182188,1.093602817147728,
CASA / RESIDÊNCIA,baseline,tile,-3360|-4930,1,0.3996720447158548,0.3996720447158548,0.3996720447158548,0.6003279552841452,0.0,1.0,0.5102791809528211,247796.66772382997,0.7654187714292316,
CASA / RESIDÊNCIA,f0_w0.25_k5-15_e5,decil_valor,1,20,1.2947283823185014,1.7454057764303141,4.144131845086335,2.2947283823185014,44.882278179402526,1.095347525915883,0.889880660262307,187895.33538293495,1.4629294420901455,0.6608722533140482
CASA / RESIDÊNCIA,f0_w0.25_k5-15_e5,decil_valor,2,20,0.30144543133433754,0.5302027505110717,1.0495823622410998,1.0332368937522038,51.157976832925335,1.0188433315844596,0.44019077018514013,145636.75161275335,0.5937679547887462,1.803780047137143
CASA / RESIDÊNCIA,f0_w0.25_k5-15_e5,decil_valor,3,19,0.7812280150013646,1.3214090453203338,3.914848203294375,1.7812280150013646,51.13133889936273,0.9874765886931967,0.7007650270086963,447745.03175525327,1.1235461305789183,1.6112419618252127
CASA / RESIDÊNCIA,f0_w0.25_k5-15_e5,decil_valor,4,20,0.2451445701709008,0.4184626826688498,0.918558988657526,1.152292644469474,34.29268894797403,1.0111263445471808,0.34065258752469985,167919.77274554205,0.5027935417843438,1.4753655792169174
CASA / RESIDÊNCIA,f0_w0.25_k5-15_e5,decil_valor,5,19,0.24921135736537603,0.39766987554833616,0.9722321576506243,1.094697576319869,35.43060760231645,0.9965281318652354,0.32036136994664893,219455.00304429434,0.45591591303644435,1.5061636578979853
CASA / RESIDÊNCIA,f0_w0.25_k5-15_e5,decil_valor,6,20,0.2552455617868484,0.4146441233250961,0.7509969904994622,0.9254042573886232,43.38566887388396,1.003053750137516,0.38182689179510815,286678.986652519,0.5305779133999771,1.6093245184895975
CASA / RESIDÊNCIA,f0_w0.25_k5-15_e5,decil_valor,7,19,0.2708639867393079,0.574007007464322,0.9415872355360421,0.9045516062432013,62.90226050849911,1.019865690603811,0.4213012831056555,638721.5170282468,0.6385503661402271,2.46102588125316
CASA / RESIDÊNCIA,f0_w0.25_k5-15_e5,decil_valor,8,20,0.160937177560734,0.3380854234705975,0.8187339656852715,1.0105494101652137,33.45560544291686,0.9910890947931067,0.28941487675205607,407627.5041820489,0.38277638944948783,1.446825556287546
CASA / RESIDÊNCIA,f0_w0.25_k5-15_e5,decil_valor,9,19,0.27713783020218097,0.3249730954549322,0.6329333146133111,1.0559613137594062,30.496170546753333,1.0055599134176176,0.3109008289326291,382060.987837674,0.41713928733309813,0.8347247374604388
CASA / RESIDÊNCIA,f0_w0.25_k5-15_e5,decil_valor,10,20,0.2620753069739851,0.3164089089925713,0.6861269603459054,0.8302502497043209,30.81499458710808,0.9959015012155059,0.39465088395970305,901785.6986949228,0.5667558897360668,0.49694441144753815
CASA / RESIDÊNCIA,f0_w0.25_k5-15_e5,bairro,aberta dos morr,3,0.09847435783884906,0.2814171066921181,0.5959315305054823,1.0254811385653646,26.61417978089904,1.0676215643377387,0.22377498844558852,85559.8878471248,0.3356080594829678,
CASA / RESIDÊNCIA,f0_w0.25_k5-15_e5,bairro,auxiliadora,1,0.27713783020218097,0.27713783020218097,0.27713783020218097,1.277137830202181,0.0,1.0,0.24462150403905958,277137.8302021809,0.36693225605858937,
CASA / RESIDÊNCIA,f0_w0.25_k5-15_e5,bairro,azenha,1,0.40501230198657057,0.40501230198657057,0.40501230198657057,0.5949876980134294,0.0,1.0,0.5192145492579322,133654.0596555683,0.7788218238868982,
CASA / RESIDÊNCIA,f0_w0.25_k5-15_e5,bairro,bela vista,1,0.00870969897438989,0.00870969897438989,0.00870969897438989,0.9912903010256101,0.0,1.0,0.008747850087175147,25693.611974450294,0.01312177513076272,
CASA / RESIDÊNCIA,f0_w0.25_k5-15_e5,bairro,belem novo,4,1.0497347010233766,1.1089500550832943,1.869502286204793,1.6428035552293274,67.50350956773346,1.0642560057391683,0.7778625733199372,827272.3442190714,1.2259614652901722,1.2329644938033955
CASA / RESIDÊNCIA,f0_w0.25_k5-15_e5,bairro,belem velho,1,1.4653953185110655,1.4653953185110655,1.4653953185110655,2.4653953185110655,0.0,1.0,0.9023521672574613,190501.39140643855,1.3535282508861919,
CASA / RESIDÊNCIA,f0_w0.25_k5-15_e5,bairro,boa vista,3,0.514050989494679,0.5006062687633935,0.8647236478097923,1.514050989494679,21.746687609360134,1.0036989615097984,0.3732869733214977,1354279.8242058917,0.6368941774876705,
CASA / RESIDÊNCIA,f0_w0.25_k5-15_e5,bairro,bom fim,1,0.3259681352617084,0.3259681352617084,0.3259681352617084,0.6740318647382916,0.0,1.0,0.3944778921275752,384642.3996088159,0.5917168381913629,
CASA / RESIDÊNCIA,f0_w0.25_k5-15_e5,bairro,bom jesus,3,1.3776385995506515,1.448515504223544,2.3320725326582568,2.3776385995506515,41.60862117117497,0.9635656598858895,0.8816928606941609,338250.9621845451,1.437325641756065,
CASA / RESIDÊNCIA,f0_w0.25_k5-15_e5,bairro,camaqua,3,0.4639944235261889,0.4735932045121542,0.7243236708683354,0.8326207926935983,50.17892167434369,1.0893359349862168,0.46289046565329417,150589.6184695893,0.7227103938138439,
CASA / RESIDÊNCIA,f0_w0.25_k5-15_e5,bairro,campo novo,1,1.3382515421998655,1.3382515421998655,1.3382515421998655,2.3382515421998655,0.0,1.0,0.8494034458853329,140516.4119309859,1.2741051688279994,
CASA / RESIDÊNCIA,f0_w0.25_k5-15_e5,bairro,cavalhada,3,0.2644429469901167,1.7701467946777987,4.071007971881824,1.0233482089385288,172.21548276250692,1.9957029181766004,0.7085780714847583,179242.6659006015,1.4961548471261212,
CASA / RESIDÊNCIA,f0_w0.25_k5-15_e5,bairro,chacara pedras,2,0.6505078597351751,0.6505078597351751,1.0945554325178763,1.5550594659783763,41.83170315778912,0.9469405143760956,0.44565034357870975,683217.5170715638,0.7982459961054309,
CASA / RESIDÊNCIA,f0_w0.25_k5-15_e5,bairro,cidade baixa,2,1.718470632378682,1.718470632378682,2.882440664349833,2.718470632378682,53.52136317510392,1.6188969338574932,0.8313155261944835,125351.46903294855,1.7060261676149224,
CASA / RESIDÊNCIA,f0_w0.25_k5-15_e5,bairro,costa e silva,1,0.10790537282851154,0.10790537282851154,0.10790537282851154,1.1079053728285115,0.0,1.0,0.10247118109362244,24818.23575055765,0.15370677164043367,
CASA / RESIDÊNCIA,f0_w0.25_k5-15_e5,bairro,cristal,3,0.3880888184714193,0.6536406579784328,1.0785819416439937,1.3880888184714193,37.769753023823135,1.4275091216055709,0.5091509825754698,147335.01760221177,0.9455048165022564,
CASA / RESIDÊNCIA,f0_w0.25_k5-15_e5,bairro,cristo redentor,2,2.1148150227789597,2.1148150227789597,3.660178046578777,2.9317037797497716,72.13604039353062,2.230293626038582,0.9104755066581857,302161.89022754313,2.0296741058895282,
CASA / RESIDÊNCIA,f0_w0.25_k5-15_e5,bairro,espirito santo,1,0.05596131375940616,0.05596131375940616,0.05596131375940616,1.0559613137594062,0.0,1.0,0.054451549915470764,67153.57651128736,0.08167732487320614,
CASA / RESIDÊNCIA,f0_w0.25_k5-15_e5,bairro,farrapos,1,0.33329028062977173,0.33329028062977173,0.33329028062977173,1.3332902806297717,0.0,1.0,0.2876497824027917,49993.54209446575,0.43147467360418756,
CASA / RESIDÊNCIA,f0_w0.25_k5-15_e5,bairro,floresta,2,0.710983397763142,0.710983397763142,1.180015517712849,1.7109833977631421,34.26626761566604,1.0788591502318918,0.4746166678046061,194508.7237109121,0.8667685528749527,
CASA / RESIDÊNCIA,f0_w0.25_k5-15_e5,bairro,guaruja,4,0.2983951454234425,0.29017730282990134,0.3953256036833811,0.9143069669218303,31.737404758801357,1.0811863678279887,0.3273448326895004,150230.05227428797,0.4905122650152925,-1.0902428333902903
CASA / RESIDÊNCIA,f0_w0.25_k5-15_e5,bairro,hipica,12,0.1639470441371162,0.23510558396955905,0.32143849700408705,0.9095263263229421,25.074811025153014,1.0748803630892139,0.22409002691600044,81305.38485429728,0.3702974048539664,-0.15533398497591888
CASA / RESIDÊNCIA,f0_w0.25_k5-15_e5,bairro,humaita,1,0.06787304672897199,0.06787304672897199,0.06787304672897199,0.932126953271028,0.0,1.0,0.07028625761705817,27149.218691588787,0.10542938642558726,
CASA / RESIDÊNCIA,f0_w0.25_k5-15_e5,bairro,independencia,1,1.9463997066742378,1.9463997066742378,1.9463997066742378,2.946399706674238,0.0,1.0,1.0805839865947622,681239.8973359832,1.6208759798921433,
CASA / RESIDÊNCIA,f0_w0.25_k5-15_e5,bairro,ipanema,7,0.26548904989956623,0.44454196230759285,0.9606149289319047,0.8780717676972917,48.64336368851953,0.9843487771517722,0.40206834101530636,289858.8789089716,0.596577722796752,0.7199021393168495
CASA / RESIDÊNCIA,f0_w0.25_k5-15_e5,bairro,jar leopoldina,1,0.2267810479270579,0.2267810479270579,0.2267810479270579,0.7732189520729421,0.0,1.0,0.25719302073141087,67580.75228226325,0.38578953109711633,
CASA / RESIDÊNCIA,f0_w0.25_k5-15_e5,bairro,jar sao pedro,1,0.04319303415650322,0.04319303415650322,0.04319303415650322,1.0431930341565032,0.0,1.0,0.04228623478730506,27643.541860162048,0.06342935218095759,
CASA / RESIDÊNCIA,f0_w0.25_k5-15_e5,bairro,jardim botanico,1,0.4112483793572743,0.4112483793572743,0.4112483793572743,1.4112483793572743,0.0,1.0,0.34447468810713333,61687.25690359116,0.5167120321606999,
CASA / RESIDÊNCIA,f0_w0.25_k5-15_e5,bairro,jardim carvalho,5,0.06895862128094099,0.10362479555563811,0.19441401756150914,0.970388975406504,10.068394542096943,0.9790897738541928,0.10651220751538715,120210.98215908725,0.1572783055723209,0.03749937582010488
CASA / RESIDÊNCIA,f0_w0.25_k5-15_e5,bairro,jardim do salso,1,0.09649524223352035,0.09649524223352035,0.09649524223352035,0.9035047577664796,0.0,1.0,0.10147390303513039,72371.43167514028,0.1522108545526956,
CASA / RESIDÊNCIA,f0_w0.25_k5-15_e5,bairro,jardim floresta,3,0.17517953488057603,0.2897096024794726,0.5144372639664935,1.175179534880576,14.311405334033422,1.029909731229012,0.24047830022446368,88010.41590337116,0.3717028587518415,
CASA / RESIDÊNCIA,f0_w0.25_k5-15_e5,bairro,jardim isabel,2,3.034864216956113,3.034864216956113,4.1173731218570655,4.034864216956112,33.536100804576556,1.018852446040886,1.3353178590100865,791787.5945993469,2.1259829064673768,
CASA / RESIDÊNCIA,f0_w0.25_k5-15_e5,bairro,jardim itu,3,0.2210838791324219,0.28929777616096936,0.43823422196479095,1.154287641677603,20.607390539391453,1.0097811573089028,0.34050794095571696,193600.6368346029,0.46863492964932796,
CASA / RESIDÊNCIA,f0_w0.25_k5-15_e5,bairro,jardim lindoia,1,0.06528884492003839,0.06528884492003839,0.06528884492003839,0.9347111550799616,0.0,1.0,0.06751772246879181,45702.19144402689,0.10127658370318772,
CASA / RESIDÊNCIA,f0_w0.25_k5-15_e5,bairro,jardim sabara,4,0.32459504597382427,0.3877771467227402,0.6896831820534723,1.0262105200819887,37.787290145082416,1.1925553446786348,0.3779986320430752,205780.62251820136,0.5734524895565085,-0.8199874999181176
CASA / RESIDÊNCIA,f0_w0.25_k5-15_e5,bairro,lomba pinheiro,5,0.4340595463917525,0.584990689017487,0.9238772915703896,1.4340595463917525,34.7390581508702,1.3901199904037917,0.4967491278695011,395367.22905887524,0.9285464399687489,-0.20236916876055816
CASA / RESIDÊNCIA,f0_w0.25_k5-15_e5,bairro,mario quintana,1,0.4904746975830455,0.4904746975830455,0.4904746975830455,0.5095253024169545,0.0,1.0,0.6742757662826545,355594.155747708,1.0114136494239818,
CASA / RESIDÊNCIA,f0_w0.25_k5-15_e5,bairro,medianeira,1,0.47310985634397806,0.47310985634397806,0.47310985634397806,0.5268901436560219,0.0,1.0,0.6407632082314386,804286.7557847627,0.961144812347158,
CASA / RESIDÊNCIA,f0_w0.25_k5-15_e5,bairro,menino deus,2,2.916369220955919,2.916369220955919,4.79418141271023,3.916369220955919,59.934727990737315,1.5843569350191418,1.1426326726382732,306579.7785002447,2.2051412982274052,
CASA / RESIDÊNCIA,f0_w0.25_k5-15_e5,bairro,moinhos vento,1,0.6177978569241698,0.6177978569241698,0.6177978569241698,1.6177978569241698,0.0,1.0,0.4810658769155675,762980.3533013496,0.7215988153733512,
CASA / RESIDÊNCIA,f0_w0.25_k5-15_e5,bairro,mont serrat,1,0.6934751453698771,0.6934751453698771,0.6934751453698771,1.693475145369877,0.0,1.0,0.5267827166813498,575584.3706569979,0.7901740750220247,
CASA / RESIDÊNCIA,f0_w0.25_k5-15_e5,bairro,morro santana,4,0.7304952294904821,1.00304790363413,2.103331708029089,1.6129468148063157,60.62873864069495,1.831531965939094,0.6038472663179673,175481.6247216154,1.2970269040508864,-0.4868829475284376
CASA / RESIDÊNCIA,f0_w0.25_k5-15_e5,bairro,nonoai,2,1.2601430495242927,1.2601430495242927,2.0571877965901635,1.9963059338323383,63.123744119979506,1.351207647345999,0.7434706036613353,248577.5577025903,1.397428556847559,
CASA / RESIDÊNCIA,f0_w0.25_k5-15_e5,bairro,parque sta fe,3,0.22820394403521815,0.1954098391584992,0.2514527785059209,0.8992394136833172,17.995538739800725,1.0249102403673815,0.1980598751626986,84753.05017870312,0.3084542256335441,
CASA / RESIDÊNCIA,f0_w0.25_k5-15_e5,bairro,partenon,3,0.10532740498731963,0.1233725790709292,0.20615821645575974,0.9665755870974018,11.611208642298033,1.018248671522585,0.13242587404752107,142732.29219398493,0.18749386527179132,
CASA / RESIDÊNCIA,f0_w0.25_k5-15_e5,bairro,passo da areia,4,0.9082651255660028,0.9193213572667929,1.34356344965606,1.9082651255660028,24.56677853213718,1.117602133568558,0.6563694470557255,272590.8069860356,1.0964763714328265,-0.14735383358266596
CASA / RESIDÊNCIA,f0_w0.25_k5-15_e5,bairro,passo pedras,4,0.6230737119144076,0.6133898196645121,0.8979995967520554,1.6230737119144076,21.482509950444772,1.255579512555476,0.47745746533650213,244208.56080424826,0.8871232069994155,-0.31619307098840066
CASA / RESIDÊNCIA,f0_w0.25_k5-15_e5,bairro,petropolis,9,0.6855190718311812,1.9329324701918382,4.105101201719468,1.4611150305050844,126.08813447902425,1.6815296650637606,0.9418103894595181,1099058.363695553,1.7064826045699428,-0.4095055966445604
CASA / RESIDÊNCIA,f0_w0.25_k5-15_e5,bairro,restinga,7,0.44670130610101255,0.5171515319453881,0.7307441398957645,1.4467013061010126,23.2473192578816,1.118105391940306,0.45652800337055627,73747.48171288849,0.7551071225351864,-1.2796026928567827
CASA / RESIDÊNCIA,f0_w0.25_k5-15_e5,bairro,rio branco,1,0.6903305701042639,0.6903305701042639,0.6903305701042639,1.690330570104264,0.0,1.0,0.5249241134190804,280437.12947687577,0.7873861701286207,
CASA / RESIDÊNCIA,f0_w0.25_k5-15_e5,bairro,rubem berta,2,0.27489575548827155,0.27489575548827155,0.32319553612439234,0.7251042445117284,8.326351176692693,1.0071881735145949,0.3249183269246856,102332.40581268397,0.510035360199339,
CASA / RESIDÊNCIA,f0_w0.25_k5-15_e5,bairro,santa tereza,6,0.09504765405513915,0.1392897976145591,0.29008903450814916,1.095047654055139,9.331100165035629,1.036691982273898,0.1253937503815338,41227.25113716703,0.2121378705097904,-0.10386774922644748
CASA / RESIDÊNCIA,f0_w0.25_k5-15_e5,bairro,santana,6,0.22028029439701113,0.305889584942866,0.5899741766059468,0.7797197056029889,29.602638172008778,1.1703946695685714,0.42692022422317377,671888.5754207268,0.7040077156622077,-0.09231683068924265
CASA / RESIDÊNCIA,f0_w0.25_k5-15_e5,bairro,santo antonio,1,0.920387487560204,0.920387487560204,0.920387487560204,1.920387487560204,0.0,1.0,0.6525269821150987,358951.1201484796,0.9787904731726481,
CASA / RESIDÊNCIA,f0_w0.25_k5-15_e5,bairro,sao geraldo,2,1.0045453932805684,1.0045453932805684,1.320047235179908,1.3943773023741746,72.04258069678498,1.294503218729062,0.908529697429376,335684.70405958366,1.383923621202323,
CASA / RESIDÊNCIA,f0_w0.25_k5-15_e5,bairro,sao sebastiao,1,0.03181838738618925,0.03181838738618925,0.03181838738618925,1.0318183873861893,0.0,1.0,0.03132267035792717,22272.87117033254,0.046984005536890756,
CASA / RESIDÊNCIA,f0_w0.25_k5-15_e5,bairro,sarandi,11,0.24966094318092436,0.2878673979589444,0.5728066998300556,1.1953756819142325,22.349554237714045,1.1657550294427073,0.28179737273154304,218447.20489238627,0.5035860009186456,-0.08204507403429874
CASA / RESIDÊNCIA,f0_w0.25_k5-15_e5,bairro,serraria,1,0.06363991796746016,0.06363991796746016,0.06363991796746016,0.9363600820325398,0.0,1.0,0.06575517345756367,26728.765546333278,0.09863276018634551,
CASA / RESIDÊNCIA,f0_w0.25_k5-15_e5,bairro,setimo ceu,1,0.2597666666666667,0.2597666666666667,0.2597666666666667,0.7402333333333333,0.0,1.0,0.3007898271700329,241583.0,0.45118474075504933,
CASA / RESIDÊNCIA,f0_w0.25_k5-15_e5,bairro,teresopolis,4,0.17363578245859423,0.38912560526418066,0.9055135245356367,1.1477865722753173,32.611951145110666,1.0594382969322529,0.28224429653254424,219527.73050626088,0.46156128793514706,0.2141849565159712
CASA / RESIDÊNCIA,f0_w0.25_k5-15_e5,bairro,tres figueiras,2,0.13494820402276375,0.13494820402276375,0.16545946362988712,0.8650517959772362,4.4088775592701985,0.998096995479052,0.1459387500022053,358391.64182827267,0.2303962997179009,
CASA / RESIDÊNCIA,f0_w0.25_k5-15_e5,bairro,tristeza,4,0.42273199336965395,0.44379230433799643,0.7449966756647359,1.2314592958827582,36.037919062511016,1.2517664844555176,0.3715177965345934,177327.7957394069,0.6779904076062191,-0.2081874707585881
CASA / RESIDÊNCIA,f0_w0.25_k5-15_e5,bairro,vila assuncao,5,0.30093674319330177,0.49544645170242463,0.854285602616653,1.2194123464447928,37.031278527727295,1.1225790827217026,0.4193660807279459,514018.5020010625,0.6689432020085132,-1.2943050119988562
CASA / RESIDÊNCIA,f0_w0.25_k5-15_e5,bairro,vila ipiranga,5,0.6517042710073666,0.4951569826875023,0.755608392593612,0.9304803769462148,51.72092501898763,1.2053835565392792,0.7188725218899141,763132.1147618487,0.9776008905966721,0.13259660716743912
CASA / RESIDÊNCIA,f0_w0.25_k5-15_e5,bairro,vila jardim,3,0.1844073383753808,0.5492714448304364,1.074477286920067,1.1844073383753808,41.1853520519172,1.3695230406663643,0.3942868105142782,385449.9167858192,0.7391027140487737,
CASA / RESIDÊNCIA,f0_w0.25_k5-15_e5,bairro,vila nova,3,0.20114949969431817,0.23683987277150156,0.3563751149697168,0.8858114001683799,22.440104758549833,1.38353164160766,0.26911904312844276,684829.4592108077,0.5481646091961229,
CASA / RESIDÊNCIA,f0_w0.25_k5-15_e5,bairro,vila sao jose,4,0.8032270500758705,0.9203043795745681,1.8316216355464183,1.7276899338710394,51.608856621476065,1.1758146193789039,0.5671272350798782,150010.77506790208,1.0505225857995282,-0.1762897747606281
CASA / RESIDÊNCIA,f0_w0.25_k5-15_e5,bairro,vl joao pessoa,1,0.028286153605324493,0.028286153605324493,0.028286153605324493,1.0282861536053245,0.0,1.0,0.027893487836398466,18951.72291556734,0.041840231754597695,
CASA / RESIDÊNCIA,f0_w0.25_k5-15_e5,tile,-3334|-4924,1,0.016196597760817832,0.016196597760817832,0.016196597760817832,1.0161965977608178,0.0,1.0,0.016066832170332952,2429.489664122666,0.02410024825549943,
CASA / RESIDÊNCIA,f0_w0.25_k5-15_e5,tile,-3334|-4925,1,0.6628201368737365,0.6628201368737365,0.6628201368737365,1.6628201368737365,0.0,1.0,0.5085150385429694,132564.02737474733,0.7627725578144542,
CASA / RESIDÊNCIA,f0_w0.25_k5-15_e5,tile,-3334|-4929,1,0.06787304672897199,0.06787304672897199,0.06787304672897199,0.932126953271028,0.0,1.0,0.07028625761705817,27149.218691588787,0.10542938642558726,
CASA / RESIDÊNCIA,f0_w0.25_k5-15_e5,tile,-3335|-4924,2,0.23248813197656792,0.23248813197656792,0.26217809202643627,1.232488131976568,3.0111811302245477,0.996199467083761,0.2085814314103075,39357.35851800497,0.32253076971214517,
CASA / RESIDÊNCIA,f0_w0.25_k5-15_e5,tile,-3335|-4931,1,0.33329028062977173,0.33329028062977173,0.33329028062977173,1.3332902806297717,0.0,1.0,0.2876497824027917,49993.54209446575,0.43147467360418756,
CASA / RESIDÊNCIA,f0_w0.25_k5-15_e5,tile,-3336|-4924,3,0.08811528580354322,0.22559879535286953,0.47586841702475313,0.9841255995749902,22.386098749964034,1.0998220101253287,0.18703506173789267,148390.58515047497,0.29857536159569004,
CASA / RESIDÊNCIA,f0_w0.25_k5-15_e5,tile,-3336|-4925,2,0.4071360068146325,0.4071360068146325,0.5368431533270341,0.8378660668594979,48.59201522991207,1.10060730838982,0.5307054457053509,251748.83171559646,0.7885650547869277,
CASA / RESIDÊNCIA,f0_w0.25_k5-15_e5,tile,-3336|-4927,1,0.17517953488057603,0.17517953488057603,0.17517953488057603,1.175179534880576,0.0,1.0,0.16142093156710038,56057.451161784295,0.2421313973506506,
CASA / RESIDÊNCIA,f0_w0.25_k5-15_e5,tile,-3337|-4921,3,0.2572649871235966,0.26901883270004656,0.3196693824514573,0.7854789703068794,25.14539921102835,1.0038374041472722,0.2929251234692968,98406.5353093778,0.47843444854907846,
CASA / RESIDÊNCIA,f0_w0.25_k5-15_e5,tile,-3337|-4923,1,0.24966094318092436,0.24966094318092436,0.24966094318092436,0.7503390568190756,0.0,1.0,0.2872300988484724,524287.98067994113,0.4308451482727086,
CASA / RESIDÊNCIA,f0_w0.25_k5-15_e5,tile,-3337|-4924,1,0.2818190360919002,0.2818190360919002,0.2818190360919002,1.2818190360919002,0.0,1.0,0.24828019104020388,191158.92591166345,0.3724202865603058,
CASA / RESIDÊNCIA,f0_w0.25_k5-15_e5,tile,-3337|-4926,2,0.04855361615311382,0.04855361615311382,0.061941799166653475,0.9832647712330754,4.938000177940328,1.0,0.04942019641335949,35949.764206157975,0.07020361931669929,
CASA / RESIDÊNCIA,f0_w0.25_k5-15_e5,tile,-3337|-4927,3,0.5992516962379728,1.5801560250288578,3.35706538127058,1.5992516962379728,82.36813161857714,1.3973181508726504,0.7262375428838063,247546.7674897566,1.3342031834174783,
CASA / RESIDÊNCIA,f0_w0.25_k5-15_e5,tile,-3337|-4928,1,0.04319303415650322,0.04319303415650322,0.04319303415650322,1.0431930341565032,0.0,1.0,0.04228623478730506,27643.541860162048,0.06342935218095759,
CASA / RESIDÊNCIA,f0_w0.25_k5-15_e5,tile,-3337|-4931,2,1.0045453932805684,1.0045453932805684,1.320047235179908,1.3943773023741746,72.04258069678498,1.294503218729062,0.908529697429376,335684.70405958366,1.383923621202323,
CASA / RESIDÊNCIA,f0_w0.25_k5-15_e5,tile,-3338|-4922,2,0.1644822651759505,0.1644822651759505,0.21545960826336463,0.8355177348240495,7.626609969288889,1.009250966613764,0.18262045446478833,81980.31022086197,0.29614305092663984,
CASA / RESIDÊNCIA,f0_w0.25_k5-15_e5,tile,-3338|-4923,1,0.10790537282851154,0.10790537282851154,0.10790537282851154,1.1079053728285115,0.0,1.0,0.10247118109362244,24818.23575055765,0.15370677164043367,
CASA / RESIDÊNCIA,f0_w0.25_k5-15_e5,tile,-3338|-4924,2,0.8462059199171604,0.8462059199171604,0.9497932735869502,1.8462059199171605,7.0135292434252,1.0015609949616082,0.6106671305378475,191376.080899349,0.9355471821393057,
CASA / RESIDÊNCIA,f0_w0.25_k5-15_e5,tile,-3338|-4925,1,0.2210838791324219,0.2210838791324219,0.2210838791324219,1.221083879132422,0.0,1.0,0.19973888984718202,165812.90934931638,0.29960833477077303,
CASA / RESIDÊNCIA,f0_w0.25_k5-15_e5,tile,-3338|-4926,1,0.6517042710073666,0.6517042710073666,0.6517042710073666,1.6517042710073666,0.0,1.0,0.501807646366694,247647.6229827993,0.752711469550041,
CASA / RESIDÊNCIA,f0_w0.25_k5-15_e5,tile,-3338|-4927,1,0.1831112430291879,0.1831112430291879,0.1831112430291879,0.8168887569708121,0.0,1.0,0.202252353771243,137333.43227189092,0.3033785306568645,
CASA / RESIDÊNCIA,f0_w0.25_k5-15_e5,tile,-3338|-4929,3,0.9154860710060386,0.9254137496470682,1.4047173608917771,1.9154860710060386,32.38090505417376,1.3389923773478074,0.6610248281735375,136175.70257708462,1.2129214844603349,
CASA / RESIDÊNCIA,f0_w0.25_k5-15_e5,tile,-3338|-4931,1,1.297273547700276,1.297273547700276,1.297273547700276,2.297273547700276,0.0,1.0,0.831723005732774,272103.1266301329,1.247584508599161,
CASA / RESIDÊNCIA,f0_w0.25_k5-15_e5,tile,-3338|-4932,1,0.1246932478260081,0.1246932478260081,0.1246932478260081,1.124693247826008,0.0,1.0,0.11751032987643822,40338.26567171363,0.17626549481465734,
CASA / RESIDÊNCIA,f0_w0.25_k5-15_e5,tile,-3339|-4923,1,0.2267810479270579,0.2267810479270579,0.2267810479270579,0.7732189520729421,0.0,1.0,0.25719302073141087,67580.75228226325,0.38578953109711633,
CASA / RESIDÊNCIA,f0_w0.25_k5-15_e5,tile,-3339|-4925,1,0.1542876416776029,0.1542876416776029,0.1542876416776029,1.154287641677603,0.0,1.0,0.14348339324649717,43971.97787811683,0.21522508986974576,
CASA / RESIDÊNCIA,f0_w0.25_k5-15_e5,tile,-3339|-4926,3,0.2702544061139778,0.3830675885370196,0.7015938703774324,0.9304803769462148,38.67834182958034,0.7618586887193841,0.6563335198275284,197166.7954168511,0.9250536145064354,
CASA / RESIDÊNCIA,f0_w0.25_k5-15_e5,tile,-3339|-4927,1,0.6748778768190861,0.6748778768190861,0.6748778768190861,0.32512212318091394,0.0,1.0,1.1235544036002916,1653450.798206761,1.6853316054004375,
CASA / RESIDÊNCIA,f0_w0.25_k5-15_e5,tile,-3339|-4928,1,0.901044180125967,0.901044180125967,0.901044180125967,1.901044180125967,0.0,1.0,0.6424033037022898,491519.6092691568,0.9636049555534347,
CASA / RESIDÊNCIA,f0_w0.25_k5-15_e5,tile,-3339|-4929,3,0.514050989494679,0.5006062687633935,0.8647236478097923,1.514050989494679,21.746687609360134,1.0036989615097984,0.3732869733214977,1354279.8242058917,0.6368941774876705,
CASA / RESIDÊNCIA,f0_w0.25_k5-15_e5,tile,-3339|-4930,2,0.48530648778602903,0.48530648778602903,0.6518414138531075,1.485306487786029,14.01519883577298,1.0131913292318975,0.3857021103602047,451720.4581783878,0.6251032181219155,
CASA / RESIDÊNCIA,f0_w0.25_k5-15_e5,tile,-3339|-4931,1,0.6177978569241698,0.6177978569241698,0.6177978569241698,1.6177978569241698,0.0,1.0,0.4810658769155675,762980.3533013496,0.7215988153733512,
CASA / RESIDÊNCIA,f0_w0.25_k5-15_e5,tile,-3339|-4932,1,1.9463997066742378,1.9463997066742378,1.9463997066742378,2.946399706674238,0.0,1.0,1.0805839865947622,681239.8973359832,1.6208759798921433,
CASA / RESIDÊNCIA,f0_w0.25_k5-15_e5,tile,-3340|-4924,2,0.38057371941186363,0.38057371941186363,0.49965530068148645,1.1488519765870284,33.12643640501533,1.1225170140671996,0.34424780013515677,287490.5876716145,0.5542322213224407,
CASA / RESIDÊNCIA,f0_w0.25_k5-15_e5,tile,-3340|-4925,2,0.3328166638894041,0.3328166638894041,0.4605807789161874,0.8402948562165209,39.607128548653925,1.110552538275096,0.418980588739886,208191.251984903,0.6574284616784425,
CASA / RESIDÊNCIA,f0_w0.25_k5-15_e5,tile,-3340|-4926,4,0.33024295510855217,0.39060110129010417,0.6896831820534723,1.0318584292167166,37.85413679147917,1.198976964888546,0.3803943508877724,205665.89946857115,0.5814447631576262,-0.8056665558997169
CASA / RESIDÊNCIA,f0_w0.25_k5-15_e5,tile,-3340|-4927,3,1.2055673257135515,0.8896581072764933,1.278709284387701,2.2055673257135515,22.116864280297026,1.3805215279445682,0.6015342282786836,676363.7933874647,1.21354944545668,
CASA / RESIDÊNCIA,f0_w0.25_k5-15_e5,tile,-3340|-4928,1,0.09680912951385956,0.09680912951385956,0.09680912951385956,0.9031908704861404,0.0,1.0,0.1018213741626284,263901.68705478124,0.15273206124394262,
CASA / RESIDÊNCIA,f0_w0.25_k5-15_e5,tile,-3340|-4929,2,0.4293031751814246,0.4293031751814246,0.63427589250123,0.5706968248185754,44.89527285020513,0.9504263747422256,0.6734439861373864,1007167.4159465916,1.0915530405994442,
CASA / RESIDÊNCIA,f0_w0.25_k5-15_e5,tile,-3340|-4930,1,0.00870969897438989,0.00870969897438989,0.00870969897438989,0.9912903010256101,0.0,1.0,0.008747850087175147,25693.611974450294,0.01312177513076272,
CASA / RESIDÊNCIA,f0_w0.25_k5-15_e5,tile,-3340|-4931,1,0.6903305701042639,0.6903305701042639,0.6903305701042639,1.690330570104264,0.0,1.0,0.5249241134190804,280437.12947687577,0.7873861701286207,
CASA / RESIDÊNCIA,f0_w0.25_k5-15_e5,tile,-3340|-4932,1,0.3259681352617084,0.3259681352617084,0.3259681352617084,0.6740318647382916,0.0,1.0,0.3944778921275752,384642.3996088159,0.5917168381913629,
CASA / RESIDÊNCIA,f0_w0.25_k5-15_e5,tile,-3341|-4921,1,0.4904746975830455,0.4904746975830455,0.4904746975830455,0.5095253024169545,0.0,1.0,0.6742757662826545,355594.155747708,1.0114136494239818,
CASA / RESIDÊNCIA,f0_w0.25_k5-15_e5,tile,-3341|-4924,3,0.2853740191119223,0.9455250582224927,2.0578139764719574,1.0502771897435899,88.43055947938605,1.9458255913695917,0.5460256734192722,184784.06703664546,1.124472309688601,
CASA / RESIDÊNCIA,f0_w0.25_k5-15_e5,tile,-3341|-4927,3,0.3972268971848225,1.0211187689589265,2.135990192185091,0.9045516062432013,109.3693970447356,1.2403478438316313,0.6264288975941287,275695.6265022682,1.0577062803444464,
CASA / RESIDÊNCIA,f0_w0.25_k5-15_e5,tile,-3341|-4928,1,1.3776385995506515,1.3776385995506515,1.3776385995506515,2.3776385995506515,0.0,1.0,0.8661078100792107,344409.64988766285,1.299161715118816,
CASA / RESIDÊNCIA,f0_w0.25_k5-15_e5,tile,-3341|-4929,4,3.927326565997914,3.9276579675743943,4.497544613091939,4.927326565997914,8.379986092619195,0.9614631888330049,1.5880973584724374,1485745.922905137,2.426095104752663,0.1729344501373785
CASA / RESIDÊNCIA,f0_w0.25_k5-15_e5,tile,-3341|-4930,3,0.17732152010653945,0.22976750609410204,0.40435632842537544,1.1773215201065395,14.495643697212977,1.028697391536718,0.19821569297045352,203044.43825585232,0.33022244901413406,
CASA / RESIDÊNCIA,f0_w0.25_k5-15_e5,tile,-3341|-4932,2,0.10741428382564022,0.10741428382564022,0.1324933464389521,1.0313488282666399,10.414932453665411,0.9978790117338494,0.10452836659291223,83157.94919384828,0.14706106187358506,
CASA / RESIDÊNCIA,f0_w0.25_k5-15_e5,tile,-3341|-4933,2,0.41630603683888734,0.41630603683888734,0.5385443923782023,1.4163060368388873,10.78848359392577,0.9973755683035062,0.3421983982282371,138539.18938050358,0.544509597805553,
CASA / RESIDÊNCIA,f0_w0.25_k5-15_e5,tile,-3341|-4934,1,3.1734331723426203,3.1734331723426203,3.1734331723426203,4.17343317234262,0.0,1.0,1.4287389998029827,158671.65861713103,2.143108499704474,
CASA / RESIDÊNCIA,f0_w0.25_k5-15_e5,tile,-3342|-4925,1,1.1756164398690419,1.1756164398690419,1.1756164398690419,2.175616439869042,0.0,1.0,0.7773120450140525,144013.01388395764,1.1659680675210788,
CASA / RESIDÊNCIA,f0_w0.25_k5-15_e5,tile,-3342|-4926,1,0.2092387739285253,0.2092387739285253,0.2092387739285253,0.7907612260714747,0.0,1.0,0.2347592201580119,31385.8160892788,0.35213883023701786,
CASA / RESIDÊNCIA,f0_w0.25_k5-15_e5,tile,-3342|-4928,2,0.25387181079539733,0.25387181079539733,0.37977306564489893,1.1573765685618769,21.93510890849045,1.171281205344692,0.22297429557113185,67241.88347674072,0.42993909886557247,
CASA / RESIDÊNCIA,f0_w0.25_k5-15_e5,tile,-3342|-4930,1,0.3109387713154804,0.3109387713154804,0.3109387713154804,0.6890612286845196,0.0,1.0,0.372425145901561,276389.74255707476,0.5586377188523415,
CASA / RESIDÊNCIA,f0_w0.25_k5-15_e5,tile,-3342|-4931,3,0.4883503962334712,0.49045281745094416,0.650948444829432,0.5116496037665288,26.071739649653747,1.1067162350944109,0.7303148691671324,946786.4226804569,1.1812504882301345,
CASA / RESIDÊNCIA,f0_w0.25_k5-15_e5,tile,-3342|-4932,1,0.1491504896530832,0.1491504896530832,0.1491504896530832,0.8508495103469168,0.0,1.0,0.16152000465182081,74575.24482654157,0.24228000697773122,
CASA / RESIDÊNCIA,f0_w0.25_k5-15_e5,tile,-3342|-4933,2,2.834323381317689,2.834323381317689,4.777772244782583,3.429311079331118,82.6499350963086,2.085020811201742,1.1769875753319943,294710.70660364843,2.367181526117863,
CASA / RESIDÊNCIA,f0_w0.25_k5-15_e5,tile,-3343|-4926,4,0.05354864812259219,0.0772213009624163,0.14121140449197173,1.0042638251853737,7.68934407730581,1.0202423302995471,0.07445045435473097,133480.64626254994,0.10582128386967596,-0.014472866694610322
CASA / RESIDÊNCIA,f0_w0.25_k5-15_e5,tile,-3343|-4927,1,0.10532740498731963,0.10532740498731963,0.10532740498731963,1.1053274049873196,0.0,1.0,0.10014158518945772,89528.2942392216,0.15021237778418658,
CASA / RESIDÊNCIA,f0_w0.25_k5-15_e5,tile,-3343|-4928,1,0.05732671747877749,0.05732671747877749,0.05732671747877749,1.0573267174787775,0.0,1.0,0.055743757971527794,16624.74806884548,0.08361563695729168,
CASA / RESIDÊNCIA,f0_w0.25_k5-15_e5,tile,-3343|-4929,1,0.028286153605324493,0.028286153605324493,0.028286153605324493,1.0282861536053245,0.0,1.0,0.027893487836398466,18951.72291556734,0.041840231754597695,
CASA / RESIDÊNCIA,f0_w0.25_k5-15_e5,tile,-3343|-4931,1,0.920387487560204,0.920387487560204,0.920387487560204,1.920387487560204,0.0,1.0,0.6525269821150987,358951.1201484796,0.9787904731726481,
CASA / RESIDÊNCIA,f0_w0.25_k5-15_e5,tile,-3343|-4933,1,0.47310985634397806,0.47310985634397806,0.47310985634397806,0.5268901436560219,0.0,1.0,0.6407632082314386,804286.7557847627,0.961144812347158,
CASA / RESIDÊNCIA,f0_w0.25_k5-15_e5,tile,-3344|-4928,2,1.1129188252780968,1.1129188252780968,1.8365331255898227,1.9045178753896572,58.43572484455666,1.1040588360582257,0.6690539807874513,187337.95956496222,1.1867543592630714,
CASA / RESIDÊNCIA,f0_w0.25_k5-15_e5,tile,-3344|-4931,2,0.132395166112734,0.132395166112734,0.2115717686808426,0.867604833887266,11.407353825669873,1.0639935540709908,0.14856801847655277,162945.09234012332,0.27911053363072663,
CASA / RESIDÊNCIA,f0_w0.25_k5-15_e5,tile,-3344|-4933,2,0.08487974940110288,0.08487974940110288,0.1323609932335426,1.0848797494011029,5.4707957101525855,1.0246973655205707,0.079970426588447,22415.964234610787,0.14658064918841296,
CASA / RESIDÊNCIA,f0_w0.25_k5-15_e5,tile,-3344|-4934,1,0.04586400391862577,0.04586400391862577,0.04586400391862577,1.0458640039186258,0.0,1.0,0.04484334181583699,15135.121293146512,0.06726501272375549,
CASA / RESIDÊNCIA,f0_w0.25_k5-15_e5,tile,-3345|-4927,1,1.3980531502633013,1.3980531502633013,1.3980531502633013,2.3980531502633013,0.0,1.0,0.8746572207730823,139805.31502633012,1.3119858311596233,
CASA / RESIDÊNCIA,f0_w0.25_k5-15_e5,tile,-3345|-4933,1,0.03993721395022476,0.03993721395022476,0.03993721395022476,1.0399372139502248,0.0,1.0,0.03916034012915999,19169.862696107884,0.058740510193739985,
CASA / RESIDÊNCIA,f0_w0.25_k5-15_e5,tile,-3345|-4934,2,0.29008903450814916,0.29008903450814916,0.32279117622236764,1.2900890345081493,3.1685934884608855,1.0184928860981635,0.25420898358365596,65561.46345408124,0.3986480707876151,
CASA / RESIDÊNCIA,f0_w0.25_k5-15_e5,tile,-3345|-4935,1,0.32162793302674186,0.32162793302674186,0.32162793302674186,0.6783720669732581,0.0,1.0,0.3880593702146839,204555.36540500785,0.5820890553220258,
CASA / RESIDÊNCIA,f0_w0.25_k5-15_e5,tile,-3346|-4923,2,0.3858303065292096,0.3858303065292096,0.4244136984192439,1.0482292398625428,36.807817589576544,1.1567133038782522,0.38619827610704294,583052.4217819677,0.5745602836505739,
CASA / RESIDÊNCIA,f0_w0.25_k5-15_e5,tile,-3346|-4931,1,0.0296200181272277,0.0296200181272277,0.0296200181272277,1.0296200181272277,0.0,1.0,0.02918981973628699,18838.33152891684,0.043784729604430486,
CASA / RESIDÊNCIA,f0_w0.25_k5-15_e5,tile,-3346|-4932,5,0.26595312642340674,0.8094337003956161,1.8257137252189013,1.2659531264234067,59.73705181703575,1.182936676440197,0.517345714743312,251394.6775478327,0.8686010211420874,-0.46965458005099997
CASA / RESIDÊNCIA,f0_w0.25_k5-15_e5,tile,-3347|-4935,2,0.8196470204542783,0.8196470204542783,1.1648935820405655,1.8196470204542783,23.71658882914114,1.1003734824701317,0.5696967887558627,107888.65723410377,0.9761343554132955,
CASA / RESIDÊNCIA,f0_w0.25_k5-15_e5,tile,-3348|-4924,2,0.6788622405759109,0.6788622405759109,0.9433057164078653,1.330554344789943,51.0210081410154,1.3657768196545148,0.5630137426473663,218342.26110358923,0.9892257736999355,
CASA / RESIDÊNCIA,f0_w0.25_k5-15_e5,tile,-3348|-4926,1,1.4653953185110655,1.4653953185110655,1.4653953185110655,2.4653953185110655,0.0,1.0,0.9023521672574613,190501.39140643855,1.3535282508861919,
CASA / RESIDÊNCIA,f0_w0.25_k5-15_e5,tile,-3348|-4934,3,0.2644429469901167,1.7701467946777987,4.071007971881824,1.0233482089385288,172.21548276250692,1.9957029181766004,0.7085780714847583,179242.6659006015,1.4961548471261212,
CASA / RESIDÊNCIA,f0_w0.25_k5-15_e5,tile,-3348|-4935,3,0.2708639867393079,0.40921639224986056,0.6856975835109592,0.8326207926935983,42.44709311238462,1.147008771495284,0.3603185573741274,149753.5106236934,0.626603518544647,
CASA / RESIDÊNCIA,f0_w0.25_k5-15_e5,tile,-3348|-4936,3,0.7757524812376841,0.63157101560306,0.8095695541500921,1.7757524812376841,21.004439477428182,1.2614469369277976,0.5099961367228419,416683.96998994914,0.9657490808790459,
CASA / RESIDÊNCIA,f0_w0.25_k5-15_e5,tile,-3348|-4937,3,0.2744896707670459,0.46684767802704585,0.7802107476488483,1.2194123464447928,32.28688231343405,1.0890158925024305,0.3881973642530025,534314.2382434068,0.6107363185201042,
CASA / RESIDÊNCIA,f0_w0.25_k5-15_e5,tile,-3349|-4922,1,0.7955683508771931,0.7955683508771931,0.7955683508771931,1.7955683508771931,0.0,1.0,0.585321601838687,79556.83508771932,0.8779824027580305,
CASA / RESIDÊNCIA,f0_w0.25_k5-15_e5,tile,-3349|-4932,1,0.20114949969431817,0.20114949969431817,0.20114949969431817,1.2011494996943182,0.0,1.0,0.1832790146967459,32183.91995109091,0.27491852204511885,
CASA / RESIDÊNCIA,f0_w0.25_k5-15_e5,tile,-3349|-4935,2,0.5192972117630945,0.5192972117630945,0.5635394423526189,1.0553027882369055,49.208361576556094,1.1550073215523162,0.5388059929323171,126608.81347859614,0.7607941027630496,
CASA / RESIDÊNCIA,f0_w0.25_k5-15_e5,tile,-3349|-4937,1,0.11168140823448369,0.11168140823448369,0.11168140823448369,0.8883185917655163,0.0,1.0,0.11842482582343562,195442.46441034647,0.17763723873515344,
CASA / RESIDÊNCIA,f0_w0.25_k5-15_e5,tile,-3350|-4932,1,0.11418859983162011,0.11418859983162011,0.11418859983162011,0.8858114001683799,0.0,1.0,0.12125121766348297,20553.947969691624,0.18187682649522446,
CASA / RESIDÊNCIA,f0_w0.25_k5-15_e5,tile,-3350|-4935,1,1.6817280858299224,1.6817280858299224,1.6817280858299224,2.6817280858299224,0.0,1.0,0.9864613948688089,440612.7584874397,1.4796920923032133,
CASA / RESIDÊNCIA,f0_w0.25_k5-15_e5,tile,-3350|-4936,1,0.2597666666666667,0.2597666666666667,0.2597666666666667,0.7402333333333333,0.0,1.0,0.3007898271700329,241583.0,0.45118474075504933,
CASA / RESIDÊNCIA,f0_w0.25_k5-15_e5,tile,-3351|-4930,1,0.39518151878856644,0.39518151878856644,0.39518151878856644,0.6048184812114336,0.0,1.0,0.5028268970250993,1185544.5563656993,0.754240345537649,
CASA / RESIDÊNCIA,f0_w0.25_k5-15_e5,tile,-3351|-4933,1,0.12192823230270833,0.12192823230270833,0.12192823230270833,0.8780717676972917,0.0,1.0,0.13002694871341375,79253.35099676042,0.19504042307012062,
CASA / RESIDÊNCIA,f0_w0.25_k5-15_e5,tile,-3351|-4934,2,0.4054945249497831,0.4054945249497831,0.5174989049899567,0.5945054750502169,23.5499050767179,0.980213764758608,0.5485538703032244,178205.3461403299,0.8774336115893578,
CASA / RESIDÊNCIA,f0_w0.25_k5-15_e5,tile,-3351|-4935,1,4.388000348082303,4.388000348082303,4.388000348082303,5.388000348082303,0.0,1.0,1.684174323151364,1029424.8816601085,2.526261484727046,
CASA / RESIDÊNCIA,f0_w0.25_k5-15_e5,tile,-3352|-4925,3,0.44670130610101255,0.46574789977713343,0.5221243685421182,1.4467013061010126,3.0279891345501495,1.0020679657141516,0.38166128994214427,60297.29442194541,0.5749071797202004,
CASA / RESIDÊNCIA,f0_w0.25_k5-15_e5,tile,-3352|-4932,2,0.6258774680124279,0.6258774680124279,1.0081830593435601,1.4778819891639152,42.349624164951535,0.8665521527671981,0.45194470377683477,469201.31438018713,0.8247402432799661,
CASA / RESIDÊNCIA,f0_w0.25_k5-15_e5,tile,-3352|-4933,2,0.46356075896300986,0.46356075896300986,0.7848603465410917,1.46356075896301,27.441599674834748,1.0911287990810705,0.34172714511680613,197524.7535299884,0.6443736934839753,
CASA / RESIDÊNCIA,f0_w0.25_k5-15_e5,tile,-3353|-4925,1,0.7160394590909089,0.7160394590909089,0.7160394590909089,1.716039459090909,0.0,1.0,0.540018995609616,78764.34049999999,0.810028493414424,
CASA / RESIDÊNCIA,f0_w0.25_k5-15_e5,tile,-3353|-4926,1,0.41163989999999995,0.41163989999999995,0.41163989999999995,0.5883601,0.0,1.0,0.5304161035670416,82327.98,0.7956241553505624,
CASA / RESIDÊNCIA,f0_w0.25_k5-15_e5,tile,-3353|-4928,1,0.1502976472613453,0.1502976472613453,0.1502976472613453,1.1502976472613453,0.0,1.0,0.14002073259159947,39077.38828794978,0.2100310988873992,
CASA / RESIDÊNCIA,f0_w0.25_k5-15_e5,tile,-3353|-4929,1,0.0022493886081014214,0.0022493886081014214,0.0022493886081014214,0.9977506113918986,0.0,1.0,0.0022519222828490232,1709.5353421571199,0.0033778834242735346,
CASA / RESIDÊNCIA,f0_w0.25_k5-15_e5,tile,-3353|-4932,2,0.6971064279796358,0.6971064279796358,1.2100225193558196,1.697106427979636,37.77872169063065,1.4641157062910444,0.4519274979004018,110123.71420410738,1.0014623753377392,
CASA / RESIDÊNCIA,f0_w0.25_k5-15_e5,tile,-3354|-4926,1,0.7528011611030478,0.7528011611030478,0.7528011611030478,1.7528011611030478,0.0,1.0,0.5612151717264721,82808.12772133527,0.8418227575897081,
CASA / RESIDÊNCIA,f0_w0.25_k5-15_e5,tile,-3354|-4928,4,0.13698959133384436,0.31588269738707364,0.7069582591103718,1.0465159176567864,30.184222911234304,1.0451607967056002,0.24631163081531443,67874.32383954541,0.3665907976872967,0.4195418764855492
CASA / RESIDÊNCIA,f0_w0.25_k5-15_e5,tile,-3354|-4929,3,0.23913292144848053,0.25962228340845134,0.30702273774067296,0.7842612630368476,23.934545786508036,1.0240261315318948,0.28299334628830586,100847.24557122479,0.47620726867529883,
CASA / RESIDÊNCIA,f0_w0.25_k5-15_e5,tile,-3354|-4930,2,0.2331645031722515,0.2331645031722515,0.28537549560835523,0.7668354968277484,8.510787622001494,0.9740383191333453,0.2691178322366194,98557.3915008782,0.43628860669675196,
CASA / RESIDÊNCIA,f0_w0.25_k5-15_e5,tile,-3354|-4931,1,0.7202958236721406,0.7202958236721406,0.7202958236721406,1.7202958236721406,0.0,1.0,0.5424962665437486,144059.1647344281,0.8137443998156229,
CASA / RESIDÊNCIA,f0_w0.25_k5-15_e5,tile,-3354|-4932,1,0.43683526923665794,0.43683526923665794,0.43683526923665794,0.5631647307633421,0.0,1.0,0.5741830990336091,251617.11508031498,0.8612746485504137,
CASA / RESIDÊNCIA,f0_w0.25_k5-15_e5,tile,-3354|-4933,3,0.29832057345448315,0.24129131402764914,0.29843988860481807,1.1270836512360625,17.649985139150658,1.0400500831845467,0.24506541057479744,94807.00013536394,0.3686415363748601,
CASA / RESIDÊNCIA,f0_w0.25_k5-15_e5,tile,-3354|-4934,1,0.06363991796746016,0.06363991796746016,0.06363991796746016,0.9363600820325398,0.0,1.0,0.06575517345756367,26728.765546333278,0.09863276018634551,
CASA / RESIDÊNCIA,f0_w0.25_k5-15_e5,tile,-3355|-4926,1,0.3423365040923597,0.3423365040923597,0.3423365040923597,0.6576634959076403,0.0,1.0,0.41906188286433166,85584.12602308992,0.6285928242964975,
CASA / RESIDÊNCIA,f0_w0.25_k5-15_e5,tile,-3355|-4930,1,0.15999332564711055,0.15999332564711055,0.15999332564711055,0.8400066743528894,0.0,1.0,0.1743454415181426,97115.9486677961,0.2615181622772139,
CASA / RESIDÊNCIA,f0_w0.25_k5-15_e5,tile,-3355|-4931,2,0.06197774820210683,0.06197774820210683,0.09117503591150061,0.9635033903632577,6.432540748895563,1.0037440431863507,0.06441434939650847,24580.889744439948,0.10095386328706825,
CASA / RESIDÊNCIA,f0_w0.25_k5-15_e5,tile,-3358|-4928,2,1.8109689643725395,1.8109689643725395,1.9280356080370462,2.8109689643725395,5.20579581045989,1.0107580155897942,1.032172396193292,1128202.9138743063,1.5673017911850509,
CASA / RESIDÊNCIA,f0_w0.25_k5-15_e5,tile,-3359|-4929,1,0.43483374225484694,0.43483374225484694,0.43483374225484694,0.5651662577451531,0.0,1.0,0.5706353296262725,369608.6809166199,0.8559529944394088,
CASA / RESIDÊNCIA,f0_w0.25_k5-15_e5,tile,-3360|-4930,1,0.37902854933325136,0.37902854933325136,0.37902854933325136,0.6209714506667486,0.0,1.0,0.47647017126689184,234997.70058661583,0.7147052569003378,
CASA / RESIDÊNCIA,baseline,periodo_ou_espaco,teste_espacial,60,0.3169395911962371,0.8428973222069912,1.694385085190774,1.174880046452913,69.57878363017855,1.3568002894244655,0.4795162890906034,522787.0637922937,0.8866108749805977,0.00909525331613695
CASA / RESIDÊNCIA,f0_w0.25_k5-15_e5,periodo_ou_espaco,teste_espacial,60,0.32566731139453725,0.7598009985552167,1.6904821124381388,1.1104816491337433,67.32634614414357,1.340010994040402,0.47708569701400444,588240.6203523718,0.8441373912665759,0.02880010255463426
COBERTURA,baseline,periodo_ou_espaco,validacao_1,90,0.23009356195944314,0.3534855645353601,0.646865115142336,0.8978245650202388,37.029045242397785,1.2369126788622218,0.3231963270707625,649878.34631481,0.5759684859366845,-0.06968564517494717
COBERTURA,baseline,periodo_ou_espaco,validacao_2,90,0.3007161139903115,0.46957819162059483,1.2113171347519955,1.0225376574852518,45.887086367635696,1.2467829213805952,0.3875195157960064,437823.2564846165,0.6236642356890989,-0.22570012298909983
COBERTURA,baseline,periodo_ou_espaco,validacao_3,90,0.23403073571785454,0.43918292232350153,1.1300662122235308,1.032207687808518,42.32322059993306,1.1867564770695946,0.3394502288259052,426904.04768992437,0.5467201957977587,-0.1426292132292353
COBERTURA,f0_w0.25_k16-16_e12.8,periodo_ou_espaco,validacao_1,90,0.2200553619427978,0.3364283667161349,0.6974079946052969,0.8853586431693616,35.24544982588133,1.2486779861410993,0.3134486772896073,732199.6171494618,0.5734862269079064,-0.08915049934679108
COBERTURA,f0_w0.25_k16-16_e12.8,periodo_ou_espaco,validacao_2,90,0.28084389067662313,0.46001488182011274,1.0277544514333652,1.0123004816569359,45.41867704680412,1.2382784009996315,0.3839621387478339,429064.1210232781,0.6104825683908709,-0.21274147216766945
COBERTURA,f0_w0.25_k16-16_e12.8,periodo_ou_espaco,validacao_3,90,0.24067476449241243,0.4162415151519822,1.0641227955088433,0.9887058141021463,42.07944357150388,1.1921286977011265,0.33161697775559795,367323.1326483546,0.5303650767988933,-0.14957263804868728
COBERTURA,f1350_w0.25_k5-15_e5,periodo_ou_espaco,validacao_1,90,0.25456568534818025,0.3730970077573543,0.6687905783952132,0.8860238328833168,40.80275246216308,1.192650049140957,0.33138564816413657,665702.5845677806,0.5819871255988612,-0.00958360779323446
COBERTURA,f1350_w0.25_k5-15_e5,periodo_ou_espaco,validacao_2,90,0.28312569300636725,0.4806486791359927,1.1794073528012723,1.0110533660634373,47.53939755004336,1.2280425488249949,0.3941145527511191,439853.711103303,0.6211701476632223,-0.1750797827603971
COBERTURA,f1350_w0.25_k5-15_e5,periodo_ou_espaco,validacao_3,90,0.23085791007312012,0.4277821459745477,1.1630948697832566,0.9973034850787352,42.893878581079576,1.1637845197966599,0.3379822574134682,453699.2713724436,0.5224056382607839,-0.11516932360988924
COBERTURA,f1350_w0.45_k12-25_e11,periodo_ou_espaco,validacao_1,90,0.23009144969755468,0.35158712601908226,0.6543454078513898,0.9045634272022018,36.84741739478593,1.2181044024756482,0.31746931249239474,642301.7099775485,0.5583872232238758,-0.05387389925231653
COBERTURA,f1350_w0.45_k12-25_e11,periodo_ou_espaco,validacao_2,90,0.3007162252529684,0.4773097280574075,1.3668696269321345,1.0224911166712807,46.645323780337804,1.2468176626391352,0.3897360191228297,447308.0820292231,0.6277675066901585,-0.20897963831567706
COBERTURA,f1350_w0.45_k12-25_e11,periodo_ou_espaco,validacao_3,90,0.23413908978756515,0.4385814228114926,1.1298095328235196,1.032213720637258,42.24507670992023,1.1830017238663935,0.33999333628411826,428067.48626192677,0.5454864187856012,-0.13774187923013562
COBERTURA,f1800_w0.45_k16-16_e12.8,periodo_ou_espaco,validacao_1,90,0.22809452774766764,0.3413672486101593,0.6485419809438322,0.894105700953034,36.313217084442776,1.2193784031906312,0.3099895114457431,666111.4430830636,0.5559088043523973,-0.06435055338283417
COBERTURA,f1800_w0.45_k16-16_e12.8,periodo_ou_espaco,validacao_2,90,0.29815973502708704,0.47630477255145987,1.3605340697563,1.005337448041466,47.37760176738331,1.2452092974898425,0.3894733847182797,444070.758010287,0.6202308294217233,-0.20950575428870996
COBERTURA,f1800_w0.45_k16-16_e12.8,periodo_ou_espaco,validacao_3,90,0.23362331427884014,0.44431126547533817,1.1821294559256301,1.0051443541678386,44.20372692071523,1.1964350123350396,0.3472683727948148,391827.2329644676,0.5500164297315108,-0.14836010923170614
COBERTURA,f450_w0.25_k5-5_e4,periodo_ou_espaco,validacao_1,90,0.25178457588425496,0.3673589641247326,0.6539760964961763,0.9013794852395971,39.42949880600376,1.1930281396377844,0.32711951259661687,615722.7804672553,0.5658550885558989,-0.019916821988369793
COBERTURA,f450_w0.25_k5-5_e4,periodo_ou_espaco,validacao_2,90,0.30124440808175956,0.4748848020787449,1.032827452006926,0.9987971209977817,47.545671898247235,1.2354708382975033,0.4031764589070207,446249.94942694734,0.6283685116782269,-0.1799683980224966
COBERTURA,f450_w0.25_k5-5_e4,periodo_ou_espaco,validacao_3,90,0.2548066600634559,0.4376180317894071,1.1236031660120844,1.0318547154528046,42.220120426827314,1.153575195705537,0.34105034445398713,491988.8743379325,0.5337125771331369,-0.09593468620703176
COBERTURA,f900_w0.25_k5-15_e5,periodo_ou_espaco,validacao_1,90,0.24783400623869606,0.36420034907014204,0.668781888996283,0.882343286729778,40.12923102685791,1.1998728348932957,0.3263520645952069,655746.893443617,0.5803699746506039,-0.025065937159121757
COBERTURA,f900_w0.25_k5-15_e5,periodo_ou_espaco,validacao_2,90,0.2943515404625289,0.48218178832656644,1.1186909133830198,1.0110763284269972,47.68994929163564,1.235980615144313,0.3972369389090329,446987.30909438996,0.6279018673933074,-0.18229522878539572
COBERTURA,f900_w0.25_k5-15_e5,periodo_ou_espaco,validacao_3,90,0.23086718357367192,0.4257577130952653,1.1630984236359756,0.9972978977686219,42.69112709932166,1.1632913053816973,0.3361260186891067,452145.84608795546,0.5198333760443474,-0.11524016558276275
COBERTURA,baseline,decil_valor,1,8,0.35349555140716576,0.6559034475577168,1.6025562713320383,1.3392154032111003,45.341218254621964,1.059797945877402,0.44249979582332366,187688.23344938862,0.7309339391322633,2.111066308344259
COBERTURA,baseline,decil_valor,2,7,0.1770213926697749,0.2953924145250034,0.6184270104007306,1.162005831702999,19.594193005194676,1.003142014850638,0.25061277276069777,111119.993329963,0.37624063833952026,1.3999689828440849
COBERTURA,baseline,decil_valor,3,8,0.39114855699030315,0.43799200390369075,0.6597317646956804,1.391148556990303,10.354578148768496,1.002022990435028,0.35295459041137256,174640.99697183282,0.5449163622248506,0.9132928318030129
COBERTURA,baseline,decil_valor,4,7,0.10070339682060525,0.6219486488490427,1.6849519710946823,1.0289201842921347,60.04520111297121,1.015502233542483,0.323216715557069,540382.8818633232,0.4952763128618897,2.429434983003469
COBERTURA,baseline,decil_valor,5,8,0.11656378861011918,0.12274333313666762,0.20667976891358814,0.9477385824761821,12.951180357770472,0.9964541574625797,0.12323567666002927,74552.06503973232,0.1842279853414694,0.6593975477332304
COBERTURA,baseline,decil_valor,6,7,0.123956282292364,0.3064004999919944,0.6646556222335884,0.8871047973310464,29.581256139774553,1.036677704634087,0.24638921754152934,292799.02184837713,0.39824897819735383,2.214480052546378
COBERTURA,baseline,decil_valor,7,7,0.2344590073912065,0.3399488987470877,0.6526044108950093,0.834176086326008,37.91283080472207,1.0094346647225911,0.3083420849457463,368451.88364331226,0.4984747621919129,1.8354082858211132
COBERTURA,baseline,decil_valor,8,8,0.10582347227901895,0.12436405692453649,0.23285464794662328,0.9804067182017604,12.50117677574952,0.9908000027989411,0.1321460039459434,161461.4435794174,0.17791412257665945,0.6172623060218236
COBERTURA,baseline,decil_valor,9,7,0.3137830360080123,0.3491990870782513,0.6287147295928992,0.8609455086289662,36.87789152707596,1.0133755153226771,0.4084318984062084,568428.7176549777,0.5821320861599565,1.5213198366303544
COBERTURA,baseline,decil_valor,10,8,0.4051084739649722,0.4161825821211764,0.7080146318031046,0.6320105495368313,44.145271505755225,1.0512287959159403,0.5256854524361964,1315745.2082028154,0.8904531084094007,0.30999277163979183
COBERTURA,baseline,bairro,auxiliadora,4,0.4227655462029186,0.5597842396543828,0.8998905936850058,1.4227655462029185,25.64079266096922,1.1389895887861672,0.4508450345392635,495299.08773205447,0.7563190607276187,-0.05986888856819885
COBERTURA,baseline,bairro,bela vista,2,0.14595383210934948,0.14595383210934948,0.15428668157527048,0.8540461678906506,1.2196134382438768,1.0042089116560582,0.15784440427171784,260559.23232784856,0.2418784902951522,
COBERTURA,baseline,bairro,boa vista,2,0.07666409540998148,0.07666409540998148,0.09061824556943548,1.0174426876993174,7.534979251100367,1.052360661037466,0.07549288204428875,215234.08508628845,0.12849442987706786,
COBERTURA,baseline,bairro,bom fim,1,0.6970742917527806,0.6970742917527806,0.6970742917527806,1.6970742917527806,0.0,1.0,0.5289057635806957,202151.54460830637,0.7933586453710436,
COBERTURA,baseline,bairro,bom jesus,2,0.3556214229938181,0.3556214229938181,0.5453377259567281,1.2371453787036375,28.74532202241758,0.8761597279770259,0.29578786612903135,567162.4484391414,0.5401579104470818,
COBERTURA,baseline,bairro,centro historic,4,0.07568096147532183,0.08172405175668734,0.1574914977074859,0.9243190385246782,7.596132833658305,1.026997554454234,0.08825695124168678,79732.25026745386,0.15991605174523837,-0.09803991132757608
COBERTURA,baseline,bairro,chacara pedras,2,0.11430797225105988,0.11430797225105988,0.13410518754703898,0.9752534808800262,11.720847399376966,1.0149262840764306,0.11774967186514798,162729.85999106377,0.16698871272068916,
COBERTURA,baseline,bairro,cidade baixa,3,0.1770213926697749,0.7267641372123768,1.5038535982775656,0.8322906307121574,80.60417711808202,1.2088574815746413,0.47354622862790047,213560.427916929,0.8616813048414347,
COBERTURA,baseline,bairro,cristal,1,0.08537192856693099,0.08537192856693099,0.08537192856693099,1.085371928566931,0.0,1.0,0.08192271955883355,37563.648569449666,0.12288407933825032,
COBERTURA,baseline,bairro,cristo redentor,4,0.19310301594689588,0.23776280041782194,0.3827718417901362,1.0554013935298534,22.528187083646912,1.029346736885953,0.21800784629208783,114419.75595786881,0.31575107768373123,-0.10273523556397642
COBERTURA,baseline,bairro,floresta,2,0.6730211270464324,0.6730211270464324,1.2033350703776406,1.6730211270464324,39.62247806961572,0.9598654665159302,0.4292404028079023,519558.21952986973,0.8060931947579674,
COBERTURA,baseline,bairro,higienopolis,4,0.30294543550125086,0.27564970801090305,0.3965857462619776,0.9274414859831026,29.721520136519448,1.0361705629893034,0.2979449826895103,421032.10989074665,0.4276774534087231,0.07918530066893945
COBERTURA,baseline,bairro,independencia,2,0.2075754314112,0.2075754314112,0.2796036473811689,1.0900352699624611,19.043001371721534,1.0603545046331733,0.19278332566512263,131450.9031702962,0.3127975011076272,
COBERTURA,baseline,bairro,jar sao pedro,1,0.22330777114515576,0.22330777114515576,0.22330777114515576,0.7766922288548442,0.0,1.0,0.2527111089434705,60293.098209192045,0.37906666341520573,
COBERTURA,baseline,bairro,jardim botanico,1,0.06453318127520014,0.06453318127520014,0.06453318127520014,1.0645331812752001,0.0,1.0,0.06253637562670766,38074.57695236814,0.0938045634400615,
COBERTURA,baseline,bairro,jardim do salso,1,0.5659954894993637,0.5659954894993637,0.5659954894993637,1.5659954894993637,0.0,1.0,0.4485217172958578,181118.5566397964,0.6727825759437868,
COBERTURA,baseline,bairro,jardim itu,2,0.12673312829785893,0.12673312829785893,0.1501231905409726,1.029237577803892,12.313301712931269,1.0549577474728065,0.12376104388666875,60805.28302811071,0.19570381254872043,
COBERTURA,baseline,bairro,medianeira,1,0.941079337209046,0.941079337209046,0.941079337209046,1.941079337209046,0.0,1.0,0.6632441777508401,329016.39355767786,0.9948662666262602,
COBERTURA,baseline,bairro,menino deus,2,0.2978551801667972,0.2978551801667972,0.38185180903035604,0.7021448198332028,14.953579819102089,1.050591878070246,0.3649229760004996,440416.53993909206,0.6037915750122345,
COBERTURA,baseline,bairro,moinhos vento,6,0.612601097867541,0.5833951500032241,1.1008821145853196,0.7080048971702991,78.94394429556824,1.6665291209120117,0.6871461514639082,1352059.2749760414,1.3125296928592074,-0.8495930777512145
COBERTURA,baseline,bairro,mont serrat,1,0.3331279346800917,0.3331279346800917,0.3331279346800917,0.6668720653199083,0.0,1.0,0.40515705758073817,1195929.2855015295,0.6077355863711073,
COBERTURA,baseline,bairro,partenon,2,0.29354641846602936,0.29354641846602936,0.3725855734364327,1.2935464184660295,7.637835202710884,0.9856333866836273,0.2544622405036373,114186.00996427692,0.4094860386317286,
COBERTURA,baseline,bairro,passo da areia,3,0.1620058317029991,0.2528614553470428,0.4193478316759405,1.162005831702999,17.113469314917367,1.0895674566872087,0.22148918876513343,86658.291355301,0.38223709497781233,
COBERTURA,baseline,bairro,petropolis,7,0.2893402330724082,0.6935675510038948,1.6313163190219562,1.0289201842921347,67.00578982025989,1.2197339675880934,0.41922709721960644,574159.8640009965,0.7003129033555837,1.0278437895337584
COBERTURA,baseline,bairro,rio branco,2,0.3660280303048883,0.3660280303048883,0.5045289929557967,1.3660280303048884,12.673693326409625,1.0769973736938399,0.30381095773527156,210936.57080079245,0.5285373113310956,
COBERTURA,baseline,bairro,santa cecilia,1,0.00665347430143548,0.00665347430143548,0.00665347430143548,1.0066534743014355,0.0,1.0,0.006631437634223309,5189.709955119761,0.009947156451334963,
COBERTURA,baseline,bairro,santana,2,0.414797444763372,0.414797444763372,0.6660726831175854,1.3140940479427667,31.565278407032082,0.8365371980058913,0.3268114103642904,876649.845543764,0.6315404974796937,
COBERTURA,baseline,bairro,santo antonio,1,0.2322550772494968,0.2322550772494968,0.2322550772494968,0.7677449227505032,0.0,1.0,0.2642977328377409,192771.7141170823,0.3964465992566113,
COBERTURA,baseline,bairro,sarandi,2,0.4987600796719582,0.4987600796719582,0.8183854396488978,1.3995316999711744,35.63764076813915,1.0718612451003442,0.3727289727581266,114974.79155734267,0.6645902243651728,
COBERTURA,baseline,bairro,tres figueiras,1,0.06823028143577181,0.06823028143577181,0.06823028143577181,0.9317697185642282,0.0,1.0,0.07066957791219261,21697.229496575426,0.10600436686828892,
COBERTURA,baseline,bairro,tristeza,4,0.12021348049171154,0.1434278944172877,0.29339962766444694,0.8878214736205375,15.749172401233217,1.0149358222564187,0.16742450474019782,172244.23292967878,0.2737024260496071,-0.021029048790131545
COBERTURA,baseline,bairro,vila sao jose,1,0.24144890851258283,0.24144890851258283,0.24144890851258283,1.2414489085125828,0.0,1.0,0.21627917208873362,67605.6943835232,0.32441875813310045,
COBERTURA,baseline,bairro,vl joao pessoa,1,0.3592889203234171,0.3592889203234171,0.3592889203234171,1.359288920323417,0.0,1.0,0.3069617103094525,122158.23290996178,0.4604425654641788,
COBERTURA,baseline,tile,-3336|-4924,1,0.8982917796431327,0.8982917796431327,0.8982917796431327,1.8982917796431327,0.0,1.0,0.6409544184268198,160515.09336851444,0.9614316276402297,
COBERTURA,baseline,tile,-3337|-4925,1,0.09922837970078369,0.09922837970078369,0.09922837970078369,0.9007716202992163,0.0,1.0,0.10450352708943343,25948.221291754948,0.15675529063415014,
COBERTURA,baseline,tile,-3337|-4927,1,0.4501936368474382,0.4501936368474382,0.4501936368474382,1.4501936368474382,0.0,1.0,0.3716970901698623,189081.32747592404,0.5575456352547934,
COBERTURA,baseline,tile,-3337|-4928,2,0.2982892671690647,0.2982892671690647,0.4466045187691535,1.185394064500111,25.16372201465808,1.125921690837856,0.25715994460049724,100016.8695779747,0.46440787171836834,
COBERTURA,baseline,tile,-3338|-4925,2,0.12673312829785893,0.12673312829785893,0.1501231905409726,1.029237577803892,12.313301712931269,1.0549577474728065,0.12376104388666875,60805.28302811071,0.19570381254872043,
COBERTURA,baseline,tile,-3338|-4926,1,0.11465153293005781,0.11465153293005781,0.11465153293005781,0.8853484670699422,0.0,1.0,0.12177396337101913,56179.25113572832,0.1826609450565287,
COBERTURA,baseline,tile,-3338|-4927,2,0.19310301594689588,0.19310301594689588,0.21898405918119096,1.032351304042869,18.7051651110112,1.0440016464980633,0.1892801658137349,82035.5580087201,0.2734931218870673,
COBERTURA,baseline,tile,-3338|-4928,2,0.19265680142407743,0.19265680142407743,0.2171775772009401,0.9693490302789216,19.874863996990037,0.9864785333202141,0.2014293930189381,55486.42930108578,0.2734886779025461,
COBERTURA,baseline,tile,-3338|-4930,4,0.30294543550125086,0.2877030477410445,0.4303350975063738,1.2303869214843535,19.752490360442213,1.0054009388352065,0.26100142101737067,274019.5503663826,0.4167401950677608,0.01778990787579618
COBERTURA,baseline,tile,-3338|-4931,2,0.6730211270464324,0.6730211270464324,1.2033350703776406,1.6730211270464324,39.62247806961572,0.9598654665159302,0.4292404028079023,519558.21952986973,0.8060931947579674,
COBERTURA,baseline,tile,-3339|-4929,3,0.09410678310929899,0.18689805750122054,0.3447141419688187,0.940778592289336,17.768005100707406,0.9888772260953446,0.2247213347958903,421725.0768769346,0.30525762324516315,
COBERTURA,baseline,tile,-3339|-4930,1,1.0903097021481805,1.0903097021481805,1.0903097021481805,2.0903097021481805,0.0,1.0,0.7373122378447455,850441.5676755807,1.1059683567671184,
COBERTURA,baseline,tile,-3339|-4931,7,0.5425655742990176,0.5945198531615989,1.020519172808617,0.6967038359364861,77.41542287317245,1.687759964948909,0.6830054923045491,1264533.304332852,1.318942577636653,-0.7852148638103911
COBERTURA,baseline,tile,-3339|-4932,1,0.03197984375323926,0.03197984375323926,0.03197984375323926,0.9680201562467607,0.0,1.0,0.032502369353379,30476.791096837027,0.04875355403006851,
COBERTURA,baseline,tile,-3340|-4927,1,0.13905449137103376,0.13905449137103376,0.13905449137103376,0.8609455086289662,0.0,1.0,0.14972406502530547,205800.6472291299,0.22458609753795822,
COBERTURA,baseline,tile,-3340|-4929,1,3.5370894724655457,3.5370894724655457,3.5370894724655457,4.537089472465546,0.0,1.0,1.5122857211101564,1414835.7889862184,2.2684285816652343,
COBERTURA,baseline,tile,-3340|-4930,2,0.24474891431092122,0.24474891431092122,0.31545213060625765,0.7552510856890788,11.701938870903431,1.0297051673443514,0.28759910049817977,879030.1484126389,0.47184271625664004,
COBERTURA,baseline,tile,-3340|-4931,2,0.3660280303048883,0.3660280303048883,0.5045289929557967,1.3660280303048884,12.673693326409625,1.0769973736938399,0.30381095773527156,210936.57080079245,0.5285373113310956,
COBERTURA,baseline,tile,-3340|-4932,1,0.11754016144873891,0.11754016144873891,0.11754016144873891,0.8824598385512611,0.0,1.0,0.12504199993402207,109774.66498734546,0.1875629999010331,
COBERTURA,baseline,tile,-3340|-4933,4,0.23266003533075186,0.2939267728948224,0.5772352146390448,1.142148986104328,25.734538704740757,1.0362241222481778,0.24660153408043312,131436.85604261127,0.39518538987637103,-0.10485022303356989
COBERTURA,baseline,tile,-3340|-4934,3,0.1380491937856384,0.1045278259539147,0.16026896969632126,0.8619508062143616,6.037217829848083,1.0305869481954073,0.11320855567320104,92006.14258325174,0.21764438617679613,
COBERTURA,baseline,tile,-3341|-4927,2,0.10401874871063327,0.10401874871063327,0.11558458517427109,0.9855427044204528,10.554463874987677,0.9567241001977134,0.10593919007189895,82396.13803826894,0.16172687287520626,
COBERTURA,baseline,tile,-3341|-4928,2,0.33049854156661373,0.33049854156661373,0.5403131496712873,1.262268260130842,26.182908340922356,0.8605889213747562,0.26807110436572396,566059.6773949905,0.5250526956122593,
COBERTURA,baseline,tile,-3341|-4929,2,0.21886965915018813,0.21886965915018813,0.29480036063644743,0.7811303408498118,12.150773295346003,1.036524256647176,0.25445035522580556,292909.9859932147,0.42627044269010445,
COBERTURA,baseline,tile,-3341|-4930,3,0.13553777027694824,0.1512660625471637,0.2585797405133162,1.0289201842921347,13.764527441347305,1.0185282381799865,0.14276273099828884,154628.1745144186,0.20060833416211843,
COBERTURA,baseline,tile,-3341|-4931,2,0.18372717884716516,0.18372717884716516,0.3253861424837489,0.8229262954542703,22.326079487561447,0.9985616795206317,0.2270853520970924,196480.33094145695,0.38106454787563054,
COBERTURA,baseline,tile,-3341|-4932,1,0.7288914927061387,0.7288914927061387,0.7288914927061387,1.7288914927061387,0.0,1.0,0.5474804474768541,1239115.5376004358,0.8212206712152812,
COBERTURA,baseline,tile,-3341|-4933,2,1.006291521174644,1.006291521174644,1.6697076239785393,1.8292701285048691,55.010547949915065,1.1432119237655491,0.6185325512430159,256055.23478873947,1.12493833519735,
COBERTURA,baseline,tile,-3342|-4928,1,0.5659954894993637,0.5659954894993637,0.5659954894993637,1.5659954894993637,0.0,1.0,0.4485217172958578,181118.5566397964,0.6727825759437868,
COBERTURA,baseline,tile,-3342|-4930,2,0.13280797338955208,0.13280797338955208,0.18742780708103363,1.1328079733895522,6.027040214950312,1.0128348851248115,0.1228799150875857,61004.27998518722,0.20667386494582232,
COBERTURA,baseline,tile,-3342|-4931,1,0.10070339682060525,0.10070339682060525,0.10070339682060525,0.8992966031793947,0.0,1.0,0.10614237325172673,40281.35872824211,0.15921355987759012,
COBERTURA,baseline,tile,-3343|-4926,1,0.19474747475302512,0.19474747475302512,0.19474747475302512,1.1947474747530251,0.0,1.0,0.1779348448543322,51608.08080955164,0.2669022672814983,
COBERTURA,baseline,tile,-3343|-4928,1,0.24144890851258283,0.24144890851258283,0.24144890851258283,1.2414489085125828,0.0,1.0,0.21627917208873362,67605.6943835232,0.32441875813310045,
COBERTURA,baseline,tile,-3343|-4931,1,0.3923453621790336,0.3923453621790336,0.3923453621790336,1.3923453621790336,0.0,1.0,0.3309896361529424,153014.69124982308,0.4964844542294136,
COBERTURA,baseline,tile,-3343|-4932,1,0.2322550772494968,0.2322550772494968,0.2322550772494968,0.7677449227505032,0.0,1.0,0.2642977328377409,192771.7141170823,0.3964465992566113,
COBERTURA,baseline,tile,-3343|-4933,1,0.4028509662462457,0.4028509662462457,0.4028509662462457,0.5971490337537543,0.0,1.0,0.5155885589653776,604880.7258187379,0.7733828384480663,
COBERTURA,baseline,tile,-3343|-4934,1,0.19285939408734865,0.19285939408734865,0.19285939408734865,0.8071406059126514,0.0,1.0,0.2142573930356216,148501.73344725848,0.3213860895534324,
COBERTURA,baseline,tile,-3344|-4928,1,0.3592889203234171,0.3592889203234171,0.3592889203234171,1.359288920323417,0.0,1.0,0.3069617103094525,122158.23290996178,0.4604425654641788,
COBERTURA,baseline,tile,-3344|-4932,1,0.941079337209046,0.941079337209046,0.941079337209046,1.941079337209046,0.0,1.0,0.6632441777508401,329016.39355767786,0.9948662666262602,
COBERTURA,baseline,tile,-3346|-4935,1,0.08537192856693099,0.08537192856693099,0.08537192856693099,1.085371928566931,0.0,1.0,0.08192271955883355,37563.648569449666,0.12288407933825032,
COBERTURA,baseline,tile,-3348|-4936,4,0.12021348049171154,0.1434278944172877,0.29339962766444694,0.8878214736205375,15.749172401233217,1.0149358222564187,0.16742450474019782,172244.23292967878,0.2737024260496071,-0.021029048790131545
COBERTURA,f0_w0.25_k16-16_e12.8,decil_valor,1,8,0.27125913167767374,0.692751303878189,1.9315202563619214,1.2165881390867213,56.940821912021065,1.0661198517948203,0.426228266803299,216553.44270282387,0.6986183637722728,2.4647686248285914
COBERTURA,f0_w0.25_k16-16_e12.8,decil_valor,2,7,0.23962241747243174,0.3284783301036104,0.6771870462768352,1.2396224174724317,22.384569230195865,1.0049568286535386,0.273975553861833,124865.87252128177,0.43981268455390327,1.4549320084176296
COBERTURA,f0_w0.25_k16-16_e12.8,decil_valor,3,8,0.39214101338081897,0.47182049074541166,0.9640793704776076,1.392141013380819,16.464063860914973,1.0062912235336376,0.3637259407524141,200943.79005985108,0.5734432883526497,1.3904571635630905
COBERTURA,f0_w0.25_k16-16_e12.8,decil_valor,4,7,0.11228365564464104,0.6011737423924819,1.637820698403122,1.007341053481066,59.575157628368736,1.016693046930541,0.3095746254741993,533806.3625026832,0.47044726380194146,2.4758904440106653
COBERTURA,f0_w0.25_k16-16_e12.8,decil_valor,5,8,0.1394997603330081,0.12042081147492262,0.20587160533723547,0.9716830756769026,12.393013163374693,0.9996233740760325,0.12217072239260382,71376.53162996484,0.16770439449327856,0.6061329210040763
COBERTURA,f0_w0.25_k16-16_e12.8,decil_valor,6,7,0.1126187373918488,0.2816703514477502,0.6298519603158997,0.9500611390695748,28.896690662092716,1.0351139955360151,0.22362199139026537,276966.6717697,0.33873396845041404,2.1917897580308514
COBERTURA,f0_w0.25_k16-16_e12.8,decil_valor,7,7,0.24875729117541034,0.30622112810246327,0.5585132067773256,0.8324440543975472,33.6479760857841,1.0082473647995225,0.2907090594705072,309415.49841088185,0.4706304009052262,1.734373058058283
COBERTURA,f0_w0.25_k16-16_e12.8,decil_valor,8,8,0.08289685766464405,0.11340180354307694,0.26835770997632596,0.9928392303001028,11.421970454249605,0.9925296077132103,0.11647594531718396,160415.64527352463,0.1523733546939979,0.5990366799591519
COBERTURA,f0_w0.25_k16-16_e12.8,decil_valor,9,7,0.3181961057194159,0.33055864716634975,0.555192521638944,0.8495467417338857,34.41303229054226,1.0127420836509349,0.3656366624854259,518806.69246438827,0.539526194774891,1.6053613293059523
COBERTURA,f0_w0.25_k16-16_e12.8,decil_valor,10,8,0.4191105869925229,0.4529785364487706,0.7228487663694686,0.6283278727564207,47.05326150199433,1.1040396422441612,0.5788872451965095,1540972.6311807332,0.9783549056611571,0.2949935849858618
COBERTURA,f0_w0.25_k16-16_e12.8,bairro,auxiliadora,4,0.3546550127024611,0.4587652407368512,0.7139801933773418,1.3322567018485016,24.174432621298724,1.1346025978206808,0.39281599653706323,419019.05722822266,0.6598304421898902,-0.08590415507012007
COBERTURA,f0_w0.25_k16-16_e12.8,bairro,bela vista,2,0.10037608301734247,0.10037608301734247,0.10399068004410006,0.8996239169826575,0.5022372347103897,1.0017289509423655,0.10579108528016654,176261.46046029142,0.16079964388510445,
COBERTURA,f0_w0.25_k16-16_e12.8,bairro,boa vista,2,0.12018529487621943,0.12018529487621943,0.1499974627676838,0.9627347901356695,12.483738627465907,1.089839125833494,0.12549202265446477,547351.6738878435,0.2187050687905692,
COBERTURA,f0_w0.25_k16-16_e12.8,bairro,bom fim,1,0.8429217825449256,0.8429217825449256,0.8429217825449256,1.8429217825449256,0.0,1.0,0.6113522374967436,244447.31693802844,0.9170283562451154,
COBERTURA,f0_w0.25_k16-16_e12.8,bairro,bom jesus,2,0.30473870904965744,0.30473870904965744,0.49690923559417505,1.240213158180647,24.571478462355564,0.8922030608733456,0.25084710106808084,520631.08640229376,0.47694819332038496,
COBERTURA,f0_w0.25_k16-16_e12.8,bairro,centro historic,4,0.12764997406701156,0.1155033855786318,0.1601940496685316,0.8723500259329884,4.560409501305116,1.020359163927922,0.1241933954639981,84710.26065804971,0.21395402748846595,-0.0842545892350105
COBERTURA,f0_w0.25_k16-16_e12.8,bairro,chacara pedras,2,0.08400287268471868,0.08400287268471868,0.1371631811498352,0.9335496144186044,8.998222631909494,1.0114194776396845,0.09022626906166806,158097.66576303952,0.15277979372824452,
COBERTURA,f0_w0.25_k16-16_e12.8,bairro,cidade baixa,3,0.1851337290862054,0.83867471760071,1.7600219535657915,0.8228535859697635,94.74661424792191,1.23329459899773,0.5160995274938379,249225.16916368055,0.9552991237305791,
COBERTURA,f0_w0.25_k16-16_e12.8,bairro,cristal,1,0.036684450283129166,0.036684450283129166,0.036684450283129166,1.0366844502831292,0.0,1.0,0.036027591989845335,16141.158124576788,0.054041387984768,
COBERTURA,f0_w0.25_k16-16_e12.8,bairro,cristo redentor,4,0.202002929216748,0.23771114965190396,0.34952099187964764,1.0451048238935812,22.74519686611925,1.030915246738519,0.22273822424476797,109135.99449826729,0.3168833099493661,-0.25561171802753935
COBERTURA,f0_w0.25_k16-16_e12.8,bairro,floresta,2,0.6984344367549811,0.6984344367549811,1.154640410782923,1.698434436754981,33.57547722739642,0.9657810185674945,0.4699032200776635,495051.0637416356,0.8361044464062981,
COBERTURA,f0_w0.25_k16-16_e12.8,bairro,higienopolis,4,0.2855197274035791,0.23780772034013387,0.3695186410948315,0.9027585876066269,26.342338207006627,1.021486870640415,0.2525685383287697,391457.41496660234,0.3802040780085818,0.1127843369270995
COBERTURA,f0_w0.25_k16-16_e12.8,bairro,independencia,2,0.16856680678685243,0.16856680678685243,0.23712134796241507,1.1685668067868524,7.333185913869947,1.022409954256615,0.1530820101314913,105875.13469437002,0.26038526853585026,
COBERTURA,f0_w0.25_k16-16_e12.8,bairro,jar sao pedro,1,0.1094060579740962,0.1094060579740962,0.1094060579740962,0.8905939420259038,0.0,1.0,0.11586668824443382,29539.63565300597,0.17380003236665073,
COBERTURA,f0_w0.25_k16-16_e12.8,bairro,jardim botanico,1,0.10506575632410287,0.10506575632410287,0.10506575632410287,1.1050657563241029,0.0,1.0,0.09990484118479966,61988.79623122071,0.1498572617771995,
COBERTURA,f0_w0.25_k16-16_e12.8,bairro,jardim do salso,1,0.5666972220981081,0.5666972220981081,0.5666972220981081,1.5666972220981081,0.0,1.0,0.4489697233245906,181343.11107139458,0.6734545849868859,
COBERTURA,f0_w0.25_k16-16_e12.8,bairro,jardim itu,2,0.17612057743214027,0.17612057743214027,0.22692204946437344,1.0635018400402916,16.56043937126313,1.0753421223979638,0.1671436932010097,77823.20065509243,0.2756477667152165,
COBERTURA,f0_w0.25_k16-16_e12.8,bairro,medianeira,1,0.9075592394424008,0.9075592394424008,0.9075592394424008,1.9075592394424008,0.0,1.0,0.6458245397584136,317297.2310568944,0.9687368096376203,
COBERTURA,f0_w0.25_k16-16_e12.8,bairro,menino deus,2,0.2901643176493148,0.2901643176493148,0.3591288403021852,0.7098356823506853,12.144451942822906,1.0407010392195433,0.3501510769466391,414743.40884039644,0.5718203724432516,
COBERTURA,f0_w0.25_k16-16_e12.8,bairro,moinhos vento,6,0.6120437994131919,0.6408131141633924,1.258168996255232,0.6854798208726955,88.40455952601506,1.8553515424551592,0.6991094761688282,1517781.848195757,1.4179760781679291,-1.2353304279775523
COBERTURA,f0_w0.25_k16-16_e12.8,bairro,mont serrat,1,0.461851203019643,0.461851203019643,0.461851203019643,0.538148796980357,0.0,1.0,0.6196201827470461,1658045.8188405184,0.9294302741205691,
COBERTURA,f0_w0.25_k16-16_e12.8,bairro,partenon,2,0.19661608993416146,0.19661608993416146,0.35385770364773766,1.1966160899341616,16.425653874734763,0.9696060803979857,0.16582221906920902,108424.61618206541,0.3120678742106214,
COBERTURA,f0_w0.25_k16-16_e12.8,bairro,passo da areia,3,0.05866846281391647,0.18251267586906547,0.35822345686778434,1.0586684628139165,11.881429651930317,1.0423489905106817,0.15703959458013425,66754.31227669738,0.23598754985965786,
COBERTURA,f0_w0.25_k16-16_e12.8,bairro,petropolis,7,0.3005530345199754,0.6552236761292419,1.6177836105311587,1.007341053481066,64.94076181475424,1.2080031842992796,0.3852057331796259,566421.3691278592,0.6456991250250228,1.0149262241476356
COBERTURA,f0_w0.25_k16-16_e12.8,bairro,rio branco,2,0.6771131790707976,0.6771131790707976,1.0121903767952982,1.6771131790707976,24.97425351983026,1.1639822967651716,0.4848733262238666,345057.3364980452,0.8817695149251238,
COBERTURA,f0_w0.25_k16-16_e12.8,bairro,santa cecilia,1,0.00764395832813114,0.00764395832813114,0.00764395832813114,0.9923560416718689,0.0,1.0,0.007673323115444659,5962.287495942321,0.011509984673166988,
COBERTURA,f0_w0.25_k16-16_e12.8,bairro,santana,2,0.41752225504998014,0.41752225504998014,0.7416623845256197,1.4051751618445494,29.713182127550976,0.8446382914259297,0.3063707264657633,988955.5341455832,0.6351580648440543,
COBERTURA,f0_w0.25_k16-16_e12.8,bairro,santo antonio,1,0.24875729117541034,0.24875729117541034,0.24875729117541034,0.7512427088245897,0.0,1.0,0.2860264985713785,206468.55167559057,0.4290397478570678,
COBERTURA,f0_w0.25_k16-16_e12.8,bairro,sarandi,2,0.4851224658383918,0.4851224658383918,0.8343169788942023,1.436493141319763,33.771304010034505,1.067842568747653,0.3515089061106051,116794.98983163384,0.6498597396263612,
COBERTURA,f0_w0.25_k16-16_e12.8,bairro,tres figueiras,1,0.13333742771482748,0.13333742771482748,0.13333742771482748,0.8666625722851725,0.0,1.0,0.14310556793817222,42401.302013315144,0.21465835190725835,
COBERTURA,f0_w0.25_k16-16_e12.8,bairro,tristeza,4,0.10376760197791424,0.12683258707441578,0.25703076271912667,0.8962323980220858,12.373528793156199,1.0147950374792734,0.14465056061150391,152595.7420016362,0.23770547530963593,-0.08184542194458544
COBERTURA,f0_w0.25_k16-16_e12.8,bairro,vila sao jose,1,0.2809545840508272,0.2809545840508272,0.2809545840508272,1.2809545840508272,0.0,1.0,0.24760556877387174,78667.2835342316,0.3714083531608076,
COBERTURA,f0_w0.25_k16-16_e12.8,bairro,vl joao pessoa,1,0.4074068821447183,0.4074068821447183,0.4074068821447183,1.4074068821447183,0.0,1.0,0.3417489205090237,138518.33992920426,0.5126233807635356,
COBERTURA,f0_w0.25_k16-16_e12.8,tile,-3336|-4924,1,0.9216156071581549,0.9216156071581549,0.9216156071581549,1.921615607158155,0.0,1.0,0.6531662942705049,164682.81084754143,0.9797494414057573,
COBERTURA,f0_w0.25_k16-16_e12.8,tile,-3337|-4925,1,0.04862932451862867,0.04862932451862867,0.04862932451862867,0.9513706754813713,0.0,1.0,0.04985151795070528,12716.568361621408,0.07477727692605793,
COBERTURA,f0_w0.25_k16-16_e12.8,tile,-3337|-4927,1,0.39601618872815747,0.39601618872815747,0.39601618872815747,1.3960161887281575,0.0,1.0,0.3336226007830832,166326.79926582612,0.5004339011746248,
COBERTURA,f0_w0.25_k16-16_e12.8,tile,-3337|-4928,2,0.24443478239663996,0.24443478239663996,0.395376720784329,1.24443478239664,15.16169635030934,1.0722541885185113,0.20705341620621046,80739.2083345279,0.3891799508247221,
COBERTURA,f0_w0.25_k16-16_e12.8,tile,-3338|-4925,2,0.17612057743214027,0.17612057743214027,0.22692204946437344,1.0635018400402916,16.56043937126313,1.0753421223979638,0.1671436932010097,77823.20065509243,0.2756477667152165,
COBERTURA,f0_w0.25_k16-16_e12.8,tile,-3338|-4926,1,0.15082255144596235,0.15082255144596235,0.15082255144596235,0.8491774485540377,0.0,1.0,0.1634871056125355,73903.05020852154,0.24523065841880323,
COBERTURA,f0_w0.25_k16-16_e12.8,tile,-3338|-4927,2,0.202002929216748,0.202002929216748,0.23322634522984925,1.0390292700163766,19.441505166987657,1.0458131530425465,0.19692159529172654,85195.05911837154,0.28706615959053294,
COBERTURA,f0_w0.25_k16-16_e12.8,tile,-3338|-4928,2,0.08403726039400633,0.08403726039400633,0.10433229845807822,0.9746312024199102,8.622467676527322,0.9940886227467329,0.08643931978620784,24529.21902695065,0.12380801501534248,
COBERTURA,f0_w0.25_k16-16_e12.8,tile,-3338|-4930,4,0.2873371256700617,0.24384262938107146,0.3849624677962707,1.1900957132766887,20.086742054852323,0.9931215805451422,0.22078368231919437,264039.4851660825,0.36146849747502346,0.05044991367365398
COBERTURA,f0_w0.25_k16-16_e12.8,tile,-3338|-4931,2,0.6984344367549811,0.6984344367549811,1.154640410782923,1.698434436754981,33.57547722739642,0.9657810185674945,0.4699032200776635,495051.0637416356,0.8361044464062981,
COBERTURA,f0_w0.25_k16-16_e12.8,tile,-3339|-4929,3,0.1574505047405499,0.20244829109139825,0.3250695277655147,0.8425494952594501,17.79892936319849,1.028630104822993,0.2360760922080604,564798.714678438,0.3803488116631019,
COBERTURA,f0_w0.25_k16-16_e12.8,tile,-3339|-4930,1,0.8523514535309855,0.8523514535309855,0.8523514535309855,1.8523514535309855,0.0,1.0,0.6164558879451453,664834.1337541686,0.924683831917718,
COBERTURA,f0_w0.25_k16-16_e12.8,tile,-3339|-4931,7,0.5705535032519031,0.6272154337243523,1.1425464945187889,0.6818038942805841,82.87548984865415,1.835712563860051,0.6817577041492141,1417071.3317735759,1.3841693946914573,-0.965115748670178
COBERTURA,f0_w0.25_k16-16_e12.8,tile,-3339|-4932,1,0.04596623864080063,0.04596623864080063,0.04596623864080063,0.9540337613591994,0.0,1.0,0.04705621889462766,43805.82542468305,0.07058432834194149,
COBERTURA,f0_w0.25_k16-16_e12.8,tile,-3340|-4927,1,0.15045325826611433,0.15045325826611433,0.15045325826611433,0.8495467417338857,0.0,1.0,0.16305231674242107,222670.8222338492,0.24457847511363162,
COBERTURA,f0_w0.25_k16-16_e12.8,tile,-3340|-4929,1,3.5005274629155663,3.5005274629155663,3.5005274629155663,4.500527462915566,0.0,1.0,1.504194603888489,1400210.9851662265,2.2562919058327333,
COBERTURA,f0_w0.25_k16-16_e12.8,tile,-3340|-4930,2,0.2833727661602162,0.2833727661602162,0.42615551564775767,0.7166272338397838,24.905338289073335,1.0654142284977408,0.36521684130171866,1183411.9508872023,0.6257617575638225,
COBERTURA,f0_w0.25_k16-16_e12.8,tile,-3340|-4931,2,0.6771131790707976,0.6771131790707976,1.0121903767952982,1.6771131790707976,24.97425351983026,1.1639822967651716,0.4848733262238666,345057.3364980452,0.8817695149251238,
COBERTURA,f0_w0.25_k16-16_e12.8,tile,-3340|-4932,1,0.08287363031739914,0.08287363031739914,0.08287363031739914,1.0828736303173991,0.0,1.0,0.07961827636983455,77398.4389016272,0.11942741455475184,
COBERTURA,f0_w0.25_k16-16_e12.8,tile,-3340|-4933,4,0.21969685617125556,0.3563329468442047,0.6663232427583397,1.0556218453834618,33.75573823169265,1.0502162241206372,0.29924140425018897,147473.7182330736,0.4351937952749929,0.18712524057926286
COBERTURA,f0_w0.25_k16-16_e12.8,tile,-3340|-4934,3,0.11228365564464104,0.1063324166083817,0.15650148761089044,0.887716344355359,4.821295970679376,1.027749117527491,0.11414573673937704,90981.62679931092,0.19943603026701257,
COBERTURA,f0_w0.25_k16-16_e12.8,tile,-3341|-4927,2,0.04103901898616674,0.04103901898616674,0.059828244492441715,0.9765134681171563,4.202606551376629,0.9823074918540059,0.04205083377445187,25381.639525731036,0.0733661641563956,
COBERTURA,f0_w0.25_k16-16_e12.8,tile,-3341|-4928,2,0.33914464747256595,0.33914464747256595,0.5037904232787568,1.2058072197577385,28.125942681012,0.8517766952726361,0.2890491619531726,521071.1660533552,0.5331540765739029,
COBERTURA,f0_w0.25_k16-16_e12.8,tile,-3341|-4929,2,0.1752993607848543,0.1752993607848543,0.2755877606683976,0.8247006392151457,15.200727863353261,1.0461149553763327,0.2044234930596986,275395.84137527493,0.3613343525363742,
COBERTURA,f0_w0.25_k16-16_e12.8,tile,-3341|-4930,3,0.09585783673389547,0.13458397491164564,0.25961399496275944,1.007341053481066,13.117400172265217,1.0101671932267233,0.1236241649925014,147526.81283204668,0.1651327124731982,
COBERTURA,f0_w0.25_k16-16_e12.8,tile,-3341|-4931,2,0.1851325003015083,0.1851325003015083,0.32712333388021003,0.8148674996984917,21.781276347264985,0.998596728303313,0.229032106663875,197482.0922366951,0.38655230414198793,
COBERTURA,f0_w0.25_k16-16_e12.8,tile,-3341|-4932,1,0.8226974168945296,0.8226974168945296,0.8226974168945296,1.8226974168945296,0.0,1.0,0.6003175010614458,1398585.6087207003,0.9004762515921687,
COBERTURA,f0_w0.25_k16-16_e12.8,tile,-3341|-4933,2,1.1654452118579621,1.1654452118579621,1.9560842501201428,1.9882987978277258,58.615194714760435,1.1540416481198204,0.6717836592542554,299498.72208476055,1.2335964737003327,
COBERTURA,f0_w0.25_k16-16_e12.8,tile,-3342|-4928,1,0.5666972220981081,0.5666972220981081,0.5666972220981081,1.5666972220981081,0.0,1.0,0.4489697233245906,181343.11107139458,0.6734545849868859,
COBERTURA,f0_w0.25_k16-16_e12.8,tile,-3342|-4930,2,0.08499508723379712,0.08499508723379712,0.10105162250604172,1.0849950872337972,1.849839628442564,0.9961256624748953,0.0814043344742136,47262.066841495274,0.12875759419508423,
COBERTURA,f0_w0.25_k16-16_e12.8,tile,-3342|-4931,1,0.012347093205430704,0.012347093205430704,0.012347093205430704,0.9876529067945693,0.0,1.0,0.012423951870080868,4938.837282172288,0.0186359278051213,
COBERTURA,f0_w0.25_k16-16_e12.8,tile,-3343|-4926,1,6.407279219122763e-05,6.407279219122763e-05,6.407279219122763e-05,1.0000640727921912,0.0,1.0,6.407073961755366e-05,16.97928993066307,9.610610942633048e-05,
COBERTURA,f0_w0.25_k16-16_e12.8,tile,-3343|-4928,1,0.2809545840508272,0.2809545840508272,0.2809545840508272,1.2809545840508272,0.0,1.0,0.24760556877387174,78667.2835342316,0.3714083531608076,
COBERTURA,f0_w0.25_k16-16_e12.8,tile,-3343|-4931,1,0.3931681070761317,0.3931681070761317,0.3931681070761317,1.3931681070761317,0.0,1.0,0.3315803673988005,153335.56175969134,0.4973705510982007,
COBERTURA,f0_w0.25_k16-16_e12.8,tile,-3343|-4932,1,0.24875729117541034,0.24875729117541034,0.24875729117541034,0.7512427088245897,0.0,1.0,0.2860264985713785,206468.55167559057,0.4290397478570678,
COBERTURA,f0_w0.25_k16-16_e12.8,tile,-3343|-4933,1,0.3763699709654028,0.3763699709654028,0.3763699709654028,0.6236300290345972,0.0,1.0,0.4721979886368631,565119.5114045524,0.7082969829552946,
COBERTURA,f0_w0.25_k16-16_e12.8,tile,-3343|-4934,1,0.20395866433322674,0.20395866433322674,0.20395866433322674,0.7960413356667733,0.0,1.0,0.22810416525641516,157048.17153658462,0.34215624788462273,
COBERTURA,f0_w0.25_k16-16_e12.8,tile,-3344|-4928,1,0.4074068821447183,0.4074068821447183,0.4074068821447183,1.4074068821447183,0.0,1.0,0.3417489205090237,138518.33992920426,0.5126233807635356,
COBERTURA,f0_w0.25_k16-16_e12.8,tile,-3344|-4932,1,0.9075592394424008,0.9075592394424008,0.9075592394424008,1.9075592394424008,0.0,1.0,0.6458245397584136,317297.2310568944,0.9687368096376203,
COBERTURA,f0_w0.25_k16-16_e12.8,tile,-3346|-4935,1,0.036684450283129166,0.036684450283129166,0.036684450283129166,1.0366844502831292,0.0,1.0,0.036027591989845335,16141.158124576788,0.054041387984768,
COBERTURA,f0_w0.25_k16-16_e12.8,tile,-3348|-4936,4,0.10376760197791424,0.12683258707441578,0.25703076271912667,0.8962323980220858,12.373528793156199,1.0147950374792734,0.14465056061150391,152595.7420016362,0.23770547530963593,-0.08184542194458544
COBERTURA,baseline,periodo_ou_espaco,teste_espacial,60,0.21931463051386313,0.40114720478011473,0.902575274794662,1.0098189311835806,39.70656017380085,1.2191385353761444,0.3421369632528833,580706.691725397,0.5453611284410537,-0.07536412979362568
COBERTURA,f0_w0.25_k16-16_e12.8,periodo_ou_espaco,teste_espacial,60,0.2585011550009917,0.38651535932077913,0.9089407628425127,1.0228498337792418,37.564893206450634,1.23958197870158,0.3338051052235324,625831.8717008106,0.5464007857277009,-0.10652541965811728
GARAGEM / VAGA NÃO RESIDENCIAL,baseline,periodo_ou_espaco,validacao_1,90,0.3818221766842518,1.021328733108324,1.8404228432454177,1.3818221766842518,68.98331888463645,0.7081091307555784,0.5535611938269601,568904.1906677427,1.0602995429148443,0.14681999960920508
GARAGEM / VAGA NÃO RESIDENCIAL,baseline,periodo_ou_espaco,validacao_2,90,0.48921159236350414,0.7305039735492183,1.4800000000000004,1.3793552621262635,49.28168690920734,1.355236583266093,0.5661160541038412,102961.47742730415,1.0021163853398478,-0.1820390105918559
GARAGEM / VAGA NÃO RESIDENCIAL,baseline,periodo_ou_espaco,validacao_3,90,0.4578971311122855,0.9850724865497786,1.4747245065630252,1.1516627796018484,84.31348499629148,1.6591716593152428,0.5835064842728915,29318.369625732787,1.1180528321610281,-1.1416726184914674
GARAGEM / VAGA NÃO RESIDENCIAL,f0_w0.666667_k48-48_e38.4,periodo_ou_espaco,validacao_1,90,0.2239078180533975,1.0558953514723748,3.085620260973551,1.1249641109655477,91.20741978899932,0.7290042229270871,0.4871997644774138,569203.0143361293,0.9321317579533621,0.3255669862152672
GARAGEM / VAGA NÃO RESIDENCIAL,f0_w0.666667_k48-48_e38.4,periodo_ou_espaco,validacao_2,90,0.5108107338496992,0.7896483064024398,1.6933333365462158,1.3188932142978707,56.44548000389696,1.4664888541173513,0.5726134091698568,96431.25990315725,1.0435590691510641,-0.23458751142216222
GARAGEM / VAGA NÃO RESIDENCIAL,f0_w0.666667_k48-48_e38.4,periodo_ou_espaco,validacao_3,90,0.42177497694767974,0.9371536835906769,1.368339754385732,1.1446200121940748,80.85873733174289,1.6493894355782026,0.5150950398661631,24633.608817413482,1.0349808308127009,-1.2606774461059447
GARAGEM / VAGA NÃO RESIDENCIAL,f150_w0.666667_k48-48_e38.4,periodo_ou_espaco,validacao_1,90,0.2239078180533975,1.0558953514723748,3.085620260973551,1.1249641109655477,91.20741978899932,0.7290042229270871,0.4871997644774138,569203.0143361293,0.9321317579533621,0.3255669862152672
GARAGEM / VAGA NÃO RESIDENCIAL,f150_w0.666667_k48-48_e38.4,periodo_ou_espaco,validacao_2,90,0.5108107338496992,0.7896483064024398,1.6933333365462158,1.3188932142978707,56.44548000389696,1.4664888541173513,0.5726134091698568,96431.25990315725,1.0435590691510641,-0.23458751142216222
GARAGEM / VAGA NÃO RESIDENCIAL,f150_w0.666667_k48-48_e38.4,periodo_ou_espaco,validacao_3,90,0.42177497694767974,0.9371536835906769,1.368339754385732,1.1446200121940748,80.85873733174289,1.6493894355782026,0.5150950398661631,24633.608817413482,1.0349808308127009,-1.2606774461059447
GARAGEM / VAGA NÃO RESIDENCIAL,f225_w0.666667_k48-48_e38.4,periodo_ou_espaco,validacao_1,90,0.2239078180533975,1.0563395347253832,3.111822319285541,1.125486771346317,91.35205608438108,0.7290377780005681,0.4872488949082514,569203.356782588,0.9327517122981971,0.32572012164179037
GARAGEM / VAGA NÃO RESIDENCIAL,f225_w0.666667_k48-48_e38.4,periodo_ou_espaco,validacao_2,90,0.511374547455521,0.7918910863589157,1.6933333365462158,1.3290143353459878,56.15343154141566,1.4672953824353065,0.575902336076714,96459.80987256415,1.050215113172481,-0.23354744871014843
GARAGEM / VAGA NÃO RESIDENCIAL,f225_w0.666667_k48-48_e38.4,periodo_ou_espaco,validacao_3,90,0.42177497694767974,0.9357360319263525,1.368339754385732,1.1446200121940748,80.73488385642167,1.6467064140922554,0.5131369752445838,24546.16789538794,1.031899132485555,-1.255564367553052
GARAGEM / VAGA NÃO RESIDENCIAL,f300_w0.6_k48-48_e38.4,periodo_ou_espaco,validacao_1,90,0.2188752009271246,1.0636608994552916,3.8793474296886705,1.1458997122292964,90.02786862759457,0.733306400407568,0.48764074868554774,569167.5528574556,0.9359012997619035,0.31003633725947827
GARAGEM / VAGA NÃO RESIDENCIAL,f300_w0.6_k48-48_e38.4,periodo_ou_espaco,validacao_2,90,0.5082681969868459,0.7933692978907233,1.6933333349259132,1.3382011873916073,55.78834989734541,1.463773041349903,0.580144037777237,96952.96107037639,1.0557867584166873,-0.22803751612297612
GARAGEM / VAGA NÃO RESIDENCIAL,f300_w0.6_k48-48_e38.4,periodo_ou_espaco,validacao_3,90,0.41936021932321577,0.9435302980114685,1.3532694242791719,1.1675707423514627,79.46581858876776,1.6446465555834362,0.5156998057806714,24604.167851607654,1.0405897537774482,-1.2597171480862395
GARAGEM / VAGA NÃO RESIDENCIAL,f75_w0.666667_k48-48_e38.4,periodo_ou_espaco,validacao_1,90,0.2239078180533975,1.0558953514723748,3.085620260973551,1.1249641109655477,91.20741978899932,0.7290042229270871,0.4871997644774138,569203.0143361293,0.9321317579533621,0.3255669862152672
GARAGEM / VAGA NÃO RESIDENCIAL,f75_w0.666667_k48-48_e38.4,periodo_ou_espaco,validacao_2,90,0.5108107338496992,0.7896483064024398,1.6933333365462158,1.3188932142978707,56.44548000389696,1.4664888541173513,0.5726134091698568,96431.25990315725,1.0435590691510641,-0.23458751142216222
GARAGEM / VAGA NÃO RESIDENCIAL,f75_w0.666667_k48-48_e38.4,periodo_ou_espaco,validacao_3,90,0.42177497694767974,0.9371536835906769,1.368339754385732,1.1446200121940748,80.85873733174289,1.6493894355782026,0.5150950398661631,24633.608817413482,1.0349808308127009,-1.2606774461059447
GARAGEM / VAGA NÃO RESIDENCIAL,baseline,decil_valor,1,8,2.933100374003339,3.6979636615162472,7.0959863386773545,3.933100374003339,39.740586858768154,1.1202477152949655,1.443586879493729,27063.652309315527,2.2844272713022913,-0.2213015213950315
GARAGEM / VAGA NÃO RESIDENCIAL,baseline,decil_valor,2,8,1.7396778065125238,1.6241567896807463,1.9521517803449433,2.739677806512524,10.160158041821841,1.011916178494552,0.9547070882963979,18048.667232489413,1.4899505156420283,-0.06223808285500008
GARAGEM / VAGA NÃO RESIDENCIAL,baseline,decil_valor,3,8,1.2114663259638632,1.5310376929912146,2.7075540971204775,2.211466325963863,40.08415917976312,1.04620010145891,0.8452336546755104,28242.09067023908,1.3648542728037614,1.9724170716301224
GARAGEM / VAGA NÃO RESIDENCIAL,baseline,decil_valor,4,8,0.2816865262214714,0.3600469804613605,0.5991768723772453,1.255360641499116,21.236101688968088,1.00104990073349,0.3431889570011932,8943.440895271286,0.510515333733707,0.6657359634739272
GARAGEM / VAGA NÃO RESIDENCIAL,baseline,decil_valor,5,8,0.38637923637923643,0.43835604365435166,0.7167103371574772,0.735941600282654,52.75843736663334,0.9986811511548457,0.5023726081133696,14409.443970117009,0.7882308165975447,1.5916866189560477
GARAGEM / VAGA NÃO RESIDENCIAL,baseline,decil_valor,6,8,0.24190306122448968,0.2667606894900779,0.4579227510825644,0.9460591948217876,28.170308924431392,1.017147867626758,0.24653859010270635,9874.61837242368,0.3531906826510411,2.147083840658836
GARAGEM / VAGA NÃO RESIDENCIAL,baseline,decil_valor,7,8,0.20524760714285706,0.2497275650700101,0.5062605792356178,0.7947523928571429,22.181200668229366,1.0236831720812487,0.329212302928909,15316.599976649764,0.5112311770214383,2.243556401174491
GARAGEM / VAGA NÃO RESIDENCIAL,baseline,decil_valor,8,8,0.3168240901809101,0.3309226068999065,0.5224204786440849,0.6831759098190899,26.226585736528875,1.0000000000000002,0.4494621212815298,19019.62501902233,0.7055300345892989,1.3654161667386204
GARAGEM / VAGA NÃO RESIDENCIAL,baseline,decil_valor,9,8,0.09559841552931614,0.13234890446844094,0.19001532521266695,0.9044015844706839,6.706102008539748,0.9941589320954203,0.14709759323767319,8149.842125650114,0.21703283840140006,0.7474305644622105
GARAGEM / VAGA NÃO RESIDENCIAL,baseline,decil_valor,10,8,0.4852010351724181,0.40874220982217524,0.6051305094153218,0.5147989648275819,38.500937554137536,1.0065769281074235,0.5762232493613286,68678.98217088396,1.0077426975304493,0.12564231589030242
GARAGEM / VAGA NÃO RESIDENCIAL,baseline,bairro,auxiliadora,5,0.4468598089826229,0.4169357997816247,0.5979811483055472,0.5531401910173771,23.623589620069623,1.0298298741518563,0.5929312742593432,22522.04714180084,0.9627589570514461,0.8195838873316941
GARAGEM / VAGA NÃO RESIDENCIAL,baseline,bairro,bela vista,2,2.3253715662759538,2.3253715662759538,2.3253715662759538,3.3253715662759538,0.0,1.0,1.2015814171202603,34880.57349413931,1.8023721256803906,
GARAGEM / VAGA NÃO RESIDENCIAL,baseline,bairro,boa vista,3,0.21849999999999992,0.3135129271533546,0.525255121899197,0.7815000000000001,20.55231491951071,0.9013541073493275,0.4318812194691433,32701.629610397424,0.6584606126573865,
GARAGEM / VAGA NÃO RESIDENCIAL,baseline,bairro,bom fim,2,0.6768744825447366,0.6768744825447366,0.8021580178177754,1.6768744825447366,9.339066264139454,0.9816643432976015,0.512551596855697,19150.59721125569,0.8036179984868639,
GARAGEM / VAGA NÃO RESIDENCIAL,baseline,bairro,centro historic,17,1.0030476190476194,1.4465724677656422,2.9317234833760106,2.0030476190476194,60.742541699088235,1.4296694025989858,0.7587838405411037,18510.6811030791,1.4366967251960092,-1.7653380255468194
GARAGEM / VAGA NÃO RESIDENCIAL,baseline,bairro,chacara pedras,2,0.33654430467405383,0.33654430467405383,0.3665592501097597,0.6634556953259462,5.655039523957959,0.9871180198073348,0.41189473740923577,21471.75193947396,0.6376617732451572,
GARAGEM / VAGA NÃO RESIDENCIAL,baseline,bairro,cidade baixa,1,7.600025268937943,7.600025268937943,7.600025268937943,8.600025268937943,0.0,1.0,2.1517651415037435,38000.126344689714,3.2276477122556155,
GARAGEM / VAGA NÃO RESIDENCIAL,baseline,bairro,floresta,2,1.8027422462353084,1.8027422462353084,1.8027422462353084,2.8027422462353084,0.0,1.0,1.0305983115631467,18027.422462353086,1.54589746734472,
GARAGEM / VAGA NÃO RESIDENCIAL,baseline,bairro,higienopolis,1,0.3029103058217433,0.3029103058217433,0.3029103058217433,1.3029103058217433,0.0,1.0,0.2646004591054689,9087.309174652299,0.3969006886582034,
GARAGEM / VAGA NÃO RESIDENCIAL,baseline,bairro,independencia,1,0.27139670121383763,0.27139670121383763,0.27139670121383763,0.7286032987861624,0.0,1.0,0.3166258668497617,6784.9175303459415,0.4749388002746425,
GARAGEM / VAGA NÃO RESIDENCIAL,baseline,bairro,jardim do salso,2,0.20524760714285706,0.20524760714285706,0.20524760714285706,0.7947523928571429,0.0,1.0,0.22972466836575695,8209.904285714281,0.3445870025486354,
GARAGEM / VAGA NÃO RESIDENCIAL,baseline,bairro,menino deus,7,0.36228025930421714,1.148253080536378,2.5757828306229205,1.3622802593042171,74.49760045966968,1.5346850721258198,0.63635738375696,14231.824966924662,1.1913439610185672,-1.457832050009407
GARAGEM / VAGA NÃO RESIDENCIAL,baseline,bairro,moinhos vento,14,0.09559841552931614,0.3599302261484358,0.7287875495884201,0.9044015844706839,36.76153263169421,1.1864772533880068,0.26599442578279553,11666.967733800315,0.4936334634350705,-1.3081085409292612
GARAGEM / VAGA NÃO RESIDENCIAL,baseline,bairro,mont serrat,2,0.2710796652255476,0.2710796652255476,0.4872450940077069,0.7297932140223009,37.14472264430565,1.0430486126921994,0.3901009194721689,19137.3819357508,0.6615336445271737,
GARAGEM / VAGA NÃO RESIDENCIAL,baseline,bairro,passo da areia,1,0.32777777777777783,0.32777777777777783,0.32777777777777783,0.6722222222222222,0.0,1.0,0.39716630529346936,9833.333333333336,0.5957494579402041,
GARAGEM / VAGA NÃO RESIDENCIAL,baseline,bairro,petropolis,4,0.5186642968744786,1.1861726692032577,2.6910990160338617,1.3399905086589714,84.48927721757497,1.3909284186751074,0.6767607017808578,30226.798346089698,1.199300885889984,-0.7883748926251728
GARAGEM / VAGA NÃO RESIDENCIAL,baseline,bairro,rio branco,6,0.41653886532318274,0.41646330285917604,0.5836667238950679,0.5936652163094706,55.25469906232795,1.4375381975573778,0.5531917970211856,51291.33952950694,1.1335144411587412,-0.6972306259953934
GARAGEM / VAGA NÃO RESIDENCIAL,baseline,bairro,santo antonio,1,1.11599672944154,1.11599672944154,1.11599672944154,2.11599672944154,0.0,1.0,0.749525968362316,11159.9672944154,1.124288952543474,
GARAGEM / VAGA NÃO RESIDENCIAL,baseline,bairro,sao joao,1,0.9212962977563757,0.9212962977563757,0.9212962977563757,1.9212962977563757,0.0,1.0,0.6530001133064782,8291.666679807382,0.9795001699597173,
GARAGEM / VAGA NÃO RESIDENCIAL,baseline,bairro,sao sebastiao,2,0.5833333333333335,0.5833333333333335,0.6500000000000001,0.4166666666666666,20.0,1.0416666666666667,0.8958797346140277,15811.388300841896,1.4040251005511055,
GARAGEM / VAGA NÃO RESIDENCIAL,baseline,bairro,teresopolis,2,0.40906152868441903,0.40906152868441903,0.40906152868441903,1.409061528684419,0.0,1.0,0.3429239002983959,12271.845860532572,0.5143858504475939,
GARAGEM / VAGA NÃO RESIDENCIAL,baseline,bairro,tres figueiras,2,0.31168882353483546,0.31168882353483546,0.40076866503717246,0.6883111764651646,16.177247396992787,1.1547878165026577,0.38677368735442197,95817.00798649673,0.6859322410316376,
GARAGEM / VAGA NÃO RESIDENCIAL,baseline,tile,-3337|-4925,2,0.5833333333333335,0.5833333333333335,0.6500000000000001,0.4166666666666666,20.0,1.0416666666666667,0.8958797346140277,15811.388300841896,1.4040251005511055,
GARAGEM / VAGA NÃO RESIDENCIAL,baseline,tile,-3338|-4928,1,0.32777777777777783,0.32777777777777783,0.32777777777777783,0.6722222222222222,0.0,1.0,0.39716630529346936,9833.333333333336,0.5957494579402041,
GARAGEM / VAGA NÃO RESIDENCIAL,baseline,tile,-3338|-4930,1,0.3029103058217433,0.3029103058217433,0.3029103058217433,1.3029103058217433,0.0,1.0,0.2646004591054689,9087.309174652299,0.3969006886582034,
GARAGEM / VAGA NÃO RESIDENCIAL,baseline,tile,-3338|-4931,1,0.9212962977563757,0.9212962977563757,0.9212962977563757,1.9212962977563757,0.0,1.0,0.6530001133064782,8291.666679807382,0.9795001699597173,
GARAGEM / VAGA NÃO RESIDENCIAL,baseline,tile,-3338|-4932,2,1.8027422462353084,1.8027422462353084,1.8027422462353084,2.8027422462353084,0.0,1.0,1.0305983115631467,18027.422462353086,1.54589746734472,
GARAGEM / VAGA NÃO RESIDENCIAL,baseline,tile,-3339|-4929,3,0.21849999999999992,0.3135129271533546,0.525255121899197,0.7815000000000001,20.55231491951071,0.9013541073493275,0.4318812194691433,32701.629610397424,0.6584606126573865,
GARAGEM / VAGA NÃO RESIDENCIAL,baseline,tile,-3339|-4930,5,0.4468598089826229,0.4169357997816247,0.5979811483055472,0.5531401910173771,23.623589620069623,1.0298298741518563,0.5929312742593432,22522.04714180084,0.9627589570514461,0.8195838873316941
GARAGEM / VAGA NÃO RESIDENCIAL,baseline,tile,-3339|-4931,14,0.09559841552931614,0.17734729135275124,0.44419167169697327,0.9044015844706839,16.573273573905826,1.0384060569627647,0.18181644231598293,9912.874740290961,0.2923339695253211,-0.23222397866143019
GARAGEM / VAGA NÃO RESIDENCIAL,baseline,tile,-3339|-4932,2,1.4392338137775127,1.4392338137775127,2.3735035038284527,2.167837112563675,66.39031158920797,1.397682460132804,0.7997609660523223,19048.844943866614,1.5200094587806037,
GARAGEM / VAGA NÃO RESIDENCIAL,baseline,tile,-3339|-4933,2,0.44498069498069504,0.44498069498069504,0.44498069498069504,0.555019305019305,0.0,1.0,0.588752382022078,13171.428571428572,0.8831285730331171,
GARAGEM / VAGA NÃO RESIDENCIAL,baseline,tile,-3340|-4927,2,0.33654430467405383,0.33654430467405383,0.3665592501097597,0.6634556953259462,5.655039523957959,0.9871180198073348,0.41189473740923577,21471.75193947396,0.6376617732451572,
GARAGEM / VAGA NÃO RESIDENCIAL,baseline,tile,-3340|-4929,5,2.3253715662759538,1.774686823075856,3.089736627965002,3.3253715662759538,39.38244144209379,2.6433263841790344,0.9405234452933067,68862.17330805873,2.1257893164782407,-0.21595019082587483
GARAGEM / VAGA NÃO RESIDENCIAL,baseline,tile,-3340|-4931,3,0.5547675219450545,0.5715656309074051,0.6010062450650759,0.44523247805494554,4.881530745304655,1.0022304977783134,0.8500113562413983,72208.74632190129,1.267908545377987,
GARAGEM / VAGA NÃO RESIDENCIAL,baseline,tile,-3340|-4932,6,0.3884818884818886,0.4381802301286342,0.6768744825447366,1.2593884009919307,28.624427890673594,1.1065801557996804,0.4116695748898575,15592.360711474525,0.6491809075250099,-0.13473678984367615
GARAGEM / VAGA NÃO RESIDENCIAL,baseline,tile,-3340|-4933,8,1.548249199834923,1.5728411251666476,2.3671913422096216,2.548249199834923,24.76403197427456,1.1103324769471221,0.8982129674568261,19851.86336004647,1.4801560645506424,-0.7302902411501082
GARAGEM / VAGA NÃO RESIDENCIAL,baseline,tile,-3340|-4934,7,0.27765876672865675,1.588434508674478,4.515978757995973,1.2776587667286567,118.0714238190405,1.6745721953221158,0.6480166836428571,18225.67051929774,1.3234887639359227,-5.593280074013386
GARAGEM / VAGA NÃO RESIDENCIAL,baseline,tile,-3341|-4929,3,0.4653963237373868,0.3817924470184432,0.5506250807567337,1.1080487473063725,31.205865153215395,1.0531564369429411,0.39371192986875386,15702.968328779516,0.5489227769204548,
GARAGEM / VAGA NÃO RESIDENCIAL,baseline,tile,-3341|-4934,3,1.8769556662379112,3.688175999568793,6.455411348397937,2.876955666237911,69.66250558957128,1.2307943718099699,1.386402721155127,27028.93248103545,2.1927552183274113,
GARAGEM / VAGA NÃO RESIDENCIAL,baseline,tile,-3342|-4928,2,0.20524760714285706,0.20524760714285706,0.20524760714285706,0.7947523928571429,0.0,1.0,0.22972466836575695,8209.904285714281,0.3445870025486354,
GARAGEM / VAGA NÃO RESIDENCIAL,baseline,tile,-3342|-4933,2,0.3239972725092516,0.3239972725092516,0.35462366194522404,1.3239972725092515,2.8914702159779604,1.005816577352302,0.2802371926273277,7936.251705550755,0.43069343009345984,
GARAGEM / VAGA NÃO RESIDENCIAL,baseline,tile,-3343|-4931,1,1.11599672944154,1.11599672944154,1.11599672944154,2.11599672944154,0.0,1.0,0.749525968362316,11159.9672944154,1.124288952543474,
GARAGEM / VAGA NÃO RESIDENCIAL,baseline,tile,-3343|-4933,2,0.1506253558836368,0.1506253558836368,0.26513304158306067,0.8493746441163632,16.8517636022898,1.01908146663014,0.17765952442491237,10388.14390960177,0.3108672393015065,
GARAGEM / VAGA NÃO RESIDENCIAL,baseline,tile,-3343|-4934,1,3.6240235772004326,3.6240235772004326,3.6240235772004326,4.6240235772004326,0.0,1.0,1.5312652302326033,18120.117886002165,2.296897845348905,
GARAGEM / VAGA NÃO RESIDENCIAL,baseline,tile,-3345|-4932,2,0.40906152868441903,0.40906152868441903,0.40906152868441903,1.409061528684419,0.0,1.0,0.3429239002983959,12271.845860532572,0.5143858504475939,
GARAGEM / VAGA NÃO RESIDENCIAL,f0_w0.666667_k48-48_e38.4,decil_valor,1,8,3.801932892773635,4.155302305764105,7.316287367778568,4.801932892773635,34.246898797784695,1.1026698170714977,1.542088180462977,31204.01661697497,2.4610818616671897,-0.17471267893948433
GARAGEM / VAGA NÃO RESIDENCIAL,f0_w0.666667_k48-48_e38.4,decil_valor,2,8,1.8298460294094718,1.6725782454152747,2.023576190735192,2.829846029409472,11.466761078087451,1.0131618435677427,0.9702320822773753,18637.64659698626,1.525548126329146,0.01814760337397594
GARAGEM / VAGA NÃO RESIDENCIAL,f0_w0.666667_k48-48_e38.4,decil_valor,3,8,1.3952651583715305,1.2455021165217794,1.8775289950184464,2.3952651583715303,20.02537204261053,1.0284329294384484,0.7743384353406992,21408.46486118564,1.2751669424510306,0.2992291485220238
GARAGEM / VAGA NÃO RESIDENCIAL,f0_w0.666667_k48-48_e38.4,decil_valor,4,8,0.3698481681198412,0.46975239635957455,0.7362646681002779,1.3521327078069896,21.089963229899357,1.0017872130501126,0.3997202892340832,12336.553789930638,0.6041795709842732,0.7241348316211316
GARAGEM / VAGA NÃO RESIDENCIAL,f0_w0.666667_k48-48_e38.4,decil_valor,5,8,0.2892907265972786,0.33737665731130545,0.6107944261383561,0.9575781356542298,35.232284943599446,0.9988935709400867,0.39709614420824313,11566.083522802344,0.507404356089607,1.3143723786834383
GARAGEM / VAGA NÃO RESIDENCIAL,f0_w0.666667_k48-48_e38.4,decil_valor,6,8,0.18095009212139884,0.23460017531450253,0.37807568962153637,1.031567037225994,22.742116299622197,1.0151598203661532,0.21587626860339365,9175.613580626597,0.29579410937466677,2.0622239157131474
GARAGEM / VAGA NÃO RESIDENCIAL,f0_w0.666667_k48-48_e38.4,decil_valor,7,8,0.24777675761853601,0.2789159217922256,0.4773384075891045,0.752223242381464,20.78916527842413,1.019589823398237,0.3623302101968304,15424.928969712975,0.5663643967500601,1.6310048224238995
GARAGEM / VAGA NÃO RESIDENCIAL,f0_w0.666667_k48-48_e38.4,decil_valor,8,8,0.3206757502192843,0.3173068306799778,0.45467731833947056,0.6793242497807157,20.73206905803925,1.0000000000000002,0.3954831570696403,16978.111952487314,0.6406416923305785,1.5041440465675706
GARAGEM / VAGA NÃO RESIDENCIAL,f0_w0.666667_k48-48_e38.4,decil_valor,9,8,0.20283452251901002,0.1911009895773686,0.20283452251901002,0.79716547748099,1.4719068089499958,0.9977732731275502,0.21265551149776307,9754.902600867494,0.33079638152593716,0.31483653490691876
GARAGEM / VAGA NÃO RESIDENCIAL,f0_w0.666667_k48-48_e38.4,decil_valor,10,8,0.4486500787756152,0.4116327320864322,0.5622401693463714,0.5513499212243849,21.09175114766567,1.0108792216338818,0.5683564768072836,69628.55118482886,0.9241888918253458,0.021238492051991447
GARAGEM / VAGA NÃO RESIDENCIAL,f0_w0.666667_k48-48_e38.4,bairro,auxiliadora,5,0.4453092082602592,0.35207576191957896,0.45467731833947056,0.5546907917397408,18.15929449416758,1.0236484590439103,0.45341126460239367,18729.171041607133,0.8051683100641782,-0.5848071018358748
GARAGEM / VAGA NÃO RESIDENCIAL,f0_w0.666667_k48-48_e38.4,bairro,bela vista,2,1.5726148204322077,1.5726148204322077,1.5726148204322077,2.5726148204322077,0.0,1.0,0.9449228215228989,23589.222306483112,1.4173842322843484,
GARAGEM / VAGA NÃO RESIDENCIAL,f0_w0.666667_k48-48_e38.4,bairro,boa vista,3,0.44825373545019587,0.44828050362588057,0.6321209732835352,0.5517462645498041,27.765648788535895,1.0557114319909942,0.6582278372102689,69701.44190013516,1.0520829025989265,
GARAGEM / VAGA NÃO RESIDENCIAL,f0_w0.666667_k48-48_e38.4,bairro,bom fim,2,0.5452473751103805,0.5452473751103805,0.5785288191801974,1.5452473751103804,2.692242404508176,0.9946443525930886,0.4348214710113665,14342.529559850162,0.661829102608291,
GARAGEM / VAGA NÃO RESIDENCIAL,f0_w0.666667_k48-48_e38.4,bairro,centro historic,17,1.003047615932695,1.694249418530751,3.225700710400785,2.003047615932695,68.64010775895323,1.4438857414248258,0.8237845335245707,21752.82160244774,1.5263886727278946,-1.8458113685812116
GARAGEM / VAGA NÃO RESIDENCIAL,f0_w0.666667_k48-48_e38.4,bairro,chacara pedras,2,0.22831474057247908,0.22831474057247908,0.25519558554359467,0.771685259427521,4.3542436250268155,1.010150246782396,0.26012737879511405,16337.423430136989,0.40565178091256066,
GARAGEM / VAGA NÃO RESIDENCIAL,f0_w0.666667_k48-48_e38.4,bairro,cidade baixa,1,6.884876297349592,6.884876297349592,6.884876297349592,7.884876297349592,0.0,1.0,2.0649465319405866,34424.38148674796,3.09741979791088,
GARAGEM / VAGA NÃO RESIDENCIAL,f0_w0.666667_k48-48_e38.4,bairro,floresta,2,1.888068880736705,1.888068880736705,1.888068880736705,2.888068880736705,0.0,1.0,1.0605880714167613,18880.68880736705,1.5908821071251418,
GARAGEM / VAGA NÃO RESIDENCIAL,f0_w0.666667_k48-48_e38.4,bairro,higienopolis,1,0.19098123020987945,0.19098123020987945,0.19098123020987945,1.1909812302098794,0.0,1.0,0.17477753055953993,5729.4369062963815,0.2621662958393099,
GARAGEM / VAGA NÃO RESIDENCIAL,f0_w0.666667_k48-48_e38.4,bairro,independencia,1,0.07070468274404895,0.07070468274404895,0.07070468274404895,1.070704682744049,0.0,1.0,0.06831701370763966,1767.6170686012229,0.1024755205614595,
GARAGEM / VAGA NÃO RESIDENCIAL,f0_w0.666667_k48-48_e38.4,bairro,jardim do salso,2,0.15985151159945565,0.15985151159945565,0.15985151159945565,0.8401484884005443,0.0,1.0,0.17417663086168006,6394.060463978225,0.26126494629252006,
GARAGEM / VAGA NÃO RESIDENCIAL,f0_w0.666667_k48-48_e38.4,bairro,menino deus,7,0.33875674633676756,1.1795693612450486,2.7430543963510017,1.3387567463367676,80.14028303571897,1.5660184734530957,0.6282506204341901,13781.363605444778,1.1987402160896299,-1.6168917795792221
GARAGEM / VAGA NÃO RESIDENCIAL,f0_w0.666667_k48-48_e38.4,bairro,moinhos vento,14,0.20283452251901002,0.559609775347783,1.00341282401697,0.79716547748099,58.73355175641255,1.3225306520799611,0.38356266004824796,16298.358861595305,0.7835165685164382,-3.7281371962147976
GARAGEM / VAGA NÃO RESIDENCIAL,f0_w0.666667_k48-48_e38.4,bairro,mont serrat,2,0.4760253718728684,0.4760253718728684,0.58828406646107,0.5239746281271316,26.780565451578592,1.0306687693745935,0.6835228784407603,23770.02061396103,1.088734240887998,
GARAGEM / VAGA NÃO RESIDENCIAL,f0_w0.666667_k48-48_e38.4,bairro,passo da areia,1,0.10826593883282021,0.10826593883282021,0.10826593883282021,1.1082659388328202,0.0,1.0,0.10279657652275091,3247.9781649846045,0.15419486478412636,
GARAGEM / VAGA NÃO RESIDENCIAL,f0_w0.666667_k48-48_e38.4,bairro,petropolis,4,0.5598891475709911,0.7806631333814016,1.525320763837077,1.4133621052701442,50.822708321257394,1.2399371615094037,0.561841818560884,20071.433689871224,0.9694146093649153,-1.1775800142012136
GARAGEM / VAGA NÃO RESIDENCIAL,f0_w0.666667_k48-48_e38.4,bairro,rio branco,6,0.4144189663026204,0.39137115449556115,0.49227706842640806,0.6697029348078274,47.91008595871357,1.3666885055087896,0.4655133836111123,43006.65846475362,0.9419444536870912,-0.5752026369504273
GARAGEM / VAGA NÃO RESIDENCIAL,f0_w0.666667_k48-48_e38.4,bairro,santo antonio,1,1.1117166269746384,1.1117166269746384,1.1117166269746384,2.1117166269746384,0.0,1.0,0.7475011840080571,11117.166269746383,1.1212517760120857,
GARAGEM / VAGA NÃO RESIDENCIAL,f0_w0.666667_k48-48_e38.4,bairro,sao joao,1,0.9212963385167483,0.9212963385167483,0.9212963385167483,1.9212963385167483,0.0,1.0,0.6530001345215153,8291.667046650735,0.9795002017822729,
GARAGEM / VAGA NÃO RESIDENCIAL,f0_w0.666667_k48-48_e38.4,bairro,sao sebastiao,2,0.5833333333333334,0.5833333333333334,0.65,0.41666666666666663,20.000000000000004,1.0416666666666665,0.8958797346140275,15811.388300841896,1.404025100551105,
GARAGEM / VAGA NÃO RESIDENCIAL,f0_w0.666667_k48-48_e38.4,bairro,teresopolis,2,0.15035247595948698,0.15035247595948698,0.15035247595948698,1.150352475959487,0.0,1.0,0.14006839624771011,4510.57427878461,0.21010259437156517,
GARAGEM / VAGA NÃO RESIDENCIAL,f0_w0.666667_k48-48_e38.4,bairro,tres figueiras,2,0.2736132765686122,0.2736132765686122,0.3380161638040134,0.7263867234313879,11.082747859701986,1.1011135897492537,0.325852122160046,80232.1510423359,0.5615563673659797,
GARAGEM / VAGA NÃO RESIDENCIAL,f0_w0.666667_k48-48_e38.4,tile,-3337|-4925,2,0.5833333333333334,0.5833333333333334,0.65,0.41666666666666663,20.000000000000004,1.0416666666666665,0.8958797346140275,15811.388300841896,1.404025100551105,
GARAGEM / VAGA NÃO RESIDENCIAL,f0_w0.666667_k48-48_e38.4,tile,-3338|-4928,1,0.10826593883282021,0.10826593883282021,0.10826593883282021,1.1082659388328202,0.0,1.0,0.10279657652275091,3247.9781649846045,0.15419486478412636,
GARAGEM / VAGA NÃO RESIDENCIAL,f0_w0.666667_k48-48_e38.4,tile,-3338|-4930,1,0.19098123020987945,0.19098123020987945,0.19098123020987945,1.1909812302098794,0.0,1.0,0.17477753055953993,5729.4369062963815,0.2621662958393099,
GARAGEM / VAGA NÃO RESIDENCIAL,f0_w0.666667_k48-48_e38.4,tile,-3338|-4931,1,0.9212963385167483,0.9212963385167483,0.9212963385167483,1.9212963385167483,0.0,1.0,0.6530001345215153,8291.667046650735,0.9795002017822729,
GARAGEM / VAGA NÃO RESIDENCIAL,f0_w0.666667_k48-48_e38.4,tile,-3338|-4932,2,1.888068880736705,1.888068880736705,1.888068880736705,2.888068880736705,0.0,1.0,1.0605880714167613,18880.68880736705,1.5908821071251418,
GARAGEM / VAGA NÃO RESIDENCIAL,f0_w0.666667_k48-48_e38.4,tile,-3339|-4929,3,0.44825373545019587,0.44828050362588057,0.6321209732835352,0.5517462645498041,27.765648788535895,1.0557114319909942,0.6582278372102689,69701.44190013516,1.0520829025989265,
GARAGEM / VAGA NÃO RESIDENCIAL,f0_w0.666667_k48-48_e38.4,tile,-3339|-4930,5,0.4453092082602592,0.35207576191957896,0.45467731833947056,0.5546907917397408,18.15929449416758,1.0236484590439103,0.45341126460239367,18729.171041607133,0.8051683100641782,-0.5848071018358748
GARAGEM / VAGA NÃO RESIDENCIAL,f0_w0.666667_k48-48_e38.4,tile,-3339|-4931,14,0.20283452251901002,0.3194860205245463,0.5374061886628879,0.79716547748099,24.976430708792588,1.0845293336198294,0.33391793592776436,14544.615886505802,0.5502785603368936,-0.443766927908893
GARAGEM / VAGA NÃO RESIDENCIAL,f0_w0.666667_k48-48_e38.4,tile,-3339|-4932,2,2.0065569344507814,2.0065569344507814,3.5552387358161677,3.0065569344507814,64.3876797916139,1.3811147457292474,0.8330849577655818,27905.04872967547,1.7058974113862768,
GARAGEM / VAGA NÃO RESIDENCIAL,f0_w0.666667_k48-48_e38.4,tile,-3339|-4933,2,0.3745591218645077,0.3745591218645077,0.3745591218645077,0.6254408781354923,0.0,1.0,0.4692984729101263,11086.950007189429,0.7039477093651894,
GARAGEM / VAGA NÃO RESIDENCIAL,f0_w0.666667_k48-48_e38.4,tile,-3340|-4927,2,0.22831474057247908,0.22831474057247908,0.25519558554359467,0.771685259427521,4.3542436250268155,1.010150246782396,0.26012737879511405,16337.423430136989,0.40565178091256066,
GARAGEM / VAGA NÃO RESIDENCIAL,f0_w0.666667_k48-48_e38.4,tile,-3340|-4929,5,1.5726148204322077,1.1141243932383433,1.7559453914869294,2.5726148204322077,31.08127275025051,2.1313541542902996,0.7197406187920672,54370.925944057075,1.648283976881054,-0.18427294557432722
GARAGEM / VAGA NÃO RESIDENCIAL,f0_w0.666667_k48-48_e38.4,tile,-3340|-4931,3,0.47196294467594413,0.47786685298461684,0.5044655426766864,0.5280370553240559,4.011383256479986,1.0015490171594503,0.6511152027113202,60386.161197148074,0.9812119787876673,
GARAGEM / VAGA NÃO RESIDENCIAL,f0_w0.666667_k48-48_e38.4,tile,-3340|-4932,6,0.37558281780887254,0.3960825405589694,0.5452473751103805,1.3515393298681029,21.33272418419177,1.0990136324724407,0.36226610471670223,12263.936254940523,0.6134265486723373,-0.41816497738104313
GARAGEM / VAGA NÃO RESIDENCIAL,f0_w0.666667_k48-48_e38.4,tile,-3340|-4933,8,1.8322830554660272,1.7288412469056182,2.648204011089666,2.832283055466027,24.380110104773753,1.1140602300724587,0.9518084310051625,21969.469775561425,1.58730586943549,-0.7003701134179683
GARAGEM / VAGA NÃO RESIDENCIAL,f0_w0.666667_k48-48_e38.4,tile,-3340|-4934,7,0.5056838606639233,2.031770270864116,5.52603923914566,1.5056838606639233,123.60768604870024,1.7096637530419323,0.778753239436593,23715.719535713317,1.5605444060557532,-6.731516988729276
GARAGEM / VAGA NÃO RESIDENCIAL,f0_w0.666667_k48-48_e38.4,tile,-3341|-4929,3,0.4177625507952406,0.41482892044517633,0.6451651056364415,1.1247084661935467,33.18721632613382,1.0594606583219168,0.3967380225496968,16510.206956169684,0.5673479766865971,
GARAGEM / VAGA NÃO RESIDENCIAL,f0_w0.666667_k48-48_e38.4,tile,-3341|-4934,3,1.8723820384032082,3.415843440603439,5.882377445560316,2.872382038403208,62.603143072743926,1.2143959415657077,1.3441600439559338,25123.395035787657,2.1253621265356344,
GARAGEM / VAGA NÃO RESIDENCIAL,f0_w0.666667_k48-48_e38.4,tile,-3342|-4928,2,0.15985151159945565,0.15985151159945565,0.15985151159945565,0.8401484884005443,0.0,1.0,0.17417663086168006,6394.060463978225,0.26126494629252006,
GARAGEM / VAGA NÃO RESIDENCIAL,f0_w0.666667_k48-48_e38.4,tile,-3342|-4933,2,0.27138953883340855,0.27138953883340855,0.32528330483609574,1.2713895388334087,5.298707079592087,1.0107109222381692,0.23870463818928378,6456.200654745903,0.3773336029208352,
GARAGEM / VAGA NÃO RESIDENCIAL,f0_w0.666667_k48-48_e38.4,tile,-3343|-4931,1,1.1117166269746384,1.1117166269746384,1.1117166269746384,2.1117166269746384,0.0,1.0,0.7475011840080571,11117.166269746383,1.1212517760120857,
GARAGEM / VAGA NÃO RESIDENCIAL,f0_w0.666667_k48-48_e38.4,tile,-3343|-4933,2,0.15124474665755477,0.15124474665755477,0.2021659984111084,0.8487552533424452,7.49940155790243,1.0084026851869825,0.16680439921601808,7991.469402494988,0.2717288979961136,
GARAGEM / VAGA NÃO RESIDENCIAL,f0_w0.666667_k48-48_e38.4,tile,-3343|-4934,1,4.0490629332726895,4.0490629332726895,4.0490629332726895,5.0490629332726895,0.0,1.0,1.6192026683015117,20245.314666363447,2.4288040024522677,
GARAGEM / VAGA NÃO RESIDENCIAL,f0_w0.666667_k48-48_e38.4,tile,-3345|-4932,2,0.15035247595948698,0.15035247595948698,0.15035247595948698,1.150352475959487,0.0,1.0,0.14006839624771011,4510.57427878461,0.21010259437156517,
GARAGEM / VAGA NÃO RESIDENCIAL,baseline,periodo_ou_espaco,teste_espacial,60,0.45681059857653383,0.8680944967297637,2.5763196596324485,0.854376850109096,100.21021575699784,1.5714967687287358,0.6141078096999766,27229.495119695734,1.1693390626606452,-0.508615679898374
GARAGEM / VAGA NÃO RESIDENCIAL,f0_w0.666667_k48-48_e38.4,periodo_ou_espaco,teste_espacial,60,0.4421282714061503,0.7877570774309285,1.7512783433866828,0.9171917175603852,85.45762229249456,1.567898682867053,0.5734312191282543,28041.726805451213,1.0551628061074987,-0.8548647840638997
GARAGEM / VAGA RESIDENCIAL,baseline,periodo_ou_espaco,validacao_1,90,0.23456695763029078,0.5013504200411657,0.6341130768078546,1.0068744777811611,49.781354724925436,1.2994049935860892,0.32432180474552913,59945.19640845368,0.5831539009311106,-0.12572318654138467
GARAGEM / VAGA RESIDENCIAL,baseline,periodo_ou_espaco,validacao_2,90,0.2594634017956924,0.6330595087038142,1.4485626044991307,1.0838269022590348,57.524749458767666,1.2929997538832714,0.4127398667324592,74945.94657202066,0.7252832981033217,-0.12190031218165348
GARAGEM / VAGA RESIDENCIAL,baseline,periodo_ou_espaco,validacao_3,90,0.21755830256379216,0.46690696264275405,1.0139181356892866,1.0288859636686292,45.16998689460729,1.1693575301084635,0.3385693093837047,60079.894950854556,0.5439598299472563,-0.10377478107737208
GARAGEM / VAGA RESIDENCIAL,f0_w0.9_k5-5_e4,periodo_ou_espaco,validacao_1,90,0.2620145500458904,0.6078157568111678,0.7580987099174687,1.0087731129941064,60.23452291562125,1.3948620797267848,0.34484145786551434,77296.51405979764,0.6661929629822789,-0.104309631868225
GARAGEM / VAGA RESIDENCIAL,f0_w0.9_k5-5_e4,periodo_ou_espaco,validacao_2,90,0.2949322645491172,0.6403143500230065,1.5107234908036546,1.1193736610112917,55.814551892665165,1.2254801899913408,0.4350494608547679,104719.12330390938,0.7326368689147325,-0.10575837490490096
GARAGEM / VAGA RESIDENCIAL,f0_w0.9_k5-5_e4,periodo_ou_espaco,validacao_3,90,0.25454047445185224,0.49853633958782384,1.1608444705876895,1.0852847824035257,45.56710753257593,1.2067620678531092,0.36795719681930245,67154.33616756089,0.616766575958239,-0.11066966037524432
GARAGEM / VAGA RESIDENCIAL,f100_w0.9_k5-5_e4,periodo_ou_espaco,validacao_1,90,0.2620145500458904,0.6078269806280912,0.7580987099174687,1.0088363142676628,60.23158347799872,1.3948699305546421,0.34485121989966827,77296.54569756165,0.6662295154401097,-0.10431330168735295
GARAGEM / VAGA RESIDENCIAL,f100_w0.9_k5-5_e4,periodo_ou_espaco,validacao_2,90,0.2949322645491172,0.6403136382284914,1.5107248614242337,1.1193839483140173,55.81393716875689,1.2254671410801365,0.4350480188620308,104715.94620017163,0.7326331611791148,-0.10575532688618548
GARAGEM / VAGA RESIDENCIAL,f100_w0.9_k5-5_e4,periodo_ou_espaco,validacao_3,90,0.25454047445185224,0.49853633958781346,1.1608444705876895,1.0852847824035257,45.56710753257498,1.2067620678531017,0.36795719681929895,67154.3361675608,0.61676657595823,-0.110669660375243
GARAGEM / VAGA RESIDENCIAL,f200_w0.9_k5-5_e4,periodo_ou_espaco,validacao_1,90,0.2620145500458904,0.6078269806280912,0.7580987099174687,1.0088363142676628,60.23158347799872,1.3948699305546421,0.34485121989966827,77296.54569756165,0.6662295154401097,-0.10431330168735295
GARAGEM / VAGA RESIDENCIAL,f200_w0.9_k5-5_e4,periodo_ou_espaco,validacao_2,90,0.2949322645491172,0.6403134021529334,1.5107248614242337,1.1193839483140173,55.81391368073818,1.2254672016252657,0.4350476712812002,104715.94182013677,0.7326327795811143,-0.10575537473686869
GARAGEM / VAGA RESIDENCIAL,f200_w0.9_k5-5_e4,periodo_ou_espaco,validacao_3,90,0.2545437411886545,0.49852590289020393,1.1608444705876895,1.0852847824035259,45.56614634245451,1.2067477784943432,0.3679436694068626,67152.90733893983,0.6167447249985172,-0.11066062368152477
GARAGEM / VAGA RESIDENCIAL,f300_w0.9_k5-5_e4,periodo_ou_espaco,validacao_1,90,0.2620145500458904,0.6078269780769184,0.7580987099174687,1.0088363142676628,60.23158322511599,1.3948699293342972,0.34485121757779946,77296.5456837902,0.6662295120485936,-0.10431330142766604
GARAGEM / VAGA RESIDENCIAL,f300_w0.9_k5-5_e4,periodo_ou_espaco,validacao_2,90,0.2949322645491172,0.640314481898507,1.5107234908036546,1.1193736610112917,55.81456367385185,1.2254802639822369,0.4350494431667834,104719.13598964909,0.7326369108682458,-0.1057582587091776
GARAGEM / VAGA RESIDENCIAL,f300_w0.9_k5-5_e4,periodo_ou_espaco,validacao_3,90,0.2545437411886545,0.49848019602710203,1.1608444705876895,1.0852847824035259,45.561934833747955,1.2067005182893624,0.36792293377036883,67153.16181004107,0.6166938785652144,-0.11062549420152855
GARAGEM / VAGA RESIDENCIAL,f400_w0.9_k5-5_e4,periodo_ou_espaco,validacao_1,90,0.2620145500458904,0.6078264604900565,0.7580566990550307,1.0088363142676628,60.231531919779854,1.3948694613457926,0.3448509236168097,77296.5445421834,0.6662289220707787,-0.10431295252934339
GARAGEM / VAGA RESIDENCIAL,f400_w0.9_k5-5_e4,periodo_ou_espaco,validacao_2,90,0.2949322645491172,0.6403103538294943,1.5107234908036546,1.1193053015901286,55.8179996821956,1.2254794119061787,0.43504600894835443,104717.27679177724,0.7326111834136244,-0.10576215872196613
GARAGEM / VAGA RESIDENCIAL,f400_w0.9_k5-5_e4,periodo_ou_espaco,validacao_3,90,0.2545437411886545,0.49848019602710203,1.1608444705876895,1.0852847824035259,45.561934833747955,1.2067005182893624,0.36792293377036883,67153.16181004107,0.6166938785652144,-0.11062549420152855
GARAGEM / VAGA RESIDENCIAL,baseline,decil_valor,1,35,1.8074276166352488,2.5134697951462,5.93669812815227,2.8074276166352488,50.92935073772765,1.205080210282933,1.1312351629257273,27127.91587530642,1.8679659169866254,-0.7204391188557148
GARAGEM / VAGA RESIDENCIAL,baseline,decil_valor,2,35,0.43116159394354603,0.5078735925732146,0.9673410362999296,1.431161593943546,21.057339210362393,1.009077113974831,0.3835790131839838,16956.454318859385,0.6199836524997197,0.7710750943889813
GARAGEM / VAGA RESIDENCIAL,baseline,decil_valor,3,35,0.12350922200966685,0.23014732799885926,0.5131788179971326,1.0175980412661698,22.471044201250333,1.0116296924550048,0.20501576339704072,11352.1773796504,0.2756971619504417,0.996609134083953
GARAGEM / VAGA RESIDENCIAL,baseline,decil_valor,4,35,0.13907925393711862,0.19124882469816207,0.3476800832794409,1.0359691404148068,18.09727685765325,1.0,0.17726320428011458,10962.694203708585,0.2401750744988715,1.4875011961693814
GARAGEM / VAGA RESIDENCIAL,baseline,decil_valor,5,35,0.1999999963604736,0.2378351417532942,0.48949401720288455,0.9251819194489591,24.8954689700089,1.0041221708499628,0.27402242461056414,14327.714204940608,0.3772003915917072,1.306498090234677
GARAGEM / VAGA RESIDENCIAL,baseline,decil_valor,6,35,0.19474523488609918,0.2173012269404672,0.3833046175353198,0.8668352770474284,21.38150367503954,1.0,0.23820335126646697,13844.123995212223,0.36311026651597356,1.498028707505324
GARAGEM / VAGA RESIDENCIAL,baseline,decil_valor,7,35,0.26722079447247316,0.2885567409944723,0.39803210701042524,0.7517445982120795,24.47562245388112,0.9822600136492442,0.3128333825093913,28129.435438743825,0.5256513730185168,1.2822428367190783
GARAGEM / VAGA RESIDENCIAL,baseline,decil_valor,8,35,0.26727120701126095,0.29825092332564146,0.5690188089731166,0.8194341995163162,33.658668617309104,0.9291626054891832,0.38502152763011444,66291.06344752229,0.6054745492429178,0.3458473170664712
GARAGEM / VAGA RESIDENCIAL,baseline,decil_valor,9,35,0.19719493087680728,0.3085307093449442,0.6841678603198165,1.0888102697988324,27.412424020154486,0.9993777905838682,0.254211130103262,221685.61705330055,0.36559619395228,0.8863158468118139
GARAGEM / VAGA RESIDENCIAL,baseline,decil_valor,10,35,0.23793690280140511,0.317475087402207,0.44779415270356115,0.8544754643644406,29.415982284671777,1.0574124040873703,0.3100336549525823,472287.373454153,0.4901197535508311,0.25776400599917326
GARAGEM / VAGA RESIDENCIAL,baseline,bairro,auxiliadora,9,0.27288016330902076,0.28442054082831036,0.43051148506807546,1.064147823947245,26.057752371809467,1.4377667842131918,0.27237518937366656,176761.287250942,0.5501522598223063,-0.10408160256494858
GARAGEM / VAGA RESIDENCIAL,baseline,bairro,azenha,1,0.19252467836068932,0.19252467836068932,0.19252467836068932,1.1925246783606893,0.0,1.0,0.17607263820831556,9626.233918034464,0.26410895731247336,
GARAGEM / VAGA RESIDENCIAL,baseline,bairro,bela vista,27,0.28923887879668564,0.39098425329017134,0.91993226797477,0.9647521072162248,39.88510086176237,1.2036052689178798,0.34453339689775603,277006.2369748073,0.5548489179288398,-0.07989298920417552
GARAGEM / VAGA RESIDENCIAL,baseline,bairro,boa vista,5,0.38323395819354,0.3010227650122825,0.3908195414981568,0.61676604180646,16.13549416991044,1.0816947505694936,0.3749698904828185,204184.5267427203,0.6962058950991169,-0.03818755176300967
GARAGEM / VAGA RESIDENCIAL,baseline,bairro,bom fim,4,0.29163398487637837,0.42610864333924114,0.8125178118264161,0.8376976475553048,43.42096539322119,1.367526325456717,0.3827780549792623,148182.19985114736,0.7363812444446194,-0.207542963842018
GARAGEM / VAGA RESIDENCIAL,baseline,bairro,bom jesus,5,0.0953389453224689,0.23538435296056942,0.5359759672062294,1.095338945322469,19.74882430866108,0.9487729993607629,0.19332315621657972,143936.3644006748,0.31451999863525504,0.06317457287635747
GARAGEM / VAGA RESIDENCIAL,baseline,bairro,camaqua,7,0.2040596568177705,0.297714687342249,0.5481660278050503,0.9387505351971746,30.781848101774372,1.1098874254720303,0.28790338361508405,10544.122579471283,0.448590052606769,-0.8516676293766109
GARAGEM / VAGA RESIDENCIAL,baseline,bairro,cavalhada,8,0.2640595724698827,0.6406886279356021,1.4347080445058529,0.9965976355531438,64.28759261304079,1.5339355349098358,0.406344663382849,28420.360099120735,0.782686066682625,-0.3260846442885806
GARAGEM / VAGA RESIDENCIAL,baseline,bairro,cel ap borges,1,0.3662889249077499,0.3662889249077499,0.3662889249077499,1.36628892490775,0.0,1.0,0.31209825042866157,58606.227985239995,0.46814737564299236,
GARAGEM / VAGA RESIDENCIAL,baseline,bairro,centro historic,6,0.1999081161048446,0.1977853682713612,0.34935504197279543,0.9422166591567991,20.991495570494546,1.0433250785489598,0.21442840941834174,10774.310389102326,0.3178735661772677,-0.8697589585400243
GARAGEM / VAGA RESIDENCIAL,baseline,bairro,chacara pedras,3,0.33735015752638253,0.884038425902006,1.9180694013997466,0.998484092188452,88.48745114823527,1.569802238220798,0.5369849901321301,16529.072960000693,0.9844369712386297,
GARAGEM / VAGA RESIDENCIAL,baseline,bairro,cidade baixa,4,0.25843149134504245,0.2498643817109992,0.3895781617975225,1.1205586016232174,22.298198536787897,1.3381878798569233,0.23047808009527912,73276.48906939695,0.4887954177860619,-0.11155902262877782
GARAGEM / VAGA RESIDENCIAL,baseline,bairro,cristal,7,0.2376536334701157,0.908239812630091,2.2921660770954224,1.0437106159654659,86.42198566566883,1.7662093058949067,0.43473343221645067,84677.52659688519,0.9565973354718329,-0.589175328845828
GARAGEM / VAGA RESIDENCIAL,baseline,bairro,cristo redentor,7,0.2903064447204683,0.36734881921847273,0.8348847525300663,1.0428035944222807,33.875040403883716,1.0155543464772374,0.2903841429172506,75660.70221498834,0.403745477695484,-0.046340853917287275
GARAGEM / VAGA RESIDENCIAL,baseline,bairro,farrapos,1,0.11832732552751501,0.11832732552751501,0.11832732552751501,0.881672674472485,0.0,1.0,0.12593440923457738,27570.266847911,0.18890161385186607,
GARAGEM / VAGA RESIDENCIAL,baseline,bairro,floresta,4,0.36496444350228496,0.3779901526300904,0.5925284427609683,1.2270126572361795,26.968679284105328,0.8302524409168535,0.34574495793169113,230273.15153397722,0.6084706361534228,0.2110282715707502
GARAGEM / VAGA RESIDENCIAL,baseline,bairro,gloria,1,0.2673145885835826,0.2673145885835826,0.2673145885835826,1.2673145885835826,0.0,1.0,0.23690016458667892,48116.625945044885,0.35535024688001837,
GARAGEM / VAGA RESIDENCIAL,baseline,bairro,higienopolis,9,0.26003220241747305,0.21734709704889482,0.4643458152206097,0.9651446187128234,21.075119210728605,1.0711182134279194,0.25851910578077697,20669.370286663998,0.3632971472968339,-0.3204644441199112
GARAGEM / VAGA RESIDENCIAL,baseline,bairro,hipica,1,0.05713770612630409,0.05713770612630409,0.05713770612630409,0.9428622938736959,0.0,1.0,0.058835036838482214,1714.1311837891226,0.08825255525772333,
GARAGEM / VAGA RESIDENCIAL,baseline,bairro,humaita,5,0.5428571428571428,0.5128919880615557,0.8306662131969119,1.323487554690897,31.260929719146834,1.0110177368763966,0.46463951691024763,60249.20635485539,0.688405752751825,-0.016383720678419034
GARAGEM / VAGA RESIDENCIAL,baseline,bairro,independencia,2,0.09801056198500252,0.09801056198500252,0.13602174090544805,0.9019894380149975,5.267686255298137,1.0474029282452786,0.10454182294911554,67938.37668491527,0.19244412213382855,
GARAGEM / VAGA RESIDENCIAL,baseline,bairro,ipanema,3,0.32605613414405865,0.4416520095742776,0.7752832318129,0.6739438658559413,38.39489494650683,1.9960049453942255,0.8994058582020846,153939.08843863642,1.5382711516468772,
GARAGEM / VAGA RESIDENCIAL,baseline,bairro,jar leopoldina,2,3.765290913636478,3.765290913636478,6.044186558261258,4.765290913636478,59.77850266453393,1.4746744826362659,1.3402834564635127,15455.14385420746,2.4646276446850446,
GARAGEM / VAGA RESIDENCIAL,baseline,bairro,jar sao pedro,1,1.0603151775159212,1.0603151775159212,1.0603151775159212,2.060315177515921,0.0,1.0,0.7228589698925044,21206.303550318422,1.0842884548387566,
GARAGEM / VAGA RESIDENCIAL,baseline,bairro,jardim botanico,3,0.37433817074739006,2.251938000620106,5.098113427461296,1.37433817074739,149.80880212346497,2.0792149648837497,0.8001600409296987,19591.988517548667,1.6996633895481041,
GARAGEM / VAGA RESIDENCIAL,baseline,bairro,jardim carvalho,5,0.10635960648712373,0.28653269502343887,0.6910109201448134,1.1063596064871237,23.975999500583836,1.0692924749676358,0.2222072620984005,9312.886616698486,0.36618335242670014,-0.4897793780507682
GARAGEM / VAGA RESIDENCIAL,baseline,bairro,jardim do salso,8,0.12350922200966685,0.17534414932425424,0.2918473091637681,0.8764907779903331,12.959581683205524,1.0774218338357087,0.184531882296884,29720.28463303864,0.32013088272463097,-0.02638798825202742
GARAGEM / VAGA RESIDENCIAL,baseline,bairro,jardim europa,9,0.35209444910930277,0.4528267764378218,0.9167627909798317,1.0862426118788555,40.80527307248293,1.214099888197323,0.4121545484325788,39885.81642558894,0.6525315138951976,-0.7516635686036233
GARAGEM / VAGA RESIDENCIAL,baseline,bairro,jardim itu,5,0.2187425010427182,0.19920826377591205,0.3257929164235789,0.9786567905194185,19.91909970566211,0.8828249032253083,0.22105576628176396,34667.44160570401,0.3439548480622682,0.12609122296102648
GARAGEM / VAGA RESIDENCIAL,baseline,bairro,jardim lindoia,6,0.3069671642823002,0.33900888632294945,0.6742019490852892,1.3069671642823002,17.680914847382063,1.0616806863646926,0.27173817101615044,52504.97261083462,0.4797217166323614,-0.035936524271135736
GARAGEM / VAGA RESIDENCIAL,baseline,bairro,medianeira,2,1.3351337973647035,1.3351337973647035,1.8337885413903963,2.3351337973647035,26.69304991155355,1.0073467643329457,0.8111103305739373,660097.6072924109,1.3055375046498303,
GARAGEM / VAGA RESIDENCIAL,baseline,bairro,menino deus,22,0.2701371321782234,0.4250232444932199,0.6201930041821976,1.1906513208522553,34.02101687838767,1.3570894297781135,0.3125366649992053,89332.18767708931,0.6375105907379106,-0.11348658256404567
GARAGEM / VAGA RESIDENCIAL,baseline,bairro,moinhos vento,9,0.29153281124528396,0.5934513519216402,1.1115256987142461,0.7927247617377028,66.14807711966762,1.7243870146895346,0.43527309418678883,269484.777781204,0.9892187049570798,-0.2450233693104638
GARAGEM / VAGA RESIDENCIAL,baseline,bairro,mont serrat,15,0.24547924320063175,0.2669190168364572,0.45358414797728835,0.8052547651139008,24.047777161070176,1.124577026039637,0.33730582984852187,190066.61721685386,0.5644270534190212,-0.037639351967217155
GARAGEM / VAGA RESIDENCIAL,baseline,bairro,morro santana,1,0.5753160617733333,0.5753160617733333,0.5753160617733333,0.4246839382266667,0.0,1.0,0.8564100614817528,28765.803088666664,1.2846150922226292,
GARAGEM / VAGA RESIDENCIAL,baseline,bairro,nonoai,3,0.43105075648044466,0.37384787821663695,0.600367431136617,1.4310507564804447,16.083586950418596,0.8912044172615583,0.3012414675454096,166597.31409678614,0.5782456461579725,
GARAGEM / VAGA RESIDENCIAL,baseline,bairro,partenon,8,0.21877541681294244,0.3205563472954307,0.6536951052267674,0.946783538784298,32.62575121789427,1.0787650719939257,0.2729601783143947,29183.37349505038,0.4197754177049462,-0.047273450034460034
GARAGEM / VAGA RESIDENCIAL,baseline,bairro,passo da areia,15,0.1999999963604736,0.6071687325061551,0.4168805323382877,0.8636113084031747,66.7485197143253,1.3639378654789442,0.330008434747806,63948.02413388435,0.725383979609177,-0.23156272032326272
GARAGEM / VAGA RESIDENCIAL,baseline,bairro,petropolis,37,0.1433052271833405,0.4663230621756491,1.0744504082964226,1.0171433705773267,45.80079281953155,1.267378010615059,0.32276883303813225,307122.250673941,0.564244959542102,-0.04902345451461887
GARAGEM / VAGA RESIDENCIAL,baseline,bairro,praia de belas,3,0.3005082921736488,0.8152711970106562,1.5610552695154212,1.3005082921736488,41.191041444197246,1.1346759007122293,0.5191802798988363,23623.476953294426,0.8167090045852834,
GARAGEM / VAGA RESIDENCIAL,baseline,bairro,rio branco,9,0.24075669346559114,1.0472501998280253,2.182844261079725,0.8779313864966227,116.62820498369568,1.06159847511946,0.5413415133330177,209438.19966429562,0.9278933275598956,-0.21377525519372959
GARAGEM / VAGA RESIDENCIAL,baseline,bairro,rubem berta,1,1.454545454162976,1.454545454162976,1.454545454162976,2.454545454162976,0.0,1.0,0.897941593050134,15999.99999579274,1.346912389575201,
GARAGEM / VAGA RESIDENCIAL,baseline,bairro,santa cecilia,2,0.04192777784808793,0.04192777784808793,0.0754699999939695,1.041927777682352,4.024057976585617,1.0057818923523223,0.04026232147437852,1778.8449586721733,0.07374140194004936,
GARAGEM / VAGA RESIDENCIAL,baseline,bairro,santa m goretti,2,0.6930358778598551,0.6930358778598551,0.8775826943133987,1.2306835205669295,56.313086693531055,1.18882285346536,0.6374061856934011,24529.351366549487,0.9684555732216151,
GARAGEM / VAGA RESIDENCIAL,baseline,bairro,santana,10,0.30302899675549866,0.9432932251051017,1.5823006529508896,1.012972098687291,93.12134325590152,1.556916635074953,0.4961458586794338,34682.66510350379,0.9567472323368209,-0.5228403800640484
GARAGEM / VAGA RESIDENCIAL,baseline,bairro,santo antonio,4,0.2592038431014644,0.7546019212474353,1.7333333322980804,0.8241294901914293,81.45183441451432,1.6746870318597145,0.4991044674335532,53425.878323228804,1.0572610106181877,-0.36928873327467265
GARAGEM / VAGA RESIDENCIAL,baseline,bairro,sao geraldo,2,0.06632653061224492,0.06632653061224492,0.0704081632653061,0.9948979591836735,6.666666666666668,1.0044642857142858,0.06676569631226133,2525.3813613805264,0.08821708848700338,
GARAGEM / VAGA RESIDENCIAL,baseline,bairro,sao joao,3,0.17757630933242774,0.7264348058158502,1.5661450898732,0.91155917689327,76.45740936120741,1.596442407060323,0.4524601457322344,25646.866529308547,0.923791880362581,
GARAGEM / VAGA RESIDENCIAL,baseline,bairro,sao sebastiao,3,0.5568522543523482,0.41740533104050526,0.560967855923326,0.4431477456476518,52.30488368711035,0.7097426371768071,0.5881912829315815,30884.009830589748,1.2973059473637523,
GARAGEM / VAGA RESIDENCIAL,baseline,bairro,sarandi,5,0.05849700360474097,0.04932657348880465,0.07142857142857129,0.9760054343362088,3.689938289452302,0.9971734487208463,0.05017339577650728,2866.8799223642354,0.07295708056804222,0.0030654897174976895
GARAGEM / VAGA RESIDENCIAL,baseline,bairro,teresopolis,2,0.2362435309008264,0.2362435309008264,0.33332521075061444,1.121352099812235,21.067738753990316,1.0310306932761242,0.21388009065226582,8252.491656908845,0.339096519611864,
GARAGEM / VAGA RESIDENCIAL,baseline,bairro,tres figueiras,2,0.35262851601521616,0.35262851601521616,0.5360743234152614,0.7706927407499434,45.75474730332628,0.807346701828331,0.49420495777672724,49620.55845682218,0.8458256210960902,
GARAGEM / VAGA RESIDENCIAL,baseline,bairro,tristeza,14,0.2741716147531864,0.3255066487251284,0.7091736764260324,0.9994731231157225,32.56782410620562,1.208053788145408,0.30527900808863623,108837.15993364181,0.4814673887863784,-0.0961739200342615
GARAGEM / VAGA RESIDENCIAL,baseline,bairro,vila assuncao,1,0.190063159515508,0.190063159515508,0.190063159515508,1.190063159515508,0.0,1.0,0.17400638093811416,5701.894785465243,0.26100957140717124,
GARAGEM / VAGA RESIDENCIAL,baseline,bairro,vila ipiranga,6,0.7932353216675042,1.0196951064555144,2.0835401833823943,1.7932353216675043,51.268448400448484,2.0955693648454448,0.6183046562509942,61566.192925305826,1.40839913740869,-0.22647376926828464
GARAGEM / VAGA RESIDENCIAL,baseline,bairro,vila jardim,3,1.8573557273059014,1.4881471471972052,2.4190444787945142,2.8573557273059014,29.30270570377962,1.01477052072298,0.7886757876073727,80221.48502795844,1.3942121144942103,
GARAGEM / VAGA RESIDENCIAL,baseline,bairro,vila nova,6,0.3844855714285712,1.0360354673157623,2.6673962175903863,0.8009182346277064,128.78669793592871,1.6875513292612097,0.5915894014682278,17740.87727574492,1.286193634749351,-0.549365441356554
GARAGEM / VAGA RESIDENCIAL,baseline,bairro,vila sao jose,1,0.781771906756932,0.781771906756932,0.781771906756932,1.781771906756932,0.0,1.0,0.5776083224032164,15635.43813513864,0.8664124836048246,
GARAGEM / VAGA RESIDENCIAL,baseline,tile,-3334|-4929,1,0.5428571428571428,0.5428571428571428,0.5428571428571428,0.4571428571428572,0.0,1.0,0.7827593392496324,27142.85714285714,1.1741390088744486,
GARAGEM / VAGA RESIDENCIAL,baseline,tile,-3334|-4930,2,0.5238638600207988,0.5238638600207988,0.8482930876154258,1.4055365344932838,37.271450948776604,1.5064862527784397,0.39157184373194087,21029.796331675712,0.859850000728491,
GARAGEM / VAGA RESIDENCIAL,baseline,tile,-3335|-4930,3,0.3234875546908971,0.3640674676455176,0.6107494639151043,1.323487554690897,15.021298137202105,1.005356837941927,0.294409655690767,75913.79888758407,0.47476934124847975,
GARAGEM / VAGA RESIDENCIAL,baseline,tile,-3336|-4926,3,0.36187401499826266,0.4647915240763514,0.6967269979312155,1.3618740149982627,12.93266788457399,1.146819734515937,0.370170936788381,73586.89360391205,0.6254297898295006,
GARAGEM / VAGA RESIDENCIAL,baseline,tile,-3336|-4927,1,0.5679636545061246,0.5679636545061246,0.5679636545061246,1.5679636545061246,0.0,1.0,0.44977774213541155,17038.909635183736,0.6746666132031174,
GARAGEM / VAGA RESIDENCIAL,baseline,tile,-3337|-4921,1,1.454545454162976,1.454545454162976,1.454545454162976,2.454545454162976,0.0,1.0,0.897941593050134,15999.99999579274,1.346912389575201,
GARAGEM / VAGA RESIDENCIAL,baseline,tile,-3337|-4924,5,0.05849700360474097,0.04932657348880465,0.07142857142857129,0.9760054343362088,3.689938289452302,0.9971734487208463,0.05017339577650728,2866.8799223642354,0.07295708056804222,0.0030654897174976895
GARAGEM / VAGA RESIDENCIAL,baseline,tile,-3337|-4925,1,0.5568522543523482,0.5568522543523482,0.5568522543523482,0.4431477456476518,0.0,1.0,0.8138520529196578,27842.61271761741,1.2207780793794867,
GARAGEM / VAGA RESIDENCIAL,baseline,tile,-3337|-4926,4,0.09388789307274836,0.19176970749292144,0.4334078241571785,1.035857545601259,17.67777475922839,0.8868748175276531,0.25521506736785876,22866.300681982077,0.37705003774203727,0.10978094307268707
GARAGEM / VAGA RESIDENCIAL,baseline,tile,-3337|-4927,4,0.4454500155051281,0.5392704233511416,1.0365614155869052,1.445450015505128,25.10220897568746,1.019091863300345,0.3907782263603597,99454.35522557549,0.6472000503570101,-0.051821151724773584
GARAGEM / VAGA RESIDENCIAL,baseline,tile,-3337|-4928,2,0.7613337674044234,0.7613337674044234,1.0005188954936217,1.2989814101114978,58.61005873356374,1.3354450565777174,0.6717054212427054,22182.555826640677,1.0936530874125892,
GARAGEM / VAGA RESIDENCIAL,baseline,tile,-3337|-4929,2,1.4185033417175887,1.4185033417175887,1.814330496350232,2.4185033417175887,20.458269986900874,1.0659282866944926,0.8617712968035605,27318.530835870373,1.3864144443820259,
GARAGEM / VAGA RESIDENCIAL,baseline,tile,-3337|-4930,1,0.08844082310672996,0.08844082310672996,0.08844082310672996,0.91155917689327,0.0,1.0,0.09259876443292439,32723.10454949009,0.1388981466493866,
GARAGEM / VAGA RESIDENCIAL,baseline,tile,-3337|-4932,2,0.06632653061224492,0.06632653061224492,0.0704081632653061,0.9948979591836735,6.666666666666668,1.0044642857142858,0.06676569631226133,2525.3813613805264,0.08821708848700338,
GARAGEM / VAGA RESIDENCIAL,baseline,tile,-3338|-4922,1,6.613910469417453,6.613910469417453,6.613910469417453,7.613910469417453,0.0,1.0,2.0299768992120875,19841.73140825236,3.044965348818131,
GARAGEM / VAGA RESIDENCIAL,baseline,tile,-3338|-4925,3,0.10781383566069791,0.148205927036691,0.27393135590717443,0.9786567905194185,14.41685432965865,0.9151834813940588,0.16765736650829713,20280.16259418242,0.25880199087916145,
GARAGEM / VAGA RESIDENCIAL,baseline,tile,-3338|-4926,5,0.24666305268118127,0.6816833531317898,1.7403974170413523,1.0428035944222807,64.54932049023554,1.6895625249142052,0.4044261148733902,66299.38920487052,0.8489906582957869,-0.4236023815542366
GARAGEM / VAGA RESIDENCIAL,baseline,tile,-3338|-4927,7,0.24668052685949915,1.072708611206785,2.6828979591712545,0.8441558441558442,121.68734970005058,1.6080719217927328,0.47950284820278977,40029.1634607996,1.1059482470517263,-0.5116107151322045
GARAGEM / VAGA RESIDENCIAL,baseline,tile,-3338|-4928,8,0.1313125614297247,0.1962658953907934,0.34985831793214534,0.9188935426685081,20.266720140284498,1.0149774330140162,0.19687284191010468,79171.62248497555,0.29726533351259493,0.00038709622542701686
GARAGEM / VAGA RESIDENCIAL,baseline,tile,-3338|-4929,5,0.17757630933242774,0.1902981777347616,0.377572012551897,0.9651446187128234,18.03761366299161,1.0160459686187493,0.21883219834017265,11925.397888705587,0.28962419137604756,1.2197310600948408
GARAGEM / VAGA RESIDENCIAL,baseline,tile,-3338|-4930,7,0.2849143005765711,0.32814752711202827,0.6307645573657796,0.9527918690563332,33.06665342711854,1.1731268736101734,0.3382328161756495,23100.899196922262,0.5249152098340741,-0.8594485234586595
GARAGEM / VAGA RESIDENCIAL,baseline,tile,-3338|-4931,2,0.3910158617578958,0.3910158617578958,0.628498880244714,1.3910158617578958,21.340789941343584,0.9116619577502707,0.3067280085790074,311705.16697120684,0.5713401504274144,
GARAGEM / VAGA RESIDENCIAL,baseline,tile,-3338|-4932,1,0.35986322582298613,0.35986322582298613,0.35986322582298613,1.3598632258229861,0.0,1.0,0.3073841254427304,131350.0774253899,0.4610761881640956,
GARAGEM / VAGA RESIDENCIAL,baseline,tile,-3339|-4922,1,0.9166713578555024,0.9166713578555024,0.9166713578555024,1.9166713578555024,0.0,1.0,0.6505900137149379,9166.713578555024,0.9758850205724068,
GARAGEM / VAGA RESIDENCIAL,baseline,tile,-3339|-4925,1,0.3326810367267691,0.3326810367267691,0.3326810367267691,0.6673189632732309,0.0,1.0,0.4044871415635282,13307.241469070763,0.6067307123452923,
GARAGEM / VAGA RESIDENCIAL,baseline,tile,-3339|-4926,1,1.2854771007316281,1.2854771007316281,1.2854771007316281,2.285477100731628,0.0,1.0,0.8265747993702393,22495.849262803495,1.2398621990553589,
GARAGEM / VAGA RESIDENCIAL,baseline,tile,-3339|-4927,12,0.30074290189705255,0.49521011228551104,1.0731404624930272,0.9831238919686351,50.37107899940142,1.24978942513337,0.4215594535965021,35428.3718619635,0.6674847558202623,-0.6368190944350934
GARAGEM / VAGA RESIDENCIAL,baseline,tile,-3339|-4928,1,0.030625000000000124,0.030625000000000124,0.030625000000000124,1.0306250000000001,0.0,1.0,0.03016541433172642,1225.0000000000073,0.045248121497589625,
GARAGEM / VAGA RESIDENCIAL,baseline,tile,-3339|-4929,6,0.3476891349166522,0.3141489501194758,0.389555277614054,0.6523108650833478,32.208699484517886,1.2152370549317573,0.36938809196351846,186492.9051376063,0.7609964448977914,-0.07568232803617633
GARAGEM / VAGA RESIDENCIAL,baseline,tile,-3339|-4930,12,0.24712302463157648,0.27951042742189663,0.452495539251462,0.7798877609566346,27.51618372152691,1.2487701241312696,0.35521321598164807,260856.81836041334,0.6593858913520682,-0.07893199102156777
GARAGEM / VAGA RESIDENCIAL,baseline,tile,-3339|-4931,11,0.27288016330902076,0.5209516484014909,0.6428300420782456,0.7927813758180738,60.85160469551233,1.6588985146446495,0.38954908904153046,243823.36733863107,0.9108589130925884,-0.2334165591664212
GARAGEM / VAGA RESIDENCIAL,baseline,tile,-3339|-4932,2,0.3307992362134339,0.3307992362134339,0.3622123761879538,0.6692007637865661,5.867659915085436,1.0010574879515917,0.4033956104555886,20442.616820329346,0.6194288091095309,
GARAGEM / VAGA RESIDENCIAL,baseline,tile,-3339|-4933,1,0.14552453563555945,0.14552453563555945,0.14552453563555945,0.8544754643644406,0.0,1.0,0.15726749027999348,96046.19351946923,0.23590123541999022,
GARAGEM / VAGA RESIDENCIAL,baseline,tile,-3340|-4925,1,0.2187425010427182,0.2187425010427182,0.2187425010427182,1.2187425010427182,0.0,1.0,0.19781959032039995,67810.17532324261,0.2967293854805999,
GARAGEM / VAGA RESIDENCIAL,baseline,tile,-3340|-4927,3,0.04761904761904767,0.8695338740324209,2.0570971428571436,1.0476190476190477,81.4858091879432,1.4045080425108898,0.43921593150133037,16644.728868000664,0.8360340091839422,
GARAGEM / VAGA RESIDENCIAL,baseline,tile,-3340|-4929,7,0.22415220935218527,0.5620240097428256,1.3636863563778352,1.0171433705773267,55.01436405032998,1.0819691576453585,0.43315545120868826,674947.5322343917,0.6185817394438645,0.14274594020582276
GARAGEM / VAGA RESIDENCIAL,baseline,tile,-3340|-4930,25,0.2999334211433268,0.4085044359759934,1.024452245672703,0.965339355065877,42.008591577922545,1.1524279777715265,0.36313671875795545,265338.20554027165,0.5567314866753751,-0.0669722279509216
GARAGEM / VAGA RESIDENCIAL,baseline,tile,-3340|-4931,14,0.24075669346559114,0.690061040975891,0.9957948394903555,0.8548269776570139,75.10295118942467,1.766124391455439,0.39450748061462926,149412.42114289562,0.9450867247763803,-0.33751724676556794
GARAGEM / VAGA RESIDENCIAL,baseline,tile,-3340|-4932,4,0.29163398487637837,0.40754667157564045,0.8125178118264161,0.8748215910825063,43.700153414750616,1.5660916191264669,0.36242224210147017,137015.72294283385,0.7628318308215417,-0.22296183655295515
GARAGEM / VAGA RESIDENCIAL,baseline,tile,-3340|-4933,4,0.17452865231106623,0.18660084416549513,0.2960246026531767,0.9729216884089344,19.179431026011194,1.1921321954142607,0.18454795200793125,92335.66038628783,0.3340941042728031,-0.09316660476052882
GARAGEM / VAGA RESIDENCIAL,baseline,tile,-3340|-4934,4,0.1999081161048446,0.1973415343970798,0.3403617576558574,0.8000918838951554,16.343019539731856,1.0187694767520006,0.23390600653520988,12213.009197141317,0.39557565874200784,-0.5260277308806517
GARAGEM / VAGA RESIDENCIAL,baseline,tile,-3341|-4925,2,0.5212444589197951,0.5212444589197951,0.8531523408659322,1.521244458919795,27.27272727272727,1.0803571428571428,0.3808828857100772,13498.016210671749,0.6974749024731689,
GARAGEM / VAGA RESIDENCIAL,baseline,tile,-3341|-4927,4,1.3297838266246311,1.3275417557859333,2.176481166849432,2.329783826624631,39.76488214172489,1.1550064551017456,0.8120873242368833,172991.25577953886,1.4064402384869794,-0.06420049381991492
GARAGEM / VAGA RESIDENCIAL,baseline,tile,-3341|-4928,5,0.0953389453224689,0.0996062191249292,0.13130172016638297,1.095338945322469,7.3528317790914315,1.0461786282702277,0.09877814556681866,30715.93592663573,0.1852642141475514,-0.03610398050117848
GARAGEM / VAGA RESIDENCIAL,baseline,tile,-3341|-4929,13,0.13280706935437958,0.5696790924518831,1.2957553742119052,0.982431581514139,57.84908448986981,1.4817126316977822,0.33729062829184,35305.71972778123,0.6873749280835111,-0.23861379520092918
GARAGEM / VAGA RESIDENCIAL,baseline,tile,-3341|-4930,11,0.20039222606311546,0.3177176792189479,0.7670427619211186,0.9788632525847129,32.26151925642131,1.2540035075099354,0.2638228530814997,42001.06195063973,0.46832893431368744,-0.12348509840072397
GARAGEM / VAGA RESIDENCIAL,baseline,tile,-3341|-4931,3,0.8247471863562383,0.6224360943545518,0.9989983145045928,1.8247471863562383,19.044850057453054,0.8225995594674548,0.4385486365041574,361305.65593965276,0.8845243657164438,
GARAGEM / VAGA RESIDENCIAL,baseline,tile,-3341|-4932,3,0.08385555553043988,0.14338429767970726,0.265033668781188,1.0359691404148068,12.683252722710833,1.0555782915129843,0.16246714714720448,10879.515138629427,0.23888833721180447,
GARAGEM / VAGA RESIDENCIAL,baseline,tile,-3341|-4933,3,0.2925501534568009,0.2583815658702376,0.403439305846197,1.292550153456801,12.445540130190416,1.0491142113106264,0.22263544994933618,8547.158150017207,0.40603096525078214,
GARAGEM / VAGA RESIDENCIAL,baseline,tile,-3342|-4925,3,0.3233333333333335,0.2998478163110066,0.5249195160853333,0.999105946173647,29.981785166638016,1.0977305410367413,0.3791527737478642,17251.219313856567,0.5011769155687806,
GARAGEM / VAGA RESIDENCIAL,baseline,tile,-3342|-4926,1,0.06594717011791762,0.06594717011791762,0.06594717011791762,0.9340528298820824,0.0,1.0,0.06822227931000827,1978.415103537529,0.1023334189650124,
GARAGEM / VAGA RESIDENCIAL,baseline,tile,-3342|-4927,1,0.3052440016662603,0.3052440016662603,0.3052440016662603,0.6947559983337397,0.0,1.0,0.3641945765950826,15262.200083313015,0.5462918648926238,
GARAGEM / VAGA RESIDENCIAL,baseline,tile,-3342|-4928,7,0.12350922200966685,0.15678702756111051,0.23275930633402153,0.8764907779903331,11.848898636538454,1.099256357340933,0.15886578311142704,31244.263011603038,0.3017195339453847,-0.03384587027330219
GARAGEM / VAGA RESIDENCIAL,baseline,tile,-3342|-4930,10,0.4028884834538216,0.9701985664781547,1.5882842379385562,1.2383783801102728,76.69019936369976,2.5459663649878292,0.484750544869134,166655.20548446922,1.2506325707302453,-0.4439366609006068
GARAGEM / VAGA RESIDENCIAL,baseline,tile,-3342|-4931,5,0.44394641818979674,0.4743547141729783,0.8612405433210979,1.4439464181897967,26.702197926318,1.1229338378316391,0.37462701830335116,41836.12056138529,0.6830448589846665,-0.11052933696369008
GARAGEM / VAGA RESIDENCIAL,baseline,tile,-3342|-4932,5,0.27662353925446703,1.3409083254359542,3.6805453161199764,0.8149256474539213,159.50945730716478,2.242475934004673,0.5652069697929136,51557.322410366825,1.4701001046326354,-0.8702366476414711
GARAGEM / VAGA RESIDENCIAL,baseline,tile,-3342|-4933,9,0.23793690280140511,0.5317305357984539,0.9619026977450507,1.0892837791359846,47.06222070297022,1.6796967026983913,0.3451725337732799,132368.68525674668,0.7648949054879595,-0.21128966934536939
GARAGEM / VAGA RESIDENCIAL,baseline,tile,-3342|-4934,3,0.3005082921736488,0.39672415106804565,0.5565423592531558,1.3005082921736488,9.007698326633754,1.0154892113694463,0.3279465920771736,14291.517900641296,0.4895286679195954,
GARAGEM / VAGA RESIDENCIAL,baseline,tile,-3343|-4928,1,0.046644421438760575,0.046644421438760575,0.046644421438760575,0.9533555785612394,0.0,1.0,0.04776732995343938,20663.478697370912,0.07165099493015907,
GARAGEM / VAGA RESIDENCIAL,baseline,tile,-3343|-4930,2,0.19361803692555335,0.19361803692555335,0.220775676662705,0.8063819630744467,4.209797741756474,1.008491087001279,0.21608465512304004,10658.819019233657,0.3384356442927701,
GARAGEM / VAGA RESIDENCIAL,baseline,tile,-3343|-4931,6,0.271659540342871,0.5764751965798335,1.3445384653647765,0.886772415968147,62.76082636618047,1.1340327233045087,0.39891071285171026,32974.60200949988,0.6787862629048714,-0.2219037202823095
GARAGEM / VAGA RESIDENCIAL,baseline,tile,-3343|-4933,8,0.25001286810984275,0.3215590505042979,0.6454251205300544,1.214117198562411,24.65398844558543,0.9162636665194773,0.2686123032477993,119762.31196891126,0.4709814430308976,0.05612243253806506
GARAGEM / VAGA RESIDENCIAL,baseline,tile,-3343|-4934,5,0.3571370622004697,0.6096487585837511,1.3328361576739907,1.3571370622004697,31.051675829482093,1.1994990333352966,0.40808411295344893,55512.53117005014,0.729353991023203,-0.10352022249002481
GARAGEM / VAGA RESIDENCIAL,baseline,tile,-3344|-4928,1,0.781771906756932,0.781771906756932,0.781771906756932,1.781771906756932,0.0,1.0,0.5776083224032164,15635.43813513864,0.8664124836048246,
GARAGEM / VAGA RESIDENCIAL,baseline,tile,-3344|-4930,1,0.3662889249077499,0.3662889249077499,0.3662889249077499,1.36628892490775,0.0,1.0,0.31209825042866157,58606.227985239995,0.46814737564299236,
GARAGEM / VAGA RESIDENCIAL,baseline,tile,-3344|-4931,1,0.9996040000000008,0.9996040000000008,0.9996040000000008,1.9996040000000008,0.0,1.0,0.6929491609553579,19992.080000000016,1.0394237414330367,
GARAGEM / VAGA RESIDENCIAL,baseline,tile,-3344|-4932,1,1.9584522273968195,1.9584522273968195,1.9584522273968195,2.9584522273968195,0.0,1.0,1.0846662354283787,871511.2411915846,1.6269993531425682,
GARAGEM / VAGA RESIDENCIAL,baseline,tile,-3344|-4933,2,0.5521007716163618,0.5521007716163618,0.833718893804194,1.35202265273479,40.83517169624382,1.0619498643477776,0.4336314813330786,19996.815442248666,0.7165736333012231,
GARAGEM / VAGA RESIDENCIAL,baseline,tile,-3345|-4931,1,0.2673145885835826,0.2673145885835826,0.2673145885835826,1.2673145885835826,0.0,1.0,0.23690016458667892,48116.625945044885,0.35535024688001837,
GARAGEM / VAGA RESIDENCIAL,baseline,tile,-3345|-4932,1,0.35759563071306144,0.35759563071306144,0.35759563071306144,1.3575956307130614,0.0,1.0,0.3057152165422036,10727.86892139184,0.4585728248133054,
GARAGEM / VAGA RESIDENCIAL,baseline,tile,-3346|-4932,1,0.11489143108859134,0.11489143108859134,0.11489143108859134,0.8851085689114087,0.0,1.0,0.12204496476232798,4595.657243543654,0.183067447143492,
GARAGEM / VAGA RESIDENCIAL,baseline,tile,-3346|-4933,2,0.5368736781405523,0.5368736781405523,0.6215320154686385,1.5368736781405523,6.885596595560262,1.0036371793395993,0.42737406443111603,204035.77713187083,0.6612784832652032,
GARAGEM / VAGA RESIDENCIAL,baseline,tile,-3346|-4934,1,5.1741510130269885,5.1741510130269885,5.1741510130269885,6.1741510130269885,0.0,1.0,1.8203713852928225,25870.755065134945,2.730557077939234,
GARAGEM / VAGA RESIDENCIAL,baseline,tile,-3346|-4935,3,0.2980823098454365,0.23754523742842604,0.3562906911485879,1.0437106159654659,21.363683447863085,1.0207402429294032,0.23738237296500456,118007.18129579822,0.322446759439225,
GARAGEM / VAGA RESIDENCIAL,baseline,tile,-3347|-4934,7,0.1807674996042562,0.19389367987782594,0.4057586957414907,0.9506679116894786,18.217734818552913,1.0574772361217313,0.20073528252886155,28854.889982578494,0.29951791060834987,-0.03810813175795213
GARAGEM / VAGA RESIDENCIAL,baseline,tile,-3347|-4935,5,0.2376536334701157,0.3223713277860867,0.6214945665990854,0.8628538492822572,34.18216165899684,1.2796158879422679,0.298288954867809,40145.06545266159,0.5807793087773044,-0.18390230891247422
GARAGEM / VAGA RESIDENCIAL,baseline,tile,-3347|-4936,1,0.13263275431370447,0.13263275431370447,0.13263275431370447,1.1326327543137045,0.0,1.0,0.12454479385710593,59021.575669598475,0.1868171907856589,
GARAGEM / VAGA RESIDENCIAL,baseline,tile,-3348|-4934,4,0.2640595724698827,0.9555752157581766,2.3103629462166415,0.9671428572589459,98.80393662487937,1.647751722600217,0.5430777514112488,15291.177180706853,1.0564980071669245,-3.230489858247109
GARAGEM / VAGA RESIDENCIAL,baseline,tile,-3348|-4935,3,0.18019557420315335,0.3610405739621048,0.7093804611448993,1.1801955742031534,25.50216160268749,1.0372456249574526,0.2798540229234346,15226.43295605441,0.4447338908758053,
GARAGEM / VAGA RESIDENCIAL,baseline,tile,-3348|-4936,9,0.2465071788315406,0.22267215971922688,0.3833846623920931,0.9989462329936978,22.278984308228377,1.036486491901746,0.24197739975195245,75519.53084598614,0.3161203320239121,0.0024245878275022535
GARAGEM / VAGA RESIDENCIAL,baseline,tile,-3349|-4932,1,0.3844855714285712,0.3844855714285712,0.3844855714285712,0.6155144285714288,0.0,1.0,0.4852968915991984,15379.42285714285,0.7279453373987976,
GARAGEM / VAGA RESIDENCIAL,baseline,tile,-3349|-4933,4,0.44603701428571413,1.43323899148134,3.5313193217693986,0.8009182346277064,178.09558456193352,2.056854906120635,0.7425117480417255,20171.243788648357,1.6593379533357488,-0.6662397658387341
GARAGEM / VAGA RESIDENCIAL,baseline,tile,-3349|-4936,4,0.32027989849301414,0.4421993417500559,0.9034207140986893,0.8691441487178186,50.87756069029498,1.683570985279737,0.3837236762913425,166147.50602708687,0.8414992843444637,-0.23937562122623743
GARAGEM / VAGA RESIDENCIAL,baseline,tile,-3350|-4933,3,0.11130988834866362,0.30180764370771423,0.5785353986568018,1.0987712665406428,24.4713250502734,1.131173927830907,0.24669452283395113,7397.109292266196,0.41659708180854405,
GARAGEM / VAGA RESIDENCIAL,baseline,tile,-3351|-4933,2,0.6068230701870845,0.6068230701870845,0.8314366190215052,0.39317692981291547,71.4098195376373,2.0405507744158093,1.2901054447749805,188495.03192371476,2.291987655725264,
GARAGEM / VAGA RESIDENCIAL,baseline,tile,-3354|-4930,1,0.05713770612630409,0.05713770612630409,0.05713770612630409,0.9428622938736959,0.0,1.0,0.058835036838482214,1714.1311837891226,0.08825255525772333,
GARAGEM / VAGA RESIDENCIAL,baseline,periodo_ou_espaco,teste_espacial,60,0.269964012148791,0.3569220300898064,0.6539628117761771,1.0991832872527434,31.42784956340688,1.3092710280446331,0.3328951855515696,177550.69125816374,0.5934837860062002,-0.06852577187993916
LOJA,baseline,periodo_ou_espaco,validacao_1,90,0.6477424937763747,1.2294765042219877,3.2366676436818214,1.4941668050144208,77.87756215553267,1.8619952298880726,0.7141856404653992,973082.1446408216,1.420488219579675,-0.1804879865632307
LOJA,baseline,periodo_ou_espaco,validacao_2,90,0.6311802817330556,1.1022676339281228,2.462947394059563,1.5069343689029968,66.22686839821993,2.377117434993595,0.6741792881607906,1629160.1662863814,1.477729439024006,-0.1253412851621946
LOJA,baseline,periodo_ou_espaco,validacao_3,90,0.6923699623757062,1.1030043220461134,2.786564595503424,1.6923699623757062,55.06455374158683,1.6351436702834574,0.6450465352162829,841620.1472769157,1.2916382012656646,-0.18027314568077804
LOJA,f0_w0.45_k8-8_e6.4,periodo_ou_espaco,validacao_1,90,0.6346197014423496,1.3161138887205044,3.1116559002541115,1.489890657530162,84.05147706127815,1.8052849457807354,0.7220716116208663,963439.2520020682,1.426910892814393,-0.09321499528734152
LOJA,f0_w0.45_k8-8_e6.4,periodo_ou_espaco,validacao_2,90,0.6255476787464582,1.0824711479179692,2.536080197084022,1.477763739394185,67.28413089776562,2.2922408714735876,0.6525634308279392,1668708.3077407703,1.430803679964827,-0.07844524420184773
LOJA,f0_w0.45_k8-8_e6.4,periodo_ou_espaco,validacao_3,90,0.5986088286230816,1.0363952485291783,2.577960445353729,1.5986088286230817,55.980300096135736,1.4372247526093789,0.6034923290650303,339961.6810976279,1.1593669632184211,-0.13354345751919464
LOJA,f0_w0.9_k12-12_e9.6,periodo_ou_espaco,validacao_1,90,0.6399248971756272,1.23780677692015,3.6008367007596567,1.5104267654688526,76.13152144217827,1.827253501842881,0.7118064845763836,1067397.7628635366,1.4097384171146765,-0.15077060147656826
LOJA,f0_w0.9_k12-12_e9.6,periodo_ou_espaco,validacao_2,90,0.5833562261362224,1.0826316112926453,2.811854572872386,1.501136596920809,67.13727582579033,2.418737148364832,0.6682747139781239,1692227.326430372,1.4808519619923974,-0.10330826300063055
LOJA,f0_w0.9_k12-12_e9.6,periodo_ou_espaco,validacao_3,90,0.6105141125746745,1.0098749041702482,2.4061976377617342,1.602465821609215,54.20356956007238,1.5593389057362896,0.6138049943574514,841117.8459583705,1.207216685499684,-0.089158847683092
LOJA,f1050_w0.9_k16-48_e16,periodo_ou_espaco,validacao_1,90,0.7047763056090963,1.2484347161140965,3.370851853773152,1.6773317452822558,67.93321298650054,1.8234308491550542,0.7327609234134849,1059590.8686815342,1.4615560021112688,-0.1797368495479182
LOJA,f1050_w0.9_k16-48_e16,periodo_ou_espaco,validacao_2,90,0.5940949331861957,1.0834460735538478,2.630151427088194,1.4908310011876453,65.96434834302784,2.360395596677705,0.6562808144718951,1590728.614749781,1.4502731423837887,-0.15344887820329142
LOJA,f1050_w0.9_k16-48_e16,periodo_ou_espaco,validacao_3,90,0.7550836055598746,1.1190716791926614,2.6390594994837095,1.7550836055598746,54.01271012561525,1.653725510347863,0.6590055957279433,955978.4594990958,1.3268109320712733,-0.1515597559614849
LOJA,f1400_w0.9_k16-16_e12.8,periodo_ou_espaco,validacao_1,90,0.6782860166521493,1.2335888210508954,3.4023291360736185,1.6584705968222466,68.28480518107992,1.829762206349254,0.7218261587428508,1055998.6521506535,1.4475791051928748,-0.17995733602327235
LOJA,f1400_w0.9_k16-16_e12.8,periodo_ou_espaco,validacao_2,90,0.6482451325464729,1.124686034799278,3.1717860648023604,1.5623950214108273,65.30118870665014,2.3466289204873627,0.6709419147273736,1574703.6366027186,1.4837947417075665,-0.13999085440470618
LOJA,f1400_w0.9_k16-16_e12.8,periodo_ou_espaco,validacao_3,90,0.7322432573963085,1.136737584548252,2.703106804909869,1.7322432573963085,55.59986673921715,1.6298421057145922,0.665423276554092,931383.0147944468,1.3233731391962844,-0.13221279880597725
LOJA,f350_w0.45_k8-8_e6.4,periodo_ou_espaco,validacao_1,90,0.634656883720087,1.2418624195269539,2.8325841080405163,1.4796747930222303,79.44830312790158,1.861963663454836,0.7113146002740022,923578.6377940612,1.4166623546225425,-0.1549196871567762
LOJA,f350_w0.45_k8-8_e6.4,periodo_ou_espaco,validacao_2,90,0.6277196320046232,1.0592811677503413,2.202473967237252,1.451034800071544,66.60552086717986,2.38125210072574,0.6572020726212224,1682374.5948591826,1.4436675743944032,-0.11919123600873738
LOJA,f350_w0.45_k8-8_e6.4,periodo_ou_espaco,validacao_3,90,0.5728419721051166,1.0271612833247752,2.578284057523001,1.5713510726139475,56.436495089721305,1.4398537663743467,0.5991352816182187,353173.88517469936,1.1484652005433935,-0.14276868591740127
LOJA,f700_w0.9_k5-5_e4,periodo_ou_espaco,validacao_1,90,0.6462381462729327,1.3031494551635185,3.3273643523448766,1.5916130160580813,76.1576425020461,1.732810309533008,0.7093059747110572,691288.3739504006,1.4069463431626206,-0.0944733602676251
LOJA,f700_w0.9_k5-5_e4,periodo_ou_espaco,validacao_2,90,0.5705103849968538,1.1829800914836308,3.280504966401973,1.4574134918084356,75.5071180166141,2.4119203370662645,0.6900326547489217,1701418.2870157508,1.5073437169059338,-0.034412716963206975
LOJA,f700_w0.9_k5-5_e4,periodo_ou_espaco,validacao_3,90,0.5257225652544464,1.078254058132206,2.6151125972345257,1.5185308848810943,62.412279725698674,1.3645859407656984,0.619469004283926,516424.93023013417,1.1397968970434842,-0.045822936570914435
LOJA,baseline,decil_valor,1,4,0.388294729095781,1.1322253998594385,2.6862569206110685,1.388294729095781,64.85995630125753,0.9898744095645702,0.5696848713170646,197054.20977178207,0.900961453728741,1.5923830699563015
LOJA,baseline,decil_valor,2,3,0.7193575052096994,0.5746540182015659,0.7527377400016733,1.7193575052096994,10.03400100398184,0.9995430178008292,0.44194233319602105,74993.30460909287,0.7382312178085961,
LOJA,baseline,decil_valor,3,3,0.3631802759620726,0.35365793444803506,0.38927893469821945,1.3631802759620726,2.293990336097701,0.9997699754772861,0.30239484078332723,64725.98427907849,0.4631550461466287,
LOJA,baseline,decil_valor,4,4,0.5448579419855022,0.4987759878367499,0.7658339923377089,1.5448579419855022,14.03896174664046,1.0035419177747804,0.3854178841167405,115560.87834679338,0.6397490980550908,1.5805412900233975
LOJA,baseline,decil_valor,5,3,0.2410274200337521,1.3793525210448727,3.160750337155541,1.241027420033752,104.33108157179069,0.9839696801937265,0.6032000594846832,535706.0590676063,0.9800776615671826,
LOJA,baseline,decil_valor,6,3,0.36579132437687,0.42301876214607836,0.5145201247086348,1.36579132437687,4.884584341928389,0.9996041918967323,0.3507826733166861,107781.09324894,0.519059070139306,
LOJA,baseline,decil_valor,7,4,0.36817737461503725,0.3295901218316,0.47544122405319567,0.8212851286574894,40.1310227509371,1.0548559157160264,0.40262254576941325,126635.63406177153,0.628094662795373,2.9155934401527532
LOJA,baseline,decil_valor,8,3,0.37482680401439594,0.29501199077260937,0.39967196187479254,0.6251731959856041,27.20361715119452,0.9814655571903417,0.36321370178418905,143813.1422004688,0.6754402006376168,
LOJA,baseline,decil_valor,9,3,0.5178747809651221,0.48971905665025534,0.5286751449615695,1.517874780965122,20.890664608068715,0.9973881669760465,0.4626814906888011,308719.177806922,0.7248713701583273,
LOJA,baseline,decil_valor,10,4,0.4717100588698373,0.40848316414350877,0.55031942413399,0.826935053053959,49.39724862731808,0.9599551194174643,0.45989062250262197,578888.7166786975,0.6988326772957767,0.6139905900141617
LOJA,baseline,bairro,azenha,1,0.551702324791576,0.551702324791576,0.551702324791576,1.551702324791576,0.0,1.0,0.43935260232850026,137925.581197894,0.6590289034927503,
LOJA,baseline,bairro,bom fim,1,0.4199071530249624,0.4199071530249624,0.4199071530249624,0.5800928469750376,0.0,1.0,0.5445671072618226,260342.4348754767,0.8168506608927338,
LOJA,baseline,bairro,cavalhada,1,0.8410979758162247,0.8410979758162247,0.8410979758162247,1.8410979758162247,0.0,1.0,0.6103621196378172,168219.59516324493,0.9155431794567257,
LOJA,baseline,bairro,centro historic,3,0.5178747809651221,0.4757090453174509,0.5286751449615695,1.517874780965122,3.3708998673468127,0.9758797065794851,0.3880071199997868,270858.8195802641,0.6172979385225422,
LOJA,baseline,bairro,chacara pedras,1,0.11222642020434015,0.11222642020434015,0.11222642020434015,1.1122264202043401,0.0,1.0,0.1063637903932834,79012.8147486304,0.1595456855899251,
LOJA,baseline,bairro,cidade baixa,1,3.890681066435988,3.890681066435988,3.890681066435988,4.890681066435988,0.0,1.0,1.5873315711783582,926293.34829708,2.380997356767537,
LOJA,baseline,bairro,cristal,1,0.3631802759620726,0.3631802759620726,0.3631802759620726,1.3631802759620726,0.0,1.0,0.30982040806370237,65735.62994913512,0.46473061209555355,
LOJA,baseline,bairro,floresta,1,0.37482680401439594,0.37482680401439594,0.37482680401439594,0.6251731959856041,0.0,1.0,0.46972655405764446,146182.4535656144,0.7045898310864667,
LOJA,baseline,bairro,independencia,1,0.48402644954697893,0.48402644954697893,0.48402644954697893,0.5159735504530211,0.0,1.0,0.6616997736263268,183930.050827852,0.9925496604394902,
LOJA,baseline,bairro,ipanema,1,0.45540903123436804,0.45540903123436804,0.45540903123436804,0.544590968765632,0.0,1.0,0.6077202821234041,155294.4796509195,0.9115804231851061,
LOJA,baseline,bairro,jar leopoldina,1,0.40588325133989167,0.40588325133989167,0.40588325133989167,0.5941167486601083,0.0,1.0,0.5206794323663989,194823.960643148,0.7810191485495983,
LOJA,baseline,bairro,jardim sabara,1,0.7610827986996667,0.7610827986996667,0.7610827986996667,1.7610827986996667,0.0,1.0,0.565928846409704,91329.93584396,0.8488932696145559,
LOJA,baseline,bairro,moinhos vento,3,0.3987123391650127,0.5046244812523227,0.6552284720007621,1.3987123391650127,7.710756452385695,1.0102574811602774,0.4036576798414062,71263.8244360193,0.5958132138977088,
LOJA,baseline,bairro,nonoai,2,0.3902217855394361,0.3902217855394361,0.4776426395744198,1.390221785539436,7.860333414450715,1.0084325704572183,0.32636446737845637,90384.09152487574,0.5149455545701097,
LOJA,baseline,bairro,partenon,1,0.0856789714439572,0.0856789714439572,0.0856789714439572,1.0856789714439572,0.0,1.0,0.0822055714063621,6854.317715516576,0.12330835710954316,
LOJA,baseline,bairro,passo da areia,1,0.3515626372697891,0.3515626372697891,0.3515626372697891,1.351562637269789,0.0,1.0,0.3012614321419312,84417.22046122176,0.4518921482128968,
LOJA,baseline,bairro,passo pedras,1,0.24352175069533155,0.24352175069533155,0.24352175069533155,1.2435217506953316,0.0,1.0,0.2179474756204759,29222.610083439795,0.32692121343071384,
LOJA,baseline,bairro,petropolis,1,0.4850638036432525,0.4850638036432525,0.4850638036432525,0.5149361963567475,0.0,1.0,0.6637122765628938,412304.2330967646,0.9955684148443407,
LOJA,baseline,bairro,rio branco,2,0.035319584112324165,0.035319584112324165,0.05849599007028133,1.0353195841123242,2.7982188197749163,1.0012735374801454,0.03431850119407876,9602.27212590186,0.05930548984092491,
LOJA,baseline,bairro,santana,3,0.4583563140964221,1.4076562574826676,3.024977798661072,1.0979792885493467,125.22972964722628,2.3991827690723033,0.7490187476180727,433474.49496055755,1.5463928949868646,
LOJA,baseline,bairro,santo antonio,1,0.2410274200337521,0.2410274200337521,0.2410274200337521,1.241027420033752,0.0,1.0,0.21593960109018345,54050.39894256892,0.32390940163527515,
LOJA,baseline,bairro,sao geraldo,1,0.3019899279997764,0.3019899279997764,0.3019899279997764,1.3019899279997764,0.0,1.0,0.26389380796519374,54358.18703995977,0.3958407119477906,
LOJA,baseline,bairro,sao joao,1,0.36579132437687,0.36579132437687,0.36579132437687,1.36579132437687,0.0,1.0,0.311733985479627,93276.78771610186,0.46760097821944047,
LOJA,baseline,bairro,tristeza,1,0.5902180308878386,0.5902180308878386,0.5902180308878386,1.5902180308878386,0.0,1.0,0.463871133175735,118043.60617756774,0.6958066997636024,
LOJA,baseline,bairro,vila ipiranga,2,0.3413060177967804,0.3413060177967804,0.5308900984633723,1.3413060177967804,17.667862343785036,0.918831093604988,0.27778732108612625,614473.0885026464,0.5111053502747349,
LOJA,baseline,tile,-3337|-4929,1,0.36579132437687,0.36579132437687,0.36579132437687,1.36579132437687,0.0,1.0,0.311733985479627,93276.78771610186,0.46760097821944047,
LOJA,baseline,tile,-3337|-4931,1,0.3019899279997764,0.3019899279997764,0.3019899279997764,1.3019899279997764,0.0,1.0,0.26389380796519374,54358.18703995977,0.3958407119477906,
LOJA,baseline,tile,-3338|-4923,1,0.40588325133989167,0.40588325133989167,0.40588325133989167,0.5941167486601083,0.0,1.0,0.5206794323663989,194823.960643148,0.7810191485495983,
LOJA,baseline,tile,-3338|-4924,1,0.24352175069533155,0.24352175069533155,0.24352175069533155,1.2435217506953316,0.0,1.0,0.2179474756204759,29222.610083439795,0.32692121343071384,
LOJA,baseline,tile,-3338|-4926,1,0.10432591696354043,0.10432591696354043,0.10432591696354043,1.1043259169635404,0.0,1.0,0.0992351189285238,52162.95848177024,0.1488526783927857,
LOJA,baseline,tile,-3338|-4928,1,0.3515626372697891,0.3515626372697891,0.3515626372697891,1.351562637269789,0.0,1.0,0.3012614321419312,84417.22046122176,0.4518921482128968,
LOJA,baseline,tile,-3339|-4926,1,0.5782861186300203,0.5782861186300203,0.5782861186300203,1.5782861186300203,0.0,1.0,0.45633952324372873,867429.1779450304,0.6845092848655931,
LOJA,baseline,tile,-3339|-4931,3,0.3987123391650127,0.5046244812523227,0.6552284720007621,1.3987123391650127,7.710756452385695,1.0102574811602774,0.4036576798414062,71263.8244360193,0.5958132138977088,
LOJA,baseline,tile,-3339|-4933,2,0.3763519615204726,0.3763519615204726,0.37757208752533394,1.0015251575060766,37.577883960262795,1.253970291548721,0.3951352746262121,107977.77855478248,0.6029993578342122,
LOJA,baseline,tile,-3340|-4926,1,0.7610827986996667,0.7610827986996667,0.7610827986996667,1.7610827986996667,0.0,1.0,0.565928846409704,91329.93584396,0.8488932696145559,
LOJA,baseline,tile,-3340|-4932,5,0.09797928854934668,0.21451041186918726,0.45837873093817233,1.0063490766648777,21.189525730267306,1.1074768312476546,0.2736750726596154,143287.7168099241,0.3808555415038641,-0.3590124470604703
LOJA,baseline,tile,-3340|-4933,2,2.204277923700555,2.204277923700555,3.5534004378889015,3.204277923700555,52.62974008159195,1.3100659576327611,1.00232137863328,694090.4603591631,1.8511778555651368,
LOJA,baseline,tile,-3340|-4934,1,0.5313752359606814,0.5313752359606814,0.5313752359606814,1.5313752359606814,0.0,1.0,0.4261661787163789,335619.78728418215,0.6392492680745684,
LOJA,baseline,tile,-3341|-4927,1,0.11222642020434015,0.11222642020434015,0.11222642020434015,1.1122264202043401,0.0,1.0,0.1063637903932834,79012.8147486304,0.1595456855899251,
LOJA,baseline,tile,-3341|-4929,1,0.4850638036432525,0.4850638036432525,0.4850638036432525,0.5149361963567475,0.0,1.0,0.6637122765628938,412304.2330967646,0.9955684148443407,
LOJA,baseline,tile,-3341|-4931,1,0.4583563140964221,0.4583563140964221,0.4583563140964221,0.5416436859035779,0.0,1.0,0.6131468998105819,641698.8397349908,0.9197203497158728,
LOJA,baseline,tile,-3341|-4932,1,3.6666331698022345,3.6666331698022345,3.6666331698022345,4.6666331698022345,0.0,1.0,1.5404378630218665,388663.1159990368,2.3106567945328,
LOJA,baseline,tile,-3341|-4933,1,0.551702324791576,0.551702324791576,0.551702324791576,1.551702324791576,0.0,1.0,0.43935260232850026,137925.581197894,0.6590289034927503,
LOJA,baseline,tile,-3342|-4931,1,0.2410274200337521,0.2410274200337521,0.2410274200337521,1.241027420033752,0.0,1.0,0.21593960109018345,54050.39894256892,0.32390940163527515,
LOJA,baseline,tile,-3343|-4926,1,0.0856789714439572,0.0856789714439572,0.0856789714439572,1.0856789714439572,0.0,1.0,0.0822055714063621,6854.317715516576,0.12330835710954316,
LOJA,baseline,tile,-3346|-4933,2,0.3902217855394361,0.3902217855394361,0.4776426395744198,1.390221785539436,7.860333414450715,1.0084325704572183,0.32636446737845637,90384.09152487574,0.5149455545701097,
LOJA,baseline,tile,-3346|-4935,1,0.3631802759620726,0.3631802759620726,0.3631802759620726,1.3631802759620726,0.0,1.0,0.30982040806370237,65735.62994913512,0.46473061209555355,
LOJA,baseline,tile,-3349|-4934,1,0.8410979758162247,0.8410979758162247,0.8410979758162247,1.8410979758162247,0.0,1.0,0.6103621196378172,168219.59516324493,0.9155431794567257,
LOJA,baseline,tile,-3349|-4936,1,0.5902180308878386,0.5902180308878386,0.5902180308878386,1.5902180308878386,0.0,1.0,0.463871133175735,118043.60617756774,0.6958066997636024,
LOJA,baseline,tile,-3352|-4933,1,0.45540903123436804,0.45540903123436804,0.45540903123436804,0.544590968765632,0.0,1.0,0.6077202821234041,155294.4796509195,0.9115804231851061,
LOJA,f350_w0.45_k8-8_e6.4,decil_valor,1,4,0.20746257652395717,1.4046662234688698,3.6098909281291474,1.207462576523957,102.98285586721312,0.9971153854418523,0.5793604105199628,268410.9557107681,0.9325224984952961,2.223760691496172
LOJA,f350_w0.45_k8-8_e6.4,decil_valor,2,3,0.4786539827352905,0.43373139564057356,0.6309572868418845,1.4786539827352905,18.54254418298397,0.9987399041752392,0.35667671397497774,58534.43043263102,0.5992296210546939,
LOJA,f350_w0.45_k8-8_e6.4,decil_valor,3,3,0.3624431133795267,0.37606538237637305,0.4682877771288884,1.3624431133795267,5.474108733681815,0.99941692456278,0.3170149891317609,70598.29396136482,0.485631631229662,
LOJA,f350_w0.45_k8-8_e6.4,decil_valor,4,4,0.5306300006068702,0.5425678326337373,0.8731968897919257,1.53063000060687,17.697215002985615,1.004301412516898,0.41363883291709863,125120.26843740142,0.6728676722446308,1.7441978689173239
LOJA,f350_w0.45_k8-8_e6.4,decil_valor,5,3,0.0820512268574427,1.6266655251028437,3.801314056889913,1.0820512268574427,147.804011164535,0.9808376693206002,0.6313078801056475,650468.8471352038,1.0499213238728304,
LOJA,f350_w0.45_k8-8_e6.4,decil_valor,6,3,0.3170439849776163,0.4441773086562817,0.6723666711967428,1.3170439849776163,12.82940560562562,0.9973666628685854,0.35598461952809207,125849.01264262792,0.5270714488036666,
LOJA,f350_w0.45_k8-8_e6.4,decil_valor,7,4,0.30453226401692945,0.29600465763662337,0.5386263299213698,0.7577707449312898,39.06256075687685,1.0537833415617819,0.40763792527997356,136641.96484313862,0.6701749557246749,2.6065025668264017
LOJA,f350_w0.45_k8-8_e6.4,decil_valor,8,3,0.295475864784973,0.26077324218999703,0.32934913959534523,0.704524135215027,8.932320194312801,1.0115848634224716,0.30794029506765247,131685.77128502616,0.5111465766938464,
LOJA,f350_w0.45_k8-8_e6.4,decil_valor,9,3,0.5294173768709981,0.5082077347712018,0.5486995845206497,1.4416856910095448,25.038687236229478,0.9971546551318442,0.5200400625827095,319422.89577866165,0.7669680048040655,
LOJA,f350_w0.45_k8-8_e6.4,decil_valor,10,4,0.4580912925592552,0.38278763117359643,0.5185661034714217,0.8183214886928154,46.777169665318254,0.9593322243321726,0.43278737294783093,546986.136660939,0.670739216033513,0.5872018815078341
LOJA,f350_w0.45_k8-8_e6.4,bairro,azenha,1,0.25429059823970435,0.25429059823970435,0.25429059823970435,1.2542905982397043,0.0,1.0,0.22657015239710723,63572.64955992607,0.33985522859566086,
LOJA,f350_w0.45_k8-8_e6.4,bairro,bom fim,1,0.5294173768709981,0.5294173768709981,0.5294173768709981,0.4705826231290019,0.0,1.0,0.7537837282983646,328238.7736600188,1.130675592447547,
LOJA,f350_w0.45_k8-8_e6.4,bairro,cavalhada,1,0.9628221523678113,0.9628221523678113,0.9628221523678113,1.9628221523678113,0.0,1.0,0.674383311275391,192564.43047356227,1.0115749669130865,
LOJA,f350_w0.45_k8-8_e6.4,bairro,centro historic,3,0.4416856910095448,0.3821455834663056,0.5311532473483591,1.4416856910095448,9.301361963185588,0.9415117458335122,0.3157227323926193,257335.35297646179,0.5520168888044842,
LOJA,f350_w0.45_k8-8_e6.4,bairro,chacara pedras,1,0.0777591229829333,0.0777591229829333,0.0777591229829333,1.0777591229829333,0.0,1.0,0.07488399945078658,54746.174457669025,0.11232599917617987,
LOJA,f350_w0.45_k8-8_e6.4,bairro,cidade baixa,1,4.73112976439803,4.73112976439803,4.73112976439803,5.73112976439803,0.0,1.0,1.745912677853487,1126387.374307883,2.6188690167802307,
LOJA,f350_w0.45_k8-8_e6.4,bairro,cristal,1,0.3624431133795267,0.3624431133795267,0.3624431133795267,1.3624431133795267,0.0,1.0,0.309279495035584,65602.20352169435,0.463919242553376,
LOJA,f350_w0.45_k8-8_e6.4,bairro,floresta,1,0.14902640348707985,0.14902640348707985,0.14902640348707985,0.8509735965129201,0.0,1.0,0.16137417731439302,58120.29735996114,0.24206126597158953,
LOJA,f350_w0.45_k8-8_e6.4,bairro,independencia,1,0.5520063653158833,0.5520063653158833,0.5520063653158833,0.4479936346841166,0.0,1.0,0.8029762549624732,209762.41882003567,1.2044643824437098,
LOJA,f350_w0.45_k8-8_e6.4,bairro,ipanema,1,0.5074062473341716,0.5074062473341716,0.5074062473341716,0.49259375266582844,0.0,1.0,0.7080704757435018,173025.5303409525,1.0621057136152527,
LOJA,f350_w0.45_k8-8_e6.4,bairro,jar leopoldina,1,0.295475864784973,0.295475864784973,0.295475864784973,0.704524135215027,0.0,1.0,0.3502326895857491,141828.41509678704,0.5253490343786237,
LOJA,f350_w0.45_k8-8_e6.4,bairro,jardim sabara,1,0.4786539827352905,0.4786539827352905,0.4786539827352905,1.4786539827352905,0.0,1.0,0.39113220283143274,57438.477928234846,0.5866983042471491,
LOJA,f350_w0.45_k8-8_e6.4,bairro,moinhos vento,3,0.49474894306622885,0.4691881915552185,0.6341762789080722,1.4947489430662289,9.483211124076982,0.9966071253410105,0.377453300323837,72472.37269620644,0.6038397807299511,
LOJA,f350_w0.45_k8-8_e6.4,bairro,nonoai,2,0.24942350239928435,0.24942350239928435,0.367635679758962,1.2494235023992843,11.826672174474192,1.0127418789356737,0.21563936804792244,61869.914209031376,0.3628778640307516,
LOJA,f350_w0.45_k8-8_e6.4,bairro,partenon,1,0.1711426343170206,0.1711426343170206,0.1711426343170206,1.1711426343170206,0.0,1.0,0.1579798827632311,13691.410745361645,0.23696982414484666,
LOJA,f350_w0.45_k8-8_e6.4,bairro,passo da areia,1,0.3170439849776163,0.3170439849776163,0.3170439849776163,1.3170439849776163,0.0,1.0,0.27538982006040796,76128.60167282523,0.413084730090612,
LOJA,f350_w0.45_k8-8_e6.4,bairro,passo pedras,1,0.1535070913178973,0.1535070913178973,0.1535070913178973,0.8464929086821027,0.0,1.0,0.16665345466541515,18420.850958147683,0.24998018199812272,
LOJA,f350_w0.45_k8-8_e6.4,bairro,petropolis,1,0.47506643952120775,0.47506643952120775,0.47506643952120775,0.5249335604787922,0.0,1.0,0.6444835758677933,403806.4735930266,0.9667253638016899,
LOJA,f350_w0.45_k8-8_e6.4,bairro,rio branco,2,0.11412020190542016,0.11412020190542016,0.13977538194380212,1.1141202019054202,2.878412490244015,1.0013100833866488,0.10765060222419184,25481.53655350949,0.1695337648658973,
LOJA,f350_w0.45_k8-8_e6.4,bairro,santana,3,0.4411161455973026,1.8388575668884364,4.130230283416465,1.0229477371967513,179.0128913305349,2.655211573752572,0.8016582886329172,471968.1606280355,1.748796886056688,
LOJA,f350_w0.45_k8-8_e6.4,bairro,santo antonio,1,0.06681558405305787,0.06681558405305787,0.06681558405305787,0.9331844159469421,0.0,1.0,0.06915243855966169,14983.394723898236,0.10372865783949253,
LOJA,f350_w0.45_k8-8_e6.4,bairro,sao geraldo,1,0.2710040906833635,0.2710040906833635,0.2710040906833635,1.2710040906833635,0.0,1.0,0.23980721067842686,48780.73632300543,0.3597108160176403,
LOJA,f350_w0.45_k8-8_e6.4,bairro,sao joao,1,0.7611973427515244,0.7611973427515244,0.7611973427515244,1.7611973427515244,0.0,1.0,0.5659938861267612,194105.32240163872,0.8489908291901418,
LOJA,f350_w0.45_k8-8_e6.4,bairro,tristeza,1,0.6640712771148589,0.6640712771148589,0.6640712771148589,1.664071277114859,0.0,1.0,0.5092671762862355,132814.2554229718,0.7639007644293533,
LOJA,f350_w0.45_k8-8_e6.4,bairro,vila ipiranga,2,0.4375131374454402,0.4375131374454402,0.5172696807634417,1.0996956791475019,39.78492829803659,0.8340807798871054,0.4210911667417161,582179.1443316204,0.6587827420586901,
LOJA,f350_w0.45_k8-8_e6.4,tile,-3337|-4929,1,0.7611973427515244,0.7611973427515244,0.7611973427515244,1.7611973427515244,0.0,1.0,0.5659938861267612,194105.32240163872,0.8489908291901418,
LOJA,f350_w0.45_k8-8_e6.4,tile,-3337|-4931,1,0.2710040906833635,0.2710040906833635,0.2710040906833635,1.2710040906833635,0.0,1.0,0.23980721067842686,48780.73632300543,0.3597108160176403,
LOJA,f350_w0.45_k8-8_e6.4,tile,-3338|-4923,1,0.295475864784973,0.295475864784973,0.295475864784973,0.704524135215027,0.0,1.0,0.3502326895857491,141828.41509678704,0.5253490343786237,
LOJA,f350_w0.45_k8-8_e6.4,tile,-3338|-4924,1,0.1535070913178973,0.1535070913178973,0.1535070913178973,0.8464929086821027,0.0,1.0,0.16665345466541515,18420.850958147683,0.24998018199812272,
LOJA,f350_w0.45_k8-8_e6.4,tile,-3338|-4926,1,0.3378174582979383,0.3378174582979383,0.3378174582979383,0.6621825417020617,0.0,1.0,0.41221401830281534,168908.72914896917,0.618321027454223,
LOJA,f350_w0.45_k8-8_e6.4,tile,-3338|-4928,1,0.3170439849776163,0.3170439849776163,0.3170439849776163,1.3170439849776163,0.0,1.0,0.27538982006040796,76128.60167282523,0.413084730090612,
LOJA,f350_w0.45_k8-8_e6.4,tile,-3339|-4926,1,0.5372088165929421,0.5372088165929421,0.5372088165929421,1.537208816592942,0.0,1.0,0.4299683151806169,805813.224889413,0.6449524727709254,
LOJA,f350_w0.45_k8-8_e6.4,tile,-3339|-4931,3,0.49474894306622885,0.4691881915552185,0.6341762789080722,1.4947489430662289,9.483211124076982,0.9966071253410105,0.377453300323837,72472.37269620644,0.6038397807299511,
LOJA,f350_w0.45_k8-8_e6.4,tile,-3339|-4933,2,0.1501286632216946,0.1501286632216946,0.15101047100938642,1.0011022597346146,14.996336464318109,1.0879327323628674,0.15110295752124348,42954.36026020356,0.2312842848532476,
LOJA,f350_w0.45_k8-8_e6.4,tile,-3340|-4926,1,0.4786539827352905,0.4786539827352905,0.4786539827352905,1.4786539827352905,0.0,1.0,0.39113220283143274,57438.477928234846,0.5866983042471491,
LOJA,f350_w0.45_k8-8_e6.4,tile,-3340|-4932,5,0.14618917695339761,0.2665223766388946,0.5429707699379293,1.0229477371967513,25.605690268921805,1.153063421560294,0.35894991711789476,174978.2707487655,0.5055194644622879,-0.5732445887898561
LOJA,f350_w0.45_k8-8_e6.4,tile,-3340|-4933,2,2.6423249504155466,2.6423249504155466,4.313368801601534,3.6423249504155466,57.3481180953988,1.3475246233316471,1.0932180447993003,833449.3923212454,2.0320340887239494,
LOJA,f350_w0.45_k8-8_e6.4,tile,-3340|-4934,1,0.4416856910095448,0.4416856910095448,0.4416856910095448,1.4416856910095448,0.0,1.0,0.36581304770465034,278971.3325557746,0.5487195715569755,
LOJA,f350_w0.45_k8-8_e6.4,tile,-3341|-4927,1,0.0777591229829333,0.0777591229829333,0.0777591229829333,1.0777591229829333,0.0,1.0,0.07488399945078658,54746.174457669025,0.11232599917617987,
LOJA,f350_w0.45_k8-8_e6.4,tile,-3341|-4929,1,0.47506643952120775,0.47506643952120775,0.47506643952120775,0.5249335604787922,0.0,1.0,0.6444835758677933,403806.4735930266,0.9667253638016899,
LOJA,f350_w0.45_k8-8_e6.4,tile,-3341|-4931,1,0.4411161455973026,0.4411161455973026,0.4411161455973026,0.5588838544026974,0.0,1.0,0.5818136012921269,617562.6038362237,0.8727204019381903,
LOJA,f350_w0.45_k8-8_e6.4,tile,-3341|-4932,1,5.052508817871255,5.052508817871255,5.052508817871255,6.052508817871255,0.0,1.0,1.8004728667263725,535565.934694353,2.700709300089559,
LOJA,f350_w0.45_k8-8_e6.4,tile,-3341|-4933,1,0.25429059823970435,0.25429059823970435,0.25429059823970435,1.2542905982397043,0.0,1.0,0.22657015239710723,63572.64955992607,0.33985522859566086,
LOJA,f350_w0.45_k8-8_e6.4,tile,-3342|-4931,1,0.06681558405305787,0.06681558405305787,0.06681558405305787,0.9331844159469421,0.0,1.0,0.06915243855966169,14983.394723898236,0.10372865783949253,
LOJA,f350_w0.45_k8-8_e6.4,tile,-3343|-4926,1,0.1711426343170206,0.1711426343170206,0.1711426343170206,1.1711426343170206,0.0,1.0,0.1579798827632311,13691.410745361645,0.23696982414484666,
LOJA,f350_w0.45_k8-8_e6.4,tile,-3346|-4933,2,0.24942350239928435,0.24942350239928435,0.367635679758962,1.2494235023992843,11.826672174474192,1.0127418789356737,0.21563936804792244,61869.914209031376,0.3628778640307516,
LOJA,f350_w0.45_k8-8_e6.4,tile,-3346|-4935,1,0.3624431133795267,0.3624431133795267,0.3624431133795267,1.3624431133795267,0.0,1.0,0.309279495035584,65602.20352169435,0.463919242553376,
LOJA,f350_w0.45_k8-8_e6.4,tile,-3349|-4934,1,0.9628221523678113,0.9628221523678113,0.9628221523678113,1.9628221523678113,0.0,1.0,0.674383311275391,192564.43047356227,1.0115749669130865,
LOJA,f350_w0.45_k8-8_e6.4,tile,-3349|-4936,1,0.6640712771148589,0.6640712771148589,0.6640712771148589,1.664071277114859,0.0,1.0,0.5092671762862355,132814.2554229718,0.7639007644293533,
LOJA,f350_w0.45_k8-8_e6.4,tile,-3352|-4933,1,0.5074062473341716,0.5074062473341716,0.5074062473341716,0.49259375266582844,0.0,1.0,0.7080704757435018,173025.5303409525,1.0621057136152527,
LOJA,baseline,periodo_ou_espaco,teste_espacial,34,0.4531869462913986,0.6654649197447329,1.016516938540119,1.2560625219363275,49.57385075807851,1.1912929609401919,0.5025802902141121,330667.6819196377,0.8280254593608769,0.10953903782759927
LOJA,f350_w0.45_k8-8_e6.4,periodo_ou_espaco,teste_espacial,34,0.38831170463645603,0.5401956604377197,0.7860775435768179,1.1562652986018467,44.86418010822821,1.1609945143076648,0.45275211010992406,276699.0825997808,0.7121486697369503,0.06170489660466053
SALA COMERCIAL,baseline,periodo_ou_espaco,validacao_1,90,0.30321034787429085,0.45547797032035353,1.0444493216635544,1.0170399871928222,44.728344218104596,1.2583368795348329,0.37934629319666463,97152.82716083598,0.6145108273766333,-0.2571807104376
SALA COMERCIAL,baseline,periodo_ou_espaco,validacao_2,90,0.28762712965065806,0.4194432286365349,0.8692802109317374,1.2049991026724625,32.46168970928372,1.1912761132403105,0.34231633776567383,122889.28208924143,0.6042225214846304,-0.12597211107860695
SALA COMERCIAL,baseline,periodo_ou_espaco,validacao_3,90,0.33669177123133415,0.5018528497597098,1.10667743474375,1.1851254417834252,40.053822733204,1.378934617467016,0.4005545743535289,455970.07904700394,0.7462690370427414,-0.03747425539236324
SALA COMERCIAL,f0_w0.6_k32-32_e25.6,periodo_ou_espaco,validacao_1,90,0.293852827709056,0.45618426503719073,1.1737400814572045,1.041244175857273,43.61202119424512,1.275879905226353,0.3755429410810709,108451.81158350954,0.6265991857671482,-0.2687056893946678
SALA COMERCIAL,f0_w0.6_k32-32_e25.6,periodo_ou_espaco,validacao_2,90,0.2858956188632701,0.4192230842029413,0.9221892642206326,1.1675985404161713,34.15409677853328,1.1983795467488807,0.33900988770219975,130798.49470579275,0.5923548178626876,-0.12550148028876756
SALA COMERCIAL,f0_w0.6_k32-32_e25.6,periodo_ou_espaco,validacao_3,90,0.35640179062728783,0.5213216050773258,1.1789760550312642,1.18439169652802,41.502692622300145,1.3673900422640621,0.41766960135615283,404852.8454793722,0.7624929082878984,-0.04356666530692111
SALA COMERCIAL,f1350_w0.6_k32-32_e25.6,periodo_ou_espaco,validacao_1,90,0.31395652603764607,0.47424811058949395,1.242381039930014,1.0447981859701139,45.23661457391806,1.2842265037848024,0.38719628213356605,102498.95999456973,0.6472779874781379,-0.3041024437336904
SALA COMERCIAL,f1350_w0.6_k32-32_e25.6,periodo_ou_espaco,validacao_2,90,0.29277802306964296,0.42845288327808023,0.9613685840470765,1.1895556734784347,33.81355826179777,1.2191903306903964,0.3447148390292248,139490.2557388508,0.6151321490944517,-0.16943279914626536
SALA COMERCIAL,f1350_w0.6_k32-32_e25.6,periodo_ou_espaco,validacao_3,90,0.36506633495963364,0.5452420862047117,1.2712507178147676,1.2926020314284772,38.1153054812546,1.4286503581831185,0.42367852885619633,421788.2673090841,0.8256605218439821,-0.11762285416603688
SALA COMERCIAL,f1800_w0.6_k9-20_e15,periodo_ou_espaco,validacao_1,90,0.32394941114192144,0.5267372360731551,1.5609217889736509,1.0939007237184333,47.255958970303205,1.2829721017166738,0.3922261029529199,91222.0044182617,0.6798306476612535,-0.33037037563997657
SALA COMERCIAL,f1800_w0.6_k9-20_e15,periodo_ou_espaco,validacao_2,90,0.32224328771243427,0.5052996228931336,1.2034688707543084,1.2965277897391791,34.1080824140766,1.2243761721989386,0.37542563375633525,124824.17687885344,0.6917564534411068,-0.2023113374760057
SALA COMERCIAL,f1800_w0.6_k9-20_e15,periodo_ou_espaco,validacao_3,90,0.39920055375762353,0.6157723795600241,1.4468846829691253,1.3479040882024425,39.699237106911525,1.4299023076367126,0.45527664272647816,433196.580612927,0.8826032276806586,-0.1008351053562861
SALA COMERCIAL,f450_w0.6_k32-32_e25.6,periodo_ou_espaco,validacao_1,90,0.30925788756888273,0.45318574183642263,1.0933716504356124,1.0193665155131426,44.35863213283997,1.2735795413463955,0.3795651137245042,109230.5625355539,0.6209681157924756,-0.2697658722739384
SALA COMERCIAL,f450_w0.6_k32-32_e25.6,periodo_ou_espaco,validacao_2,90,0.28448974848320385,0.39868550720523555,0.884010410636556,1.1221436634044621,34.217235369608034,1.2023998303560135,0.3329579056045793,138689.98235722884,0.5682811237898825,-0.1280763189822474
SALA COMERCIAL,f450_w0.6_k32-32_e25.6,periodo_ou_espaco,validacao_3,90,0.33929773431490096,0.4838140821593015,1.1203779803990384,1.174089352852238,39.6440745199278,1.381566849269558,0.39883910905105835,448207.88876186794,0.7398048360400113,-0.04673610858230396
SALA COMERCIAL,f900_w0.6_k32-32_e25.6,periodo_ou_espaco,validacao_1,90,0.3137017009692456,0.4592782385058492,1.0880806963502905,1.0367915098485245,44.1635401203262,1.2712962599487354,0.3808719345301437,101909.70708998559,0.6293647422497591,-0.27842757902987747
SALA COMERCIAL,f900_w0.6_k32-32_e25.6,periodo_ou_espaco,validacao_2,90,0.2862761080909726,0.4068248115466152,0.8805829070795799,1.1483784585251162,33.770534605356204,1.2070981920579085,0.3348688296583489,138138.11003966889,0.5825802672921704,-0.1445942027133875
SALA COMERCIAL,f900_w0.6_k32-32_e25.6,periodo_ou_espaco,validacao_3,90,0.3363252252965063,0.4855696454103939,1.1412981841587295,1.1843364800785183,38.58762196160887,1.3970270980996389,0.3914493945977381,444025.1072357112,0.7396830308923149,-0.0716790402972264
SALA COMERCIAL,baseline,decil_valor,1,23,0.9430073818058262,1.0467971141003054,1.8195045670932837,1.9430073818058262,29.835521939855862,1.0201024067338802,0.6510949809355917,48930.52721384234,1.067753781076673,0.8463947312113586
SALA COMERCIAL,baseline,decil_valor,2,23,0.2746642994263728,0.38668492936303095,0.6054154430327139,1.2746642994263728,16.319352161759586,0.9989435656202602,0.31020623111789974,27282.444665177598,0.4728745326095997,1.0444519740554747
SALA COMERCIAL,baseline,decil_valor,3,23,0.5362366598844088,0.6030556178292606,1.034676750513161,1.5362366598844088,30.663959721481433,0.9989803115014961,0.4120561824086065,71506.85576479838,0.7038940352308902,1.4395235418470764
SALA COMERCIAL,baseline,decil_valor,4,22,0.42178529779511553,0.5774139978465465,1.056318389453621,1.3135790494711754,35.375829502082745,1.0155677713000462,0.41161163940881507,80747.73714038037,0.6441528868329335,1.7081378901909219
SALA COMERCIAL,baseline,decil_valor,5,23,0.2613076948947778,0.38275632960782563,0.7930843871722215,1.1531867347747553,29.72413120274591,1.0045337376332515,0.2987662162079861,64963.866300553535,0.4466028816891551,1.5388496498006008
SALA COMERCIAL,baseline,decil_valor,6,23,0.1893744060436151,0.3065249389381387,0.8999437649575569,1.083592836392524,27.95242434409354,0.9997572645760582,0.2567006447548282,67409.54923452355,0.3668441981962937,1.2227241131822437
SALA COMERCIAL,baseline,decil_valor,7,22,0.19659867210378984,0.3348079406901156,0.5955880957892112,0.966855640198298,34.341418432697154,0.9868877159211905,0.2971367553288383,112494.5823604066,0.40644284638006256,1.3897100068206831
SALA COMERCIAL,baseline,decil_valor,8,23,0.1970464331155537,0.27565952938579147,0.5434766977631228,0.9504099643971665,28.282958678683478,1.0007220024227463,0.25517002493144636,92770.45674121715,0.35166921558239295,1.4232487625639914
SALA COMERCIAL,baseline,decil_valor,9,23,0.20450023428917197,0.22485807909402467,0.4293235732089642,0.8169834890293762,19.43667895163727,1.0056448074591546,0.2686242588017501,98167.0704303934,0.42109862059517283,0.8101336913633156
SALA COMERCIAL,baseline,decil_valor,10,23,0.34730524598169477,0.3563942297645976,0.7320533871287914,0.8276344260578914,38.40276622602812,1.128164332072218,0.4319322749983822,550752.8585357022,0.6828269722844563,0.05339431485129291
SALA COMERCIAL,baseline,bairro,auxiliadora,10,0.1651331091819589,0.2241624591533987,0.44517718687018626,0.8814079496287877,21.67889050693124,1.18011159156522,0.24975096872126873,169769.0672074135,0.44987005020061155,-0.22788954879737888
SALA COMERCIAL,baseline,bairro,azenha,1,0.6067779879577162,0.6067779879577162,0.6067779879577162,1.6067779879577162,0.0,1.0,0.47423092410477,30338.899397885805,0.7113463861571551,
SALA COMERCIAL,baseline,bairro,bela vista,2,0.640781877686241,0.640781877686241,0.8664987407050482,1.640781877686241,17.195831000484905,1.0,0.4801650545240312,182038.3118347478,0.7707410734809595,
SALA COMERCIAL,baseline,bairro,boa vista,2,0.19464394169776517,0.19464394169776517,0.2509775941546999,0.8053560583022348,8.74359419603971,1.0463719038779322,0.22030799945151902,104290.10422622308,0.3730668059385697,
SALA COMERCIAL,baseline,bairro,bom fim,8,0.18485962557184976,0.1555567334088572,0.2382893095704523,0.9211753777694769,15.611048867847648,1.0534027667222967,0.16555782091737545,40288.560707431796,0.2716506902651227,-0.10000162479920142
SALA COMERCIAL,baseline,bairro,cavalhada,1,0.19758221348916916,0.19758221348916916,0.19758221348916916,0.8024177865108308,0.0,1.0,0.2201258759414649,29637.332023375377,0.33018881391219734,
SALA COMERCIAL,baseline,bairro,centro historic,72,0.3298701763061308,0.4285136260741749,0.9489289314676214,1.1692778929779224,34.71699304830601,1.2084225969252431,0.37088977960789743,182119.61015049162,0.6305333837340702,-0.12497967267444225
SALA COMERCIAL,baseline,bairro,chacara pedras,5,0.18105877968806028,0.18303877732889134,0.29403773437519465,0.9095401361639222,15.332281187400977,1.0895172922419003,0.18897734779510517,106369.40764559947,0.31758350030116117,-0.07018768865182935
SALA COMERCIAL,baseline,bairro,cidade baixa,3,0.5620790932678221,1.0822961428349298,2.231661108075886,1.5620790932678221,57.291365650814086,1.4138363344843596,0.5922979546737843,69374.49303628372,1.1316886189661601,
SALA COMERCIAL,baseline,bairro,cristal,6,0.09775724134530389,0.24083976026868018,0.5841329947712101,1.0571281966557773,22.782455432612263,0.9597956330446482,0.1945977396373182,165748.00588111527,0.29984931944804116,0.4175111772601007
SALA COMERCIAL,baseline,bairro,cristo redentor,5,0.2510751004755363,0.22237258518396924,0.29804364953043094,1.2510751004755363,7.122513165668544,1.0964357498721269,0.19888344705018504,21537.504549197613,0.3747237067386606,-0.10079066125415526
SALA COMERCIAL,baseline,bairro,farroupilha,1,0.2584970582893038,0.2584970582893038,0.2584970582893038,0.7415029417106962,0.0,1.0,0.29907615016900396,43944.49990918164,0.4486142252535059,
SALA COMERCIAL,baseline,bairro,floresta,6,0.9694933683537269,0.9826673586242943,1.4188679304567602,1.969493368353727,14.613343368229073,1.037373892563569,0.6627303681716854,54624.58076095054,1.0564981029169158,-0.2683705575688361
SALA COMERCIAL,baseline,bairro,higienopolis,5,0.2646499408105214,0.28979366547054886,0.546259341967353,1.021537380464812,27.946719800668163,1.1278745922029083,0.2979539261771597,91911.93088701917,0.43864257471703727,-0.2670596597387751
SALA COMERCIAL,baseline,bairro,independencia,2,0.22183289197707462,0.22183289197707462,0.3070587784830524,0.7781671080229253,13.690164623269292,1.075616768082534,0.26027394554190125,98138.66293469824,0.45635346753567424,
SALA COMERCIAL,baseline,bairro,ipanema,1,0.846154835860871,0.846154835860871,0.846154835860871,1.846154835860871,0.0,1.0,0.6131050089775704,40192.35470339138,0.9196575134663556,
SALA COMERCIAL,baseline,bairro,jardim do salso,2,0.09765746246475449,0.09765746246475449,0.10052535889408125,0.9964151294633415,9.800881136494962,1.0066085700114464,0.0983244478210954,20569.768899567127,0.1279157210259861,
SALA COMERCIAL,baseline,bairro,jardim lindoia,1,0.13058700717207794,0.13058700717207794,0.13058700717207794,0.8694129928279221,0.0,1.0,0.13993701594753188,18282.181004090904,0.20990552392129783,
SALA COMERCIAL,baseline,bairro,menino deus,15,0.5520711101870746,0.8367433931826705,1.8037100121281595,1.5147839943647685,38.42664929264177,1.2905506916859215,0.5574258500647375,98193.25047887828,0.9886634087361629,-0.5486359090315936
SALA COMERCIAL,baseline,bairro,moinhos vento,18,0.7498059673401263,0.8488406845670474,1.5220871306247472,1.7498059673401263,40.052926509210515,1.4323992151654121,0.5758147183236718,198089.9812636815,1.1353748932010967,-0.21323753525185868
SALA COMERCIAL,baseline,bairro,mont serrat,2,0.25918657946969403,0.25918657946969403,0.3103348962047452,0.9360646040811861,27.688962742491913,1.0438717259436712,0.28431027573950396,96782.21975647625,0.40803638133257497,
SALA COMERCIAL,baseline,bairro,partenon,2,0.3555962112083516,0.3555962112083516,0.5001085701491974,1.3555962112083515,13.325535080615039,1.009896299291412,0.2952830981406777,32429.576830156806,0.4856414445628123,
SALA COMERCIAL,baseline,bairro,passo da areia,9,0.30912949547357504,0.46147303291306613,0.9810068229121391,1.309129495473575,28.432933538193556,1.0845874633743287,0.34914099867946385,50147.407190489736,0.5955043853555412,-0.16490016872069807
SALA COMERCIAL,baseline,bairro,petropolis,16,0.18211754354442283,0.4333370343003763,0.6141713144985925,1.130429073781737,37.15871316804885,1.1346088605751634,0.2935936829458772,94991.17271063788,0.5109330895008166,0.03391189469678762
SALA COMERCIAL,baseline,bairro,praia de belas,3,0.3907367730020581,0.43401060250912044,0.7669993911895989,0.9497700112111808,43.93350684769813,1.2436560642572478,0.38939640755303,234266.48884352465,0.6340256234582285,
SALA COMERCIAL,baseline,bairro,rio branco,6,0.4405771123401032,0.4930595445932173,0.9215429594816441,1.0125353068494531,48.69554091179232,2.1042589863561325,0.5677139039587294,801229.5228119255,1.0676631412521145,-0.35441934939688463
SALA COMERCIAL,baseline,bairro,santana,5,0.25288389839806413,0.3106346065189473,0.6236575779194666,1.2528838983980641,20.68252857481014,1.101630121103061,0.25034818966958117,61226.6625539396,0.4631740230208026,-0.4323848180636991
SALA COMERCIAL,baseline,bairro,santo antonio,1,0.591192153785391,0.591192153785391,0.591192153785391,1.591192153785391,0.0,1.0,0.46448351754081174,48989.13782342643,0.6967252763112176,
SALA COMERCIAL,baseline,bairro,sao geraldo,4,0.1225765167742805,0.21979130048218087,0.4331675428352199,1.1225765167742805,15.251693852027593,1.1228746809483043,0.18858849347277487,22445.9574705195,0.3424770186685294,-0.08541988221161524
SALA COMERCIAL,baseline,bairro,sao joao,3,0.19441162374904775,0.18189014054230068,0.20454600142630783,0.8558207979677686,15.63766700334351,1.0518560145630618,0.18669350814161448,23606.647707266322,0.3289129304436797,
SALA COMERCIAL,baseline,bairro,sao sebastiao,3,0.0949665438507925,0.10339406127819162,0.17663045526260146,0.9050334561492075,7.926618201110311,1.0140397086373933,0.1124159594729675,30911.311575655287,0.18909522129524015,
SALA COMERCIAL,baseline,bairro,teresopolis,3,0.09783693497404355,0.19522259649004692,0.4041144249388823,1.0071470570660053,19.1471784365323,1.032271231804886,0.16752854596524921,26118.46537400926,0.23483803802699843,
SALA COMERCIAL,baseline,bairro,tres figueiras,4,0.2018755873992033,0.20551208405381333,0.3758158679514495,0.7981244126007967,19.47321029601955,0.9369389596365568,0.2502474876507987,75819.89439655199,0.4442444791408352,0.31136190253900464
SALA COMERCIAL,baseline,bairro,tristeza,1,0.025256204500057167,0.025256204500057167,0.025256204500057167,0.9747437954999428,0.0,1.0,0.02558061636159886,3409.5876075077103,0.03837092454239829,
SALA COMERCIAL,baseline,tile,-3337|-4925,3,0.0949665438507925,0.10339406127819162,0.17663045526260146,0.9050334561492075,7.926618201110311,1.0140397086373933,0.1124159594729675,30911.311575655287,0.18909522129524015,
SALA COMERCIAL,baseline,tile,-3337|-4926,1,0.13058700717207794,0.13058700717207794,0.13058700717207794,0.8694129928279221,0.0,1.0,0.13993701594753188,18282.181004090904,0.20990552392129783,
SALA COMERCIAL,baseline,tile,-3337|-4927,1,0.307304135416524,0.307304135416524,0.307304135416524,1.307304135416524,0.0,1.0,0.2679671049070138,21511.28947915668,0.4019506573605207,
SALA COMERCIAL,baseline,tile,-3337|-4928,4,0.12352813158800202,0.30546448300546203,0.7195551895048855,1.1235281315880021,25.01225504888871,1.1336805713529594,0.231268087472345,18447.73729124439,0.41477039213785877,-0.6180738941134649
SALA COMERCIAL,baseline,tile,-3337|-4931,1,0.5553846470057986,0.5553846470057986,0.5553846470057986,1.5553846470057986,0.0,1.0,0.441722876460926,33306.511696327725,0.662584314691389,
SALA COMERCIAL,baseline,tile,-3337|-4932,2,0.08789312757619439,0.08789312757619439,0.09530561253765876,1.0092656062018306,8.708622094729119,1.0267320855719164,0.08730738245090103,21050.513345376537,0.12688092258730124,
SALA COMERCIAL,baseline,tile,-3338|-4926,1,0.06170682846376718,0.06170682846376718,0.06170682846376718,0.9382931715362328,0.0,1.0,0.06369282919717893,21597.389962318528,0.09553924379576839,
SALA COMERCIAL,baseline,tile,-3338|-4927,3,0.2510751004755363,0.24761732067985168,0.2775373566561404,1.2510751004755363,2.039019075392974,0.9941216753154337,0.22091910038224413,21526.24508820961,0.3409661141109264,
SALA COMERCIAL,baseline,tile,-3338|-4928,5,0.5090990480673154,0.5862798728391494,1.0044576578500557,1.5090990480673154,23.90885247050808,1.0645872793895814,0.443439327645159,65225.127039649306,0.7402614632261377,-0.06126372290890376
SALA COMERCIAL,baseline,tile,-3338|-4930,6,0.22953078227978457,0.2738966585169654,0.5379069735400221,0.9672851607337227,28.316019891094403,1.0991581809537196,0.28432533287553147,84815.25625342509,0.419018648405177,-0.16342047063534645
SALA COMERCIAL,baseline,tile,-3338|-4931,6,0.37185908639093723,0.4306381146541967,0.7739685066702693,1.3718590863909372,22.763281779206025,1.0965884455450927,0.3410416449737985,29223.95576416366,0.6021352317375688,-0.10648074536601551
SALA COMERCIAL,baseline,tile,-3338|-4932,3,0.9736927005554541,1.2704761871563248,1.685973068397544,1.973692700555454,15.036965304545502,1.0551702980706072,0.8040156099243821,67200.23304307782,1.2084122378301478,
SALA COMERCIAL,baseline,tile,-3339|-4928,2,0.20914858070842335,0.20914858070842335,0.36725314330790315,0.8023692967506503,26.06637386991389,0.9114353643318941,0.2668203992388261,76369.87282565275,0.4884467869301369,
SALA COMERCIAL,baseline,tile,-3339|-4929,2,0.19464394169776517,0.19464394169776517,0.2509775941546999,0.8053560583022348,8.74359419603971,1.0463719038779322,0.22030799945151902,104290.10422622308,0.3730668059385697,
SALA COMERCIAL,baseline,tile,-3339|-4930,9,0.15790064442180918,0.17056790706025982,0.26419768730602144,0.9531770762012818,17.348860363968015,1.0952868270385467,0.16409026743270247,74495.20630723254,0.27694784575335396,-0.1292974216905859
SALA COMERCIAL,baseline,tile,-3339|-4931,9,0.32312197538850795,0.31379389345395686,0.4652425729939841,0.676878024611492,29.47972041993819,1.2024501123901086,0.38823095835589494,256840.47751396743,0.7492429735571146,-0.41014103396699364
SALA COMERCIAL,baseline,tile,-3339|-4932,12,1.1130977922428413,1.1351624244072387,1.808929558580408,2.1130977922428413,26.08745508055445,1.017288833270779,0.7018878986511069,175316.43800404418,1.1497545867135222,0.106330320152292
SALA COMERCIAL,baseline,tile,-3339|-4933,13,0.42553580298013505,0.5310992131393475,0.9992141219410458,1.425535802980135,25.14815125345275,1.1240896021173616,0.41971781292655486,48892.955152484414,0.7183487963708782,-0.2705600258893276
SALA COMERCIAL,baseline,tile,-3339|-4934,5,0.7028160346765044,0.6422795849310298,0.8289248907574749,1.7028160346765044,14.991771883107038,1.217332465829559,0.5008275100948961,64939.11294381952,0.9027796063118788,-0.4303656989266366
SALA COMERCIAL,baseline,tile,-3340|-4927,3,0.09045986383607785,0.14127638481909763,0.23380029851868056,0.9095401361639222,7.54599368665056,1.0034796547429197,0.1582943699099301,136774.41689523423,0.22630423754030435,
SALA COMERCIAL,baseline,tile,-3340|-4929,5,0.358635798912732,1.0271729732294843,2.43950114416982,1.358635798912732,70.32390977858431,1.4140685923319065,0.5841413861669116,175388.76341086798,1.0864272521179004,-1.3766581843421104
SALA COMERCIAL,baseline,tile,-3340|-4931,2,0.6279618233300475,0.6279618233300475,0.7343041076150537,0.37203817666995254,35.72962768124266,1.0380282981758684,1.0570471766908682,1383769.6126626101,1.6594121714448096,
SALA COMERCIAL,baseline,tile,-3340|-4932,12,0.19693732016639354,0.283455972265241,0.38034475604672985,1.0125353068494531,27.994675380478963,1.0997986138590945,0.2605610231889562,67821.95226361408,0.3843399491834203,-0.25418998522787717
SALA COMERCIAL,baseline,tile,-3340|-4933,17,0.2553163219839143,0.421636572497005,1.1044674995299424,0.9884165142611475,42.58884639312442,1.0007335544044154,0.33000574469985466,280338.8778165632,0.4426700518913315,-0.08191032178429436
SALA COMERCIAL,baseline,tile,-3340|-4934,40,0.28276457671004973,0.35446392806998495,0.7938920780232908,1.054475852605802,33.00082866531934,1.3702482095862731,0.3406807910628732,158354.1684378656,0.6072007225295435,-0.1551042454872929
SALA COMERCIAL,baseline,tile,-3341|-4928,4,0.2466612317348637,0.3187011398923646,0.5133881072379007,1.0646235864055216,29.93557008899194,1.0602789087037217,0.28560204746206974,73376.01038176763,0.4210176184966239,0.012834555801716756
SALA COMERCIAL,baseline,tile,-3341|-4929,10,0.19559959686117218,0.2189485658197412,0.3479109969825631,1.0527061988881883,20.798639359299194,1.000376559587513,0.20394149220025998,68119.50943191077,0.28180842536129386,0.025678764551747613
SALA COMERCIAL,baseline,tile,-3341|-4930,3,0.1812185761182219,0.1699723757499272,0.1812185761182219,1.181218576118222,9.275690877685115,1.0737454646144933,0.1642172582893129,15106.058293109354,0.30625626932186206,
SALA COMERCIAL,baseline,tile,-3341|-4932,6,0.25569047834368397,0.30194501514734007,0.6205664312767091,1.1276041448789815,26.708860498175657,1.0699928460083497,0.25846951641948496,58700.709975459424,0.41911522695023273,-0.17270924974206492
SALA COMERCIAL,baseline,tile,-3341|-4933,1,0.035752723459065994,0.035752723459065994,0.035752723459065994,0.964247276540934,0.0,1.0,0.036407506330317495,7150.5446918132075,0.05461125949547624,
SALA COMERCIAL,baseline,tile,-3341|-4934,3,2.6490566117779015,2.334784206224098,3.0920643431995196,3.6490566117779015,18.729375501215603,1.0759266885762973,1.1656146849544542,88068.69810926165,1.8962636226002996,
SALA COMERCIAL,baseline,tile,-3342|-4928,2,0.09765746246475449,0.09765746246475449,0.10052535889408125,0.9964151294633415,9.800881136494962,1.0066085700114464,0.0983244478210954,20569.768899567127,0.1279157210259861,
SALA COMERCIAL,baseline,tile,-3342|-4932,1,0.6067779879577162,0.6067779879577162,0.6067779879577162,1.6067779879577162,0.0,1.0,0.47423092410477,30338.899397885805,0.7113463861571551,
SALA COMERCIAL,baseline,tile,-3342|-4933,4,0.5520711101870746,0.4630051344781869,0.552781845060224,1.3734314910027638,26.620126374270274,1.1035063129030176,0.4656356441445377,141629.85310246423,0.7400884669146157,-1.3325475397537374
SALA COMERCIAL,baseline,tile,-3342|-4934,3,0.3907367730020581,0.43401060250912044,0.7669993911895989,0.9497700112111808,43.93350684769813,1.2436560642572478,0.38939640755303,234266.48884352465,0.6340256234582285,
SALA COMERCIAL,baseline,tile,-3343|-4928,1,0.1749557625322944,0.1749557625322944,0.1749557625322944,1.1749557625322944,0.0,1.0,0.1612304979786987,16218.3991867437,0.24184574696804806,
SALA COMERCIAL,baseline,tile,-3343|-4931,1,0.591192153785391,0.591192153785391,0.591192153785391,1.591192153785391,0.0,1.0,0.46448351754081174,48989.13782342643,0.6967252763112176,
SALA COMERCIAL,baseline,tile,-3343|-4933,4,0.37500645744177696,0.41906278598255386,0.7239585830228121,1.3750064574417769,17.351896523971767,1.0434461216319706,0.3320621445232556,56353.48621753201,0.5559355064684687,-0.1482076557718418
SALA COMERCIAL,baseline,tile,-3343|-4934,5,0.5147839943647685,0.9335166418005405,1.8037100121281595,1.5147839943647685,38.85562410819744,1.0906999048591048,0.5936442426194262,89049.99554317922,0.9418295306611328,-0.31502726593499697
SALA COMERCIAL,baseline,tile,-3344|-4930,1,0.5362366598844088,0.5362366598844088,0.5362366598844088,1.5362366598844088,0.0,1.0,0.4293356983026567,42898.932790752704,0.6440035474539851,
SALA COMERCIAL,baseline,tile,-3345|-4932,3,0.09783693497404355,0.19522259649004692,0.4041144249388823,1.0071470570660053,19.1471784365323,1.032271231804886,0.16752854596524921,26118.46537400926,0.23483803802699843,
SALA COMERCIAL,baseline,tile,-3346|-4935,1,0.03166805377621973,0.03166805377621973,0.03166805377621973,0.9683319462237803,0.0,1.0,0.03218033083640026,14567.304737061088,0.04827049625460039,
SALA COMERCIAL,baseline,tile,-3347|-4935,5,0.1459244470877743,0.28267410156717226,0.6314985445291131,1.1459244470877743,22.120935877913155,0.9385795592259858,0.22708122139750175,181450.93130325613,0.38218323230234347,0.4540857420665777
SALA COMERCIAL,baseline,tile,-3348|-4934,1,0.19758221348916916,0.19758221348916916,0.19758221348916916,0.8024177865108308,0.0,1.0,0.2201258759414649,29637.332023375377,0.33018881391219734,
SALA COMERCIAL,baseline,tile,-3349|-4936,1,0.025256204500057167,0.025256204500057167,0.025256204500057167,0.9747437954999428,0.0,1.0,0.02558061636159886,3409.5876075077103,0.03837092454239829,
SALA COMERCIAL,baseline,tile,-3351|-4934,1,0.846154835860871,0.846154835860871,0.846154835860871,1.846154835860871,0.0,1.0,0.6131050089775704,40192.35470339138,0.9196575134663556,
SALA COMERCIAL,f450_w0.6_k32-32_e25.6,decil_valor,1,23,0.8973112220526749,0.9833983855363561,1.629967903489828,1.8973112220526749,28.331660218297994,1.0214805470466137,0.6206582056041196,46653.53720593449,1.0223327707476626,0.8889936780171163
SALA COMERCIAL,f450_w0.6_k32-32_e25.6,decil_valor,2,23,0.3404901600354353,0.4230016903295279,0.6067345471318949,1.3404901600354353,16.557325463717937,0.999898028985585,0.33072740851737026,30423.78872706985,0.5186893793579697,1.1141770633717096
SALA COMERCIAL,f450_w0.6_k32-32_e25.6,decil_valor,3,23,0.3671937609063385,0.5979972687162354,1.055110752734636,1.3671937609063385,35.67625447520136,0.9960839692502264,0.40483659305969766,73532.23477821595,0.6523692331847958,1.5415708805456358
SALA COMERCIAL,f450_w0.6_k32-32_e25.6,decil_valor,4,22,0.426667083228523,0.5057113514344841,1.0514980331089852,1.2592967061335956,31.848143053265716,1.0085929410794021,0.3907349544241619,67678.50897389952,0.5899101257062848,1.4730414977301305
SALA COMERCIAL,f450_w0.6_k32-32_e25.6,decil_valor,5,23,0.24898479367290083,0.3518959927481901,0.8889348803125054,1.189694948267148,27.60647160339435,1.002913873763701,0.28281177878348374,58019.05827594193,0.44013124025680106,1.4016108845078536
SALA COMERCIAL,f450_w0.6_k32-32_e25.6,decil_valor,6,23,0.15328603195494905,0.3436873132691721,1.0951280910582075,1.0733873004283514,31.72168712455931,1.0006180567413288,0.270626371766796,81616.53426788116,0.3856491972528586,1.3597759656818729
SALA COMERCIAL,f450_w0.6_k32-32_e25.6,decil_valor,7,22,0.21528393331664503,0.33900439295405227,0.6459733661003143,0.9581802934050844,35.131297778847866,0.985663009426231,0.2962496085464878,121523.50760166801,0.41265789261221164,1.4517692887019542
SALA COMERCIAL,f450_w0.6_k32-32_e25.6,decil_valor,8,23,0.22255044279856884,0.2955143242444814,0.4933510637473307,0.9504172650327006,30.412643122379723,0.9996753835886396,0.27555427361126766,94299.21491209595,0.3771752982070517,1.4035587124196194
SALA COMERCIAL,f450_w0.6_k32-32_e25.6,decil_valor,9,23,0.20455386199375325,0.22437712284965822,0.4031987390485168,0.8173343768086605,20.177381368864726,1.005055378908981,0.27020014609971116,98900.30964171686,0.4240184181704645,0.8235737473602774
SALA COMERCIAL,f450_w0.6_k32-32_e25.6,decil_valor,10,23,0.3033834370778281,0.3329781950112772,0.6440524576684966,0.777685084347336,36.461055180497276,1.1513158611982084,0.42531827170602887,503950.5127624029,0.7126404736702221,-0.20183658167763593
SALA COMERCIAL,f450_w0.6_k32-32_e25.6,bairro,auxiliadora,10,0.19469095655948232,0.2262004488351756,0.44326315490378054,0.8173343768086605,22.753216203942824,1.1755044162435888,0.2600611902161936,177614.08397019992,0.49864640063089444,-0.2312062026961453
SALA COMERCIAL,f450_w0.6_k32-32_e25.6,bairro,azenha,1,0.5861424120057828,0.5861424120057828,0.5861424120057828,1.5861424120057828,0.0,1.0,0.461304912375551,29307.12060028914,0.6919573685633265,
SALA COMERCIAL,f450_w0.6_k32-32_e25.6,bairro,bela vista,2,0.6347622377296637,0.6347622377296637,0.8576712449461776,1.6347622377296638,17.044451638888408,1.0,0.47675653423696407,180238.29071993197,0.7651163500470965,
SALA COMERCIAL,f450_w0.6_k32-32_e25.6,bairro,boa vista,2,0.1967294663506276,0.1967294663506276,0.282052642932388,0.8032705336493724,13.277465842380193,1.0721523638914594,0.22795689483225876,118544.1631161618,0.4055165100114718,
SALA COMERCIAL,f450_w0.6_k32-32_e25.6,bairro,bom fim,8,0.20200106826468744,0.1584933848200336,0.24392260800995685,0.9339695295110131,16.106828176563123,1.0549777205544608,0.16468695757241658,40147.675590593004,0.2658695848550853,-0.09581267928295775
SALA COMERCIAL,f450_w0.6_k32-32_e25.6,bairro,cavalhada,1,0.13188863109687488,0.13188863109687488,0.13188863109687488,0.8681113689031251,0.0,1.0,0.14143526736426135,19783.294664531233,0.212152901046392,
SALA COMERCIAL,f450_w0.6_k32-32_e25.6,bairro,centro historic,72,0.3372595088816834,0.40132636014049783,0.9695371664932553,1.1585665800605462,33.40463283429102,1.2742148552212014,0.3625701922470818,132878.63650414295,0.6408386359627894,-0.14531816572762013
SALA COMERCIAL,f450_w0.6_k32-32_e25.6,bairro,chacara pedras,5,0.1315349769931058,0.1873871467045726,0.32830651329767263,0.9011420465264801,15.024949867197385,1.1143073096365363,0.18557019998395524,98250.41564265854,0.32929524684844513,-0.09273079937587483
SALA COMERCIAL,f450_w0.6_k32-32_e25.6,bairro,cidade baixa,3,0.5691270445135317,1.0726203466224506,2.211840261972633,1.5691270445135317,56.26767665956145,1.4071495368949267,0.5880847140312394,68970.31169511203,1.124796653314555,
SALA COMERCIAL,f450_w0.6_k32-32_e25.6,bairro,cristal,6,0.11172737306332853,0.22424187941340637,0.5203703005197244,1.0710994084061622,20.9356739116388,0.9674313415661119,0.18149946289980576,159003.93925822942,0.2847368611041703,0.3860585850679975
SALA COMERCIAL,f450_w0.6_k32-32_e25.6,bairro,cristo redentor,5,0.203656767061007,0.16517583718790252,0.2471629755435883,1.203656767061007,7.342122394273111,1.068713506279909,0.1507316130632466,17434.275770166147,0.29499683083270006,-0.061411832361665454
SALA COMERCIAL,f450_w0.6_k32-32_e25.6,bairro,farroupilha,1,0.20882736692959736,0.20882736692959736,0.20882736692959736,0.7911726330704026,0.0,1.0,0.2342390884144178,35500.65237803155,0.3513586326216267,
SALA COMERCIAL,f450_w0.6_k32-32_e25.6,bairro,floresta,6,0.9584931830436245,0.9515965708090461,1.3211431623842598,1.9584931830436245,14.341082426210797,1.0220007885324236,0.6535839182540822,55027.51882628955,1.0364054526967494,-0.11935467561712614
SALA COMERCIAL,f450_w0.6_k32-32_e25.6,bairro,higienopolis,5,0.18969494826714794,0.29075626299291074,0.5566204699153904,1.0419507121358353,27.099757913398552,1.118985487987648,0.3123361964164594,98408.49650279923,0.4568441419558604,-0.21012820922653525
SALA COMERCIAL,f450_w0.6_k32-32_e25.6,bairro,independencia,2,0.22700608377115994,0.22700608377115994,0.2990116441961035,0.7729939162288401,11.64394035211701,1.0635958043191422,0.2643095435168755,95052.03325489142,0.4529891625723702,
SALA COMERCIAL,f450_w0.6_k32-32_e25.6,bairro,ipanema,1,1.0396846171888496,1.0396846171888496,1.0396846171888496,2.0396846171888496,0.0,1.0,0.7127951964871727,49385.01931647037,1.0691927947307591,
SALA COMERCIAL,f450_w0.6_k32-32_e25.6,bairro,jardim do salso,2,0.0871547441083022,0.0871547441083022,0.09822730673949745,1.013840703288994,8.596492903230663,1.0057917677083856,0.08617763234193493,18099.017584061774,0.11742929229118636,
SALA COMERCIAL,f450_w0.6_k32-32_e25.6,bairro,jardim lindoia,1,0.15328603195494905,0.15328603195494905,0.15328603195494905,0.846713968045051,0.0,1.0,0.16639234142846498,21460.044473692862,0.24958851214269748,
SALA COMERCIAL,f450_w0.6_k32-32_e25.6,bairro,menino deus,15,0.47334428761964253,0.8086938117009922,1.520714526796638,1.4639372665865544,40.87289627625714,1.3108335374659354,0.5355288567838716,91256.64529210763,0.963607490943656,-0.6392719682655801
SALA COMERCIAL,f450_w0.6_k32-32_e25.6,bairro,moinhos vento,18,0.8690501173782625,0.8371627387791111,1.5211333295352518,1.8690501173782625,34.264093015469854,1.411524456697584,0.5883235901204925,204727.4622869081,1.1590341419065406,-0.18229831614765699
SALA COMERCIAL,f450_w0.6_k32-32_e25.6,bairro,mont serrat,2,0.35251786565815363,0.35251786565815363,0.40425624796457166,1.0646729778830226,33.11043606639609,1.052916322861923,0.3440680850432536,115208.7833489352,0.4839599019658846,
SALA COMERCIAL,f450_w0.6_k32-32_e25.6,bairro,partenon,2,0.37844646964604645,0.37844646964604645,0.532402027992628,1.3784464696460463,13.960966361112467,1.0103731017983215,0.3111154635311733,34519.30719357769,0.5116562738175348,
SALA COMERCIAL,f450_w0.6_k32-32_e25.6,bairro,passo da areia,9,0.3671937609063385,0.4876032357813675,0.9788554407788019,1.3671937609063385,26.034654965951233,1.0847740393926242,0.36607249732120306,51801.29910233876,0.6282251327753138,-0.14570165665949075
SALA COMERCIAL,f450_w0.6_k32-32_e25.6,bairro,petropolis,16,0.2509625745890634,0.4542830839054723,0.594563576328121,1.0911317990026181,39.57570627127049,1.1410084036942623,0.30309346755271516,97842.96101647061,0.5115967038776518,0.03500461580196724
SALA COMERCIAL,f450_w0.6_k32-32_e25.6,bairro,praia de belas,3,0.4153646756408871,0.4360157833484674,0.756156200934498,0.9486714078533854,44.157149584682124,1.2511388374636006,0.3999870032698633,242823.35522865946,0.6487533761257973,
SALA COMERCIAL,f450_w0.6_k32-32_e25.6,bairro,rio branco,6,0.5097204991859614,0.4893012030488641,0.8832791852882514,1.01747994049896,48.0895183848948,2.1567906792063747,0.5606352417074734,797346.2928536577,1.0738341595621477,-0.3659196804186894
SALA COMERCIAL,f450_w0.6_k32-32_e25.6,bairro,santana,5,0.2525391969533566,0.29465332337923733,0.5771256125877096,1.2525391969533566,19.33156104955442,1.0954446424288384,0.24148905780658003,58358.00637289771,0.4479845581559271,-0.3911520467161563
SALA COMERCIAL,f450_w0.6_k32-32_e25.6,bairro,santo antonio,1,0.666004587971815,0.666004587971815,0.666004587971815,1.666004587971815,0.0,1.0,0.5104282976255019,55188.47018228445,0.7656424464382529,
SALA COMERCIAL,f450_w0.6_k32-32_e25.6,bairro,sao geraldo,4,0.2101631223608147,0.26752187930393256,0.5323994899273795,1.2101631223608147,19.074141727228618,1.1530324472744082,0.22116786389906387,20933.49781879187,0.4354284906621734,-0.12978605248080086
SALA COMERCIAL,f450_w0.6_k32-32_e25.6,bairro,sao joao,3,0.17150074226011736,0.17476372903533074,0.2491649270690189,0.9157905284253695,16.01828154188811,1.0507648070735138,0.1713352970458798,20882.127887436523,0.28012395486594677,
SALA COMERCIAL,f450_w0.6_k32-32_e25.6,bairro,sao sebastiao,3,0.09658154006898056,0.10519762912318653,0.18460732694110457,0.9034184599310194,8.080838024839625,1.0147759297647865,0.1151119688417158,32287.77134354514,0.19343268960428642,
SALA COMERCIAL,f450_w0.6_k32-32_e25.6,bairro,teresopolis,3,0.12313255169784576,0.1976090099115064,0.3716034211149538,1.0359733395674426,17.91724648048001,1.032861993595942,0.1756713696255736,24583.090683768376,0.2543019823416957,
SALA COMERCIAL,f450_w0.6_k32-32_e25.6,bairro,tres figueiras,4,0.16910543252310806,0.176652657084362,0.28686165694809357,0.8308945674768919,10.48351086307367,0.9664319906262574,0.20209777182492933,67657.94493703565,0.33800490694159174,0.18160247756171588
SALA COMERCIAL,f450_w0.6_k32-32_e25.6,bairro,tristeza,1,0.06247288137105789,0.06247288137105789,0.06247288137105789,0.9375271186289421,0.0,1.0,0.06450959501839713,8433.838985092822,0.0967643925275957,
SALA COMERCIAL,f450_w0.6_k32-32_e25.6,tile,-3337|-4925,3,0.09658154006898056,0.10519762912318653,0.18460732694110457,0.9034184599310194,8.080838024839625,1.0147759297647865,0.1151119688417158,32287.77134354514,0.19343268960428642,
SALA COMERCIAL,f450_w0.6_k32-32_e25.6,tile,-3337|-4926,1,0.15328603195494905,0.15328603195494905,0.15328603195494905,0.846713968045051,0.0,1.0,0.16639234142846498,21460.044473692862,0.24958851214269748,
SALA COMERCIAL,f450_w0.6_k32-32_e25.6,tile,-3337|-4927,1,0.22151276123672692,0.22151276123672692,0.22151276123672692,1.221512761236727,0.0,1.0,0.20009005884629083,15505.893286570878,0.30013508826943625,
SALA COMERCIAL,f450_w0.6_k32-32_e25.6,tile,-3337|-4928,4,0.22332046991216647,0.33688484533433016,0.738275983708774,1.2233204699121665,24.29136625962524,1.1215503272475502,0.258310183672967,21865.376493407137,0.4771790029211669,-0.5054160123412149
SALA COMERCIAL,f450_w0.6_k32-32_e25.6,tile,-3337|-4931,1,0.611882580913423,0.611882580913423,0.611882580913423,1.611882580913423,0.0,1.0,0.477402800807002,36694.702397416724,0.716104201210503,
SALA COMERCIAL,f450_w0.6_k32-32_e25.6,tile,-3337|-4932,2,0.05563299600451471,0.05563299600451471,0.06983643954358407,1.0177543044238366,5.466250131558937,1.0166139083921968,0.054717042782408326,12206.845860456217,0.08542064059371031,
SALA COMERCIAL,f450_w0.6_k32-32_e25.6,tile,-3338|-4926,1,0.046270212399121546,0.046270212399121546,0.046270212399121546,0.9537297876008785,0.0,1.0,0.04737488916281578,16194.574339692539,0.07106233374422366,
SALA COMERCIAL,f450_w0.6_k32-32_e25.6,tile,-3338|-4927,3,0.203656767061007,0.18603207076788805,0.25214184814406476,1.203656767061007,4.821052987612974,0.985071169112683,0.16873103910237544,18412.61246621149,0.28098647985462494,
SALA COMERCIAL,f450_w0.6_k32-32_e25.6,tile,-3338|-4928,5,0.5025009734283614,0.6081779481389973,1.078050553344446,1.5025009734283614,25.018890536886,1.0701555971251544,0.45228234823979196,66690.31795008312,0.75229712011956,-0.051718312470096506
SALA COMERCIAL,f450_w0.6_k32-32_e25.6,tile,-3338|-4930,6,0.15215958167340737,0.2563317977565307,0.5537557197409517,0.9788706202806023,26.186483938301347,1.0989295654891456,0.27494143388334424,89994.70982295858,0.39825383567387695,-0.1642931092303405
SALA COMERCIAL,f450_w0.6_k32-32_e25.6,tile,-3338|-4931,6,0.4582727433884868,0.4665338345292935,0.7212879024337129,1.4582727433884868,17.922609461049618,1.1085064035333354,0.37569168319763313,30043.568077389216,0.6606313117005171,-0.17809830528323722
SALA COMERCIAL,f450_w0.6_k32-32_e25.6,tile,-3338|-4932,3,1.055110752734636,1.2324656925010518,1.4807626081740342,2.055110752734636,8.629945589570697,1.0328203550865205,0.7970754164943342,68302.91594170798,1.1949617853531747,
SALA COMERCIAL,f450_w0.6_k32-32_e25.6,tile,-3339|-4928,2,0.12644468759160954,0.12644468759160954,0.19009244573630954,0.8735553124083905,9.107574134204398,0.9671635293927731,0.13934852061128336,43125.80564902891,0.24640321418745925,
SALA COMERCIAL,f450_w0.6_k32-32_e25.6,tile,-3339|-4929,2,0.1967294663506276,0.1967294663506276,0.282052642932388,0.8032705336493724,13.277465842380193,1.0721523638914594,0.22795689483225876,118544.1631161618,0.4055165100114718,
SALA COMERCIAL,f450_w0.6_k32-32_e25.6,tile,-3339|-4930,9,0.1826656231913395,0.19791326901754916,0.286902403790125,0.9815126683375777,19.954823546678334,1.1015858879513387,0.19523584861182502,100144.38669067006,0.302828515517619,-0.09943571751703766
SALA COMERCIAL,f450_w0.6_k32-32_e25.6,tile,-3339|-4931,9,0.3994570770226987,0.34379478538267055,0.4671066931889531,0.7121551122248689,28.84466118103252,1.2171475446558768,0.41668348478283057,259937.34574903134,0.7567799277704754,-0.41476835860507316
SALA COMERCIAL,f450_w0.6_k32-32_e25.6,tile,-3339|-4932,12,1.0489596570677144,1.1067385152817566,1.9818036031752377,2.0489596570677144,21.073968403095332,0.987711685529259,0.708503564152455,182213.09837359906,1.1260367951932875,0.13674462597526607
SALA COMERCIAL,f450_w0.6_k32-32_e25.6,tile,-3339|-4933,13,0.4000299983942215,0.5090274686797335,1.0241200083542294,1.4000299983942215,25.25118296397002,1.1102880472214527,0.4019173655435911,50304.131210879445,0.6856018966919281,-0.20692257275743287
SALA COMERCIAL,f450_w0.6_k32-32_e25.6,tile,-3339|-4934,5,0.5743530700226211,0.5748707507020658,0.7919690304548862,1.5743530700226211,18.557141410358337,1.2332508037720147,0.4717351024956077,65789.86493566073,0.8498769818153175,-0.47160478455367194
SALA COMERCIAL,f450_w0.6_k32-32_e25.6,tile,-3340|-4927,3,0.09885795347351989,0.1386189065729088,0.2089317731168123,0.9011420465264801,5.76681890907207,1.0039660146837477,0.1526157902246802,126195.12694914667,0.22105811263613195,
SALA COMERCIAL,f450_w0.6_k32-32_e25.6,tile,-3340|-4929,5,0.3561259787090212,1.0682408127160685,2.5361343996801944,1.3561259787090212,73.5193951467093,1.4396286859814045,0.6026319606262922,180740.69093411017,1.1209391051106825,-1.4703050205450126
SALA COMERCIAL,f450_w0.6_k32-32_e25.6,tile,-3340|-4931,2,0.6587367659944868,0.6587367659944868,0.6796681045140217,0.34126323400551317,7.6668596386201395,1.00792344902299,1.0780488610393864,1377125.7904512538,1.6387126979370108,
SALA COMERCIAL,f450_w0.6_k32-32_e25.6,tile,-3340|-4932,12,0.21420271934970908,0.2656488089329038,0.37988286840440305,0.9796549968877832,27.116567544373293,1.0984239457395397,0.2408810143641225,65982.53160342644,0.36588802776987805,-0.266925233087541
SALA COMERCIAL,f450_w0.6_k32-32_e25.6,tile,-3340|-4933,17,0.2551975796761856,0.3401008070275976,0.742841108286989,0.9865630636667638,34.393178855376846,1.1273412960759894,0.2927703216200007,93544.55911974846,0.4454482957647908,-0.15338837541232614
SALA COMERCIAL,f450_w0.6_k32-32_e25.6,tile,-3340|-4934,40,0.2927127434650376,0.3555860619683578,0.6857546803086195,1.036372184956463,34.151561883111114,1.3729511440477393,0.3506847194817565,163648.18511625682,0.6124080611914013,-0.1447565310709313
SALA COMERCIAL,f450_w0.6_k32-32_e25.6,tile,-3341|-4928,4,0.269017448395026,0.33414197500078757,0.5837618293973039,1.1290045299089626,29.59615893017995,1.0659230964522963,0.2854432734740084,76526.56002375863,0.4520224100272837,0.004306904833624824
SALA COMERCIAL,f450_w0.6_k32-32_e25.6,tile,-3341|-4929,10,0.1704626832060268,0.1974869204269037,0.3426124913727353,1.0853824308610727,16.53609400274988,0.990803917971331,0.18621284895805645,67063.24373840327,0.27313859534105855,0.038125462141691276
SALA COMERCIAL,f450_w0.6_k32-32_e25.6,tile,-3341|-4930,3,0.33832317082186614,0.2867376390175736,0.33832317082186614,1.3383231708218661,12.998597987120489,1.1115617252377779,0.26188161267739923,22273.921597321354,0.4929698333707094,
SALA COMERCIAL,f450_w0.6_k32-32_e25.6,tile,-3341|-4932,6,0.23068328194147697,0.2803489973042973,0.5739813759361133,1.1287822290515899,24.688013602809814,1.0667041823042311,0.24028072957455301,55209.57172200259,0.39485729840175965,-0.18503423227101504
SALA COMERCIAL,f450_w0.6_k32-32_e25.6,tile,-3341|-4933,1,0.02621542901641194,0.02621542901641194,0.02621542901641194,0.9737845709835881,0.0,1.0,0.026565179491744494,5243.085803282389,0.03984776923761674,
SALA COMERCIAL,f450_w0.6_k32-32_e25.6,tile,-3341|-4934,3,2.6225185663374084,2.4996404833634562,3.3529961503011507,3.6225185663374084,20.196153299041335,1.076585302958028,1.2165392229948269,93507.0323447566,1.947511504335115,
SALA COMERCIAL,f450_w0.6_k32-32_e25.6,tile,-3342|-4928,2,0.0871547441083022,0.0871547441083022,0.09822730673949745,1.013840703288994,8.596492903230663,1.0057917677083856,0.08617763234193493,18099.017584061774,0.11742929229118636,
SALA COMERCIAL,f450_w0.6_k32-32_e25.6,tile,-3342|-4932,1,0.5861424120057828,0.5861424120057828,0.5861424120057828,1.5861424120057828,0.0,1.0,0.461304912375551,29307.12060028914,0.6919573685633265,
SALA COMERCIAL,f450_w0.6_k32-32_e25.6,tile,-3342|-4933,4,0.4567514250232074,0.4187812390686458,0.5298107719705445,1.3286258052945576,23.97448137890662,1.1017716017322672,0.43967243246484244,133898.6946915072,0.6901409410502579,-2.267517164013844
SALA COMERCIAL,f450_w0.6_k32-32_e25.6,tile,-3342|-4934,3,0.4153646756408871,0.4360157833484674,0.756156200934498,0.9486714078533854,44.157149584682124,1.2511388374636006,0.3999870032698633,242823.35522865946,0.6487533761257973,
SALA COMERCIAL,f450_w0.6_k32-32_e25.6,tile,-3343|-4928,1,0.18600202171281954,0.18600202171281954,0.18600202171281954,1.1860020217128195,0.0,1.0,0.17058800522232662,17242.38741277838,0.2558820078334899,
SALA COMERCIAL,f450_w0.6_k32-32_e25.6,tile,-3343|-4931,1,0.666004587971815,0.666004587971815,0.666004587971815,1.666004587971815,0.0,1.0,0.5104282976255019,55188.47018228445,0.7656424464382529,
SALA COMERCIAL,f450_w0.6_k32-32_e25.6,tile,-3343|-4933,4,0.34764694481814196,0.3748730980128255,0.6916608413889074,1.347646944818142,19.23313724596747,1.0417347110748834,0.2965252319115526,52373.54263601642,0.5142317664424806,-0.10704572487317068
SALA COMERCIAL,f450_w0.6_k32-32_e25.6,tile,-3343|-4934,5,0.8964246708810784,0.815877388687207,1.4118909544882337,1.8964246708810784,23.579386493570905,1.083896684482669,0.5451388091501016,73488.37531430925,0.9643537505050701,-0.49389315975003123
SALA COMERCIAL,f450_w0.6_k32-32_e25.6,tile,-3344|-4930,1,0.5708909175792733,0.5708909175792733,0.5708909175792733,1.5708909175792733,0.0,1.0,0.45164292184002,45671.273406341876,0.67746438276003,
SALA COMERCIAL,f450_w0.6_k32-32_e25.6,tile,-3345|-4932,3,0.12313255169784576,0.1976090099115064,0.3716034211149538,1.0359733395674426,17.91724648048001,1.032861993595942,0.1756713696255736,24583.090683768376,0.2543019823416957,
SALA COMERCIAL,f450_w0.6_k32-32_e25.6,tile,-3346|-4935,1,0.031673194347033085,0.031673194347033085,0.031673194347033085,0.9683268056529669,0.0,1.0,0.03218563953707702,14569.669399635226,0.04827845930561553,
SALA COMERCIAL,f450_w0.6_k32-32_e25.6,tile,-3347|-4935,5,0.1738720111593577,0.26275561642668105,0.5828326148475401,1.1738720111593577,19.42130079152728,0.9482052747689627,0.21136222757235146,174058.17471833582,0.36666146035535674,0.42264265554051667
SALA COMERCIAL,f450_w0.6_k32-32_e25.6,tile,-3348|-4934,1,0.13188863109687488,0.13188863109687488,0.13188863109687488,0.8681113689031251,0.0,1.0,0.14143526736426135,19783.294664531233,0.212152901046392,
SALA COMERCIAL,f450_w0.6_k32-32_e25.6,tile,-3349|-4936,1,0.06247288137105789,0.06247288137105789,0.06247288137105789,0.9375271186289421,0.0,1.0,0.06450959501839713,8433.838985092822,0.0967643925275957,
SALA COMERCIAL,f450_w0.6_k32-32_e25.6,tile,-3351|-4934,1,1.0396846171888496,1.0396846171888496,1.0396846171888496,2.0396846171888496,0.0,1.0,0.7127951964871727,49385.01931647037,1.0691927947307591,
SALA COMERCIAL,baseline,periodo_ou_espaco,teste_espacial,60,0.28461760902824473,0.5366376804861874,1.049604749659424,1.1066254323567617,47.04156722570718,1.209652608500553,0.37158202518647243,131081.77758464386,0.6350101690618408,-0.0998423622323914
SALA COMERCIAL,f450_w0.6_k32-32_e25.6,periodo_ou_espaco,teste_espacial,60,0.2915144693292888,0.530048196839106,1.0839732927136796,1.1531955867549983,43.47488597342698,1.2342423129732332,0.3745328968292425,101921.31511939155,0.6597171766935012,-0.14400809186456068
TERRENO,baseline,periodo_ou_espaco,validacao_1,90,1.3250671331133628,1.8774078484794263,4.38805107868005,2.3250671331133628,57.93695858826236,2.657578237174889,0.9607080492120232,2366529.187877125,2.0161325376934305,-0.08417779851914114
TERRENO,baseline,periodo_ou_espaco,validacao_2,90,1.6032645942885173,2.602113627432326,4.85759515376155,2.6032645942885173,71.77907880199116,1.8958599587784455,1.0661640250236408,1256816.3263056832,2.043831127175363,-0.0042648732816171365
TERRENO,baseline,periodo_ou_espaco,validacao_3,90,1.2801833509930407,2.1438613849713937,4.925028149103112,2.280183350993041,70.17618983900424,1.163507270653813,0.9441812646934516,870901.8158458719,1.6074691440541533,0.24138077070697805
TERRENO,f0_w0.1_k8-24_e8,periodo_ou_espaco,validacao_1,90,0.6524199236773123,0.907788395111152,1.730528020983674,1.425567988801454,58.090563295328145,2.49221145132234,0.6560527869453694,2388042.3927551345,1.435149581343117,0.009523770233667357
TERRENO,f0_w0.1_k8-24_e8,periodo_ou_espaco,validacao_2,90,0.728581658185157,1.5134278891044015,3.4934441214407563,1.2757971399110113,117.28705956975709,1.5201506457613412,0.9312585848405626,1256823.441683062,1.5556665487767034,0.3859160195372109
TERRENO,f0_w0.1_k8-24_e8,periodo_ou_espaco,validacao_3,90,0.5450149151999963,0.8582493472009898,2.0360029587796133,1.0898606565630535,78.31368799918047,1.1701622059790282,0.7530788726336664,409089.5088949603,1.07045920605302,0.23680063584829372
TERRENO,f0_w0.1_k8-8_e6.4,periodo_ou_espaco,validacao_1,90,0.699901006871661,1.075434106285438,2.4905920073658394,1.6765561841828451,57.267324941071806,2.5888331469785144,0.7225600508398492,2381593.4698654898,1.5997028886627813,-0.01041829394646715
TERRENO,f0_w0.1_k8-8_e6.4,periodo_ou_espaco,validacao_2,90,0.6575631390811305,1.3618606049118422,3.057984095960195,1.2316731604171534,108.86368464355105,1.5478311000530838,0.8135405650745642,1011432.3012596567,1.4083138760674179,0.3520424590897494
TERRENO,f0_w0.1_k8-8_e6.4,periodo_ou_espaco,validacao_3,90,0.481117804816684,0.8047025194205882,2.279753569325171,1.1511309250833421,68.52748638930505,1.1786167266585563,0.6392905611721592,408528.3179986044,0.963152455920667,0.1547682207728344
TERRENO,f100_w0.1_k24-24_e19.2,periodo_ou_espaco,validacao_1,90,1.0365343833065905,1.4367246124143274,3.1929861906742225,2.0365343833065905,54.62427689835435,2.4335083366539125,0.8094368182786358,2323755.2434422527,1.746289264307379,-0.04931051618983349
TERRENO,f100_w0.1_k24-24_e19.2,periodo_ou_espaco,validacao_2,90,0.9335906592724281,1.829899386335367,4.863321928400617,1.9335906592724281,75.86926570463167,1.4269616465997281,0.8370690636994583,2227519.0907870512,1.5342053183808586,0.051295309305928107
TERRENO,f100_w0.1_k24-24_e19.2,periodo_ou_espaco,validacao_3,90,0.8059635037240765,1.3818558072700116,2.9103679010166084,1.8059635037240764,60.77303609352961,1.164923274379462,0.7247582354117308,548652.5603315207,1.2485655618405729,0.1838313199440292
TERRENO,f200_w0.1_k5-5_e4,periodo_ou_espaco,validacao_1,90,1.0255707517861365,1.5265471500134686,3.675013621011372,2.0255707517861365,61.77277006608738,2.43924687598896,0.8259322221743716,2423667.054892515,1.7791345712688003,-0.006914536515244656
TERRENO,f200_w0.1_k5-5_e4,periodo_ou_espaco,validacao_2,90,1.2053842930403629,2.134032715409949,4.691085456689348,2.205384293040363,79.93894909791037,1.5077216508156857,0.9194144357416393,2360651.987654071,1.720012532052722,0.07352771834632717
TERRENO,f200_w0.1_k5-5_e4,periodo_ou_espaco,validacao_3,90,0.9579125983269658,1.7321428797345595,3.564506898864996,1.9579125983269658,74.69441833763378,1.1850598579953677,0.8163690469586734,701410.7407291739,1.4239411884327913,0.26891045357825544
TERRENO,f300_w0.1_k16-16_e12.8,periodo_ou_espaco,validacao_1,90,1.1014130427103264,1.519673527684491,3.107509261625063,2.1014130427103264,53.49219710282873,2.3505990563961294,0.8499430170438688,2345625.750605427,1.7823136144086407,-0.022432385151588383
TERRENO,f300_w0.1_k16-16_e12.8,periodo_ou_espaco,validacao_2,90,1.1839133758553848,2.137498633771039,4.427941852768004,2.1839133758553846,77.15638984378592,1.5773440799093679,0.9197897390815633,2046062.7384829628,1.7311111459812056,0.08346914602000158
TERRENO,f300_w0.1_k16-16_e12.8,periodo_ou_espaco,validacao_3,90,1.068742208432191,1.5665247633406598,4.163925911394039,2.068742208432191,57.72722251594594,1.1636170398041228,0.8048217901675234,611776.5418687201,1.3883768891525674,0.10218790163905149
TERRENO,f400_w0.1_k24-24_e19.2,periodo_ou_espaco,validacao_1,90,1.2561924368026627,1.5926689816332869,3.658445258142061,2.256192436802663,50.18415711010659,2.4536547561925586,0.862480407281741,2325301.2615114,1.8435694401782816,-0.07065848743941751
TERRENO,f400_w0.1_k24-24_e19.2,periodo_ou_espaco,validacao_2,90,1.2457229363941313,2.0710932800837734,4.576486532494751,2.2457229363941313,65.68154319985902,1.558249404359549,0.9317036348951605,1919155.0021293226,1.7222027451344935,-0.002201056103722152
TERRENO,f400_w0.1_k24-24_e19.2,periodo_ou_espaco,validacao_3,90,1.093485844027315,1.6329052359125031,4.375541951464767,2.093485844027315,57.22927624043499,1.123031966759356,0.817547764722024,698884.8155474305,1.3880522980425842,0.13197822018769118
TERRENO,baseline,decil_valor,1,8,2.823994970666463,2.8459600819372195,4.933676412928821,3.823994970666463,35.00294802057057,1.0410675644254357,1.2438304538679654,176497.1461106109,2.022109009369036,0.559129724082804
TERRENO,baseline,decil_valor,2,8,3.24906405530558,3.113249086642649,4.678098414443437,4.249064055305579,32.57419967146801,1.030019722156685,1.3393181102097724,264652.8802098723,2.1588919524814245,1.0673959592729236
TERRENO,baseline,decil_valor,3,7,2.1596456633765757,2.0076567236754466,2.427407270878903,3.1596456633765757,11.10471536576977,0.9982875058136824,1.0865213949378791,232863.9934524134,1.6903701091770036,0.7123069198341525
TERRENO,baseline,decil_valor,4,8,1.0320165406642938,1.5716239353936667,2.8375451280464175,2.032016540664294,41.59067868827725,1.0323104900170512,0.8339173972713405,314732.0207130778,1.3083081709934203,1.7485472975546228
TERRENO,baseline,decil_valor,5,8,0.8638333989719652,0.7967357815554534,1.2772315245331614,1.8638333989719653,23.462592469445248,1.004700136907394,0.5395355652139086,196951.12512434807,0.911854276281554,1.2368240538587123
TERRENO,baseline,decil_valor,6,7,1.0362782282643077,1.1163857163497248,2.1363332135033897,2.0362782282643077,37.9913502961024,1.0190732455564515,0.6547673262162012,360826.1115653115,1.1147543895577388,1.730779845780253
TERRENO,baseline,decil_valor,7,8,0.7127791405042264,1.882406577294995,4.44112352283298,1.7127791405042263,94.31015800769856,0.9765487736159709,0.7817283096372075,1017027.8693537171,1.2984276357357234,2.145740961403715
TERRENO,baseline,decil_valor,8,7,1.814198122442983,1.4268856726795125,2.5312504866425334,2.814198122442983,34.737338657661695,0.9972019205162748,0.7704208376181171,709584.9972517522,1.3760038660747742,1.0853246964642351
TERRENO,baseline,decil_valor,9,8,0.9106293519392333,0.9636297422195066,1.8731008753250697,1.9106293519392334,40.80408483977987,0.9834739910317604,0.5942059080353956,714264.2352512649,1.0282645092527978,0.859623425822569
TERRENO,baseline,decil_valor,10,8,0.3887789749357994,0.7589499208034909,1.593839202876389,1.3456704437298084,49.977797264871676,0.9496472430995943,0.5425616299781958,2753865.603505015,0.8417846463558651,0.21506675826899935
TERRENO,baseline,bairro,aberta dos morr,5,1.0962248938217334,1.9896318403832827,3.7915389239485666,2.0962248938217334,47.67934859452136,0.9835399075477426,0.9860740496175836,363493.06221687613,1.4836399822441153,1.1460076890076305
TERRENO,baseline,bairro,azenha,4,0.9798685766550127,1.1623869228043096,2.055800670906386,1.9798685766550128,43.222692261635245,1.2042462242145673,0.7358870623193242,1060916.401357351,1.2783859420817305,-0.34408510707578444
TERRENO,baseline,bairro,bela vista,1,0.057531738192683535,0.057531738192683535,0.057531738192683535,0.9424682618073165,0.0,1.0,0.05925303470196488,78013.03698927886,0.08887955205294731,
TERRENO,baseline,bairro,bom jesus,2,4.2436744803754385,4.2436744803754385,4.252773479474119,5.2436744803754385,0.21690417503827203,1.0000000000000002,1.6570201369176458,297058.2805477918,2.48607364200236,
TERRENO,baseline,bairro,campo novo,2,1.2959802752498952,1.2959802752498952,1.5376367482146711,2.295980275249895,13.15649766081254,1.0161604660148884,0.8224294368966458,230745.5944091319,1.2789162626375048,
TERRENO,baseline,bairro,cristal,3,0.12279084045815081,0.1523040176433418,0.2626239808491181,1.1227908404581508,9.919366410682441,1.005818087640603,0.1378477863498695,76359.67857551994,0.2234555201943987,
TERRENO,baseline,bairro,espirito santo,2,0.5917502421452753,0.5917502421452753,0.9688628380297697,1.5917502421452752,29.614617442765574,1.0482175880203617,0.4189395930236199,175192.33718389785,0.7489388259032165,
TERRENO,baseline,bairro,farrapos,3,0.3456869891279841,0.5782267074951668,0.9038087858463038,1.3456869891279841,17.282011402130415,0.916860299499874,0.4361233564858699,4230029.8969395915,0.6711807943504348,
TERRENO,baseline,bairro,floresta,1,2.6829669266820653,2.6829669266820653,2.6829669266820653,3.6829669266820653,0.0,1.0,1.303718657428599,1126846.1092064674,1.9555779861428986,
TERRENO,baseline,bairro,guaruja,3,0.30566892291328496,2.0755342720038783,4.593306195167418,1.305668922913285,138.10282832633064,1.4127122322872552,0.7971085350954729,235154.47465460576,1.4484790657884334,
TERRENO,baseline,bairro,hipica,8,0.490573950326234,1.0334622361082575,2.2365654662405623,1.465107386158703,65.03607866613986,1.3614375980843807,0.550529360670966,122339.60403642105,1.0583544272293195,-1.4563414362205707
TERRENO,baseline,bairro,jar leopoldina,3,2.0631528125440166,2.0290359663676125,2.140347093210064,3.0631528125440166,3.213859034226538,1.0000000000000002,1.1074106293288077,243930.99231986722,1.6751676351316043,
TERRENO,baseline,bairro,jardim carvalho,1,0.13328900285118672,0.13328900285118672,0.13328900285118672,0.8667109971488133,0.0,1.0,0.1430496943924954,43318.92592663568,0.21457454158874312,
TERRENO,baseline,bairro,jardim floresta,1,2.171037948613417,2.171037948613417,2.171037948613417,3.171037948613417,0.0,1.0,1.1540589628808227,1791106.307606069,1.731088444321234,
TERRENO,baseline,bairro,lomba pinheiro,2,2.439554699911959,2.439554699911959,3.142032231200198,3.439554699911959,25.529377803841147,1.0811820755323738,1.201644095289487,185911.46290514164,1.9221660259390956,
TERRENO,baseline,bairro,mario quintana,12,2.1281040093603725,1.854613316960286,2.739547690045084,3.1281040093603725,26.227971690633883,1.1236557317507652,0.9783673025517442,196701.41904205614,1.6724444764194208,-0.10742689749929872
TERRENO,baseline,bairro,medianeira,1,0.3678971641929272,0.3678971641929272,0.3678971641929272,1.3678971641929272,0.0,1.0,0.313274644001183,150837.83731910016,0.4699119660017745,
TERRENO,baseline,bairro,navegantes,1,1.5942137058053452,1.5942137058053452,1.5942137058053452,2.594213705805345,0.0,1.0,0.9532834671597836,956528.2234832072,1.4299252007396754,
TERRENO,baseline,bairro,nonoai,1,1.1090406659177674,1.1090406659177674,1.1090406659177674,2.1090406659177674,0.0,1.0,0.7462331833959788,277260.1664794418,1.1193497750939683,
TERRENO,baseline,bairro,parque sta fe,3,0.7333087039152775,0.8108285304383257,0.9522035890282748,1.7333087039152775,6.0515808580921995,1.0133817064228374,0.590898577704026,194370.42859669187,0.8876900747246671,
TERRENO,baseline,bairro,ponta grossa,1,3.2708282483834115,3.2708282483834115,3.2708282483834115,4.2708282483834115,0.0,1.0,1.4518077776073877,196249.69490300468,2.1777116664110814,
TERRENO,baseline,bairro,restinga,2,0.6266919437471425,0.6266919437471425,0.9543609713608747,1.4095862845171652,44.459282175961825,1.200080129100397,0.4779406386738897,201711.83994437757,0.8519311315709622,
TERRENO,baseline,bairro,rubem berta,1,0.967808187506854,0.967808187506854,0.967808187506854,1.967808187506854,0.0,1.0,0.6769203281822351,179044.51468876802,1.0153804922733527,
TERRENO,baseline,bairro,santa m goretti,1,1.2079898624146757,1.2079898624146757,1.2079898624146757,2.2079898624146757,0.0,1.0,0.7920825371066076,785193.4105695393,1.1881238056599113,
TERRENO,baseline,bairro,santa tereza,1,2.430106193282845,2.430106193282845,2.430106193282845,3.430106193282845,0.0,1.0,1.2325912208393646,972042.4773131381,1.8488868312590467,
TERRENO,baseline,bairro,santana,1,2.5238376042044277,2.5238376042044277,2.5238376042044277,3.5238376042044277,0.0,1.0,1.2595506242097123,1362872.306270391,1.8893259363145685,
TERRENO,baseline,bairro,sao joao,1,1.814198122442983,1.814198122442983,1.814198122442983,2.814198122442983,0.0,1.0,1.0346773621992362,780105.1926504828,1.5520160432988543,
TERRENO,baseline,bairro,sarandi,4,1.265600728802398,1.998529206430709,4.4288857587472625,2.0318408570065047,98.3605187157781,1.9958335611481592,0.8983604714383021,417148.6767669272,1.8442637664582533,-1.2153551321276832
TERRENO,baseline,bairro,setimo ceu,1,0.5779737562877696,0.5779737562877696,0.5779737562877696,1.5779737562877696,0.0,1.0,0.4561415912890422,124401.68416636446,0.6842123869335632,
TERRENO,baseline,bairro,vila nova,5,2.8340610867208893,3.592049098595981,6.385470338209444,3.8340610867208893,44.914419547712434,1.0215158798340391,1.4059970928238914,1345209.1194351127,2.200889270768261,0.7183303517090183
TERRENO,baseline,tile,-3334|-4931,3,0.3456869891279841,0.5782267074951668,0.9038087858463038,1.3456869891279841,17.282011402130415,0.916860299499874,0.4361233564858699,4230029.8969395915,0.6711807943504348,
TERRENO,baseline,tile,-3335|-4924,1,2.0993304968611817,2.0993304968611817,2.0993304968611817,3.0993304968611817,0.0,1.0,1.1311861194120332,665487.7675049946,1.6967791791180498,
TERRENO,baseline,tile,-3335|-4925,1,5.427266585269868,5.427266585269868,5.427266585269868,6.427266585269868,0.0,1.0,1.8605493444879793,339204.1615793667,2.790824016731969,
TERRENO,baseline,tile,-3336|-4924,1,0.03564878284817241,0.03564878284817241,0.03564878284817241,0.9643512171518276,0.0,1.0,0.036299717579746406,13190.049653823778,0.05444957636961961,
TERRENO,baseline,tile,-3337|-4921,1,0.967808187506854,0.967808187506854,0.967808187506854,1.967808187506854,0.0,1.0,0.6769203281822351,179044.51468876802,1.0153804922733527,
TERRENO,baseline,tile,-3337|-4922,3,0.7333087039152775,0.8108285304383257,0.9522035890282748,1.7333087039152775,6.0515808580921995,1.0133817064228374,0.590898577704026,194370.42859669187,0.8876900747246671,
TERRENO,baseline,tile,-3337|-4923,1,0.43187096074361464,0.43187096074361464,0.43187096074361464,0.5681290392563854,0.0,1.0,0.5654067042734499,371409.0262395086,0.8481100564101748,
TERRENO,baseline,tile,-3337|-4927,1,2.171037948613417,2.171037948613417,2.171037948613417,3.171037948613417,0.0,1.0,1.1540589628808227,1791106.307606069,1.731088444321234,
TERRENO,baseline,tile,-3337|-4929,1,1.2079898624146757,1.2079898624146757,1.2079898624146757,2.2079898624146757,0.0,1.0,0.7920825371066076,785193.4105695393,1.1881238056599113,
TERRENO,baseline,tile,-3337|-4930,1,1.814198122442983,1.814198122442983,1.814198122442983,2.814198122442983,0.0,1.0,1.0346773621992362,780105.1926504828,1.5520160432988543,
TERRENO,baseline,tile,-3337|-4932,1,1.5942137058053452,1.5942137058053452,1.5942137058053452,2.594213705805345,0.0,1.0,0.9532834671597836,956528.2234832072,1.4299252007396754,
TERRENO,baseline,tile,-3338|-4923,1,2.0631528125440166,2.0631528125440166,2.0631528125440166,3.0631528125440166,0.0,1.0,1.1194447164344605,247578.33750528202,1.6791670746516907,
TERRENO,baseline,tile,-3338|-4932,1,2.6829669266820653,2.6829669266820653,2.6829669266820653,3.6829669266820653,0.0,1.0,1.303718657428599,1126846.1092064674,1.9555779861428986,
TERRENO,baseline,tile,-3339|-4922,1,2.661301799847129,2.661301799847129,2.661301799847129,3.661301799847129,0.0,1.0,1.2978187671914065,250162.36918563012,1.9467281507871097,
TERRENO,baseline,tile,-3339|-4923,5,2.1596456633765757,1.8680768387552518,2.2134146630581535,3.1596456633765757,10.58863744150656,1.0371911411887804,1.0347663415572217,218205.1871561542,1.6547259966768295,-0.835140684941278
TERRENO,baseline,tile,-3340|-4921,1,2.3771616929495147,2.3771616929495147,2.3771616929495147,3.3771616929495147,0.0,1.0,1.21703562090555,114960.63296541729,1.8255534313583248,
TERRENO,baseline,tile,-3340|-4922,3,1.3040179638918565,1.5382470292927752,1.89516188112058,2.3040179638918565,11.214793880623834,1.015253360146066,0.9220935223157266,97611.16007052457,1.375026875459111,
TERRENO,baseline,tile,-3341|-4921,4,1.6166806655291386,1.8214315289077565,3.5102509208882786,2.6166806655291386,56.22017561318299,1.232807755307924,0.8720570348356621,244469.24171043982,1.59820791827236,-1.3454895397415818
TERRENO,baseline,tile,-3341|-4928,2,4.2436744803754385,4.2436744803754385,4.252773479474119,5.2436744803754385,0.21690417503827203,1.0000000000000002,1.6570201369176458,297058.2805477918,2.48607364200236,
TERRENO,baseline,tile,-3341|-4930,1,0.057531738192683535,0.057531738192683535,0.057531738192683535,0.9424682618073165,0.0,1.0,0.05925303470196488,78013.03698927886,0.08887955205294731,
TERRENO,baseline,tile,-3342|-4926,1,0.13328900285118672,0.13328900285118672,0.13328900285118672,0.8667109971488133,0.0,1.0,0.1430496943924954,43318.92592663568,0.21457454158874312,
TERRENO,baseline,tile,-3342|-4931,1,2.5238376042044277,2.5238376042044277,2.5238376042044277,3.5238376042044277,0.0,1.0,1.2595506242097123,1362872.306270391,1.8893259363145685,
TERRENO,baseline,tile,-3342|-4932,3,1.3464683118462344,1.3454262832511492,2.157133865057836,2.3464683118462344,38.21076586072784,1.2735830333163065,0.821761930771721,1197625.8706621316,1.4646616283814744,
TERRENO,baseline,tile,-3342|-4933,1,0.613268841463791,0.613268841463791,0.613268841463791,1.613268841463791,0.0,1.0,0.478262456962134,446375.69875435927,0.717393685443201,
TERRENO,baseline,tile,-3343|-4932,1,0.3678971641929272,0.3678971641929272,0.3678971641929272,1.3678971641929272,0.0,1.0,0.313274644001183,150837.83731910016,0.4699119660017745,
TERRENO,baseline,tile,-3344|-4934,1,2.430106193282845,2.430106193282845,2.430106193282845,3.430106193282845,0.0,1.0,1.2325912208393646,972042.4773131381,1.8488868312590467,
TERRENO,baseline,tile,-3345|-4935,1,0.2975822659468599,0.2975822659468599,0.2975822659468599,1.2975822659468599,0.0,1.0,0.2605027374752466,119032.906378744,0.3907541062128699,
TERRENO,baseline,tile,-3346|-4933,1,1.1090406659177674,1.1090406659177674,1.1090406659177674,2.1090406659177674,0.0,1.0,0.7462331833959788,277260.1664794418,1.1193497750939683,
TERRENO,baseline,tile,-3346|-4934,2,0.07966489349158279,0.07966489349158279,0.1141656510648372,1.0431259469665681,7.637130849179809,1.0000000000000002,0.07652031078718095,40764.989485459984,0.11672409953538662,
TERRENO,baseline,tile,-3347|-4924,1,3.3176516140222576,3.3176516140222576,3.3176516140222576,4.317651614022258,0.0,1.0,1.4627116465824763,199059.09684133544,2.1940674698737146,
TERRENO,baseline,tile,-3348|-4932,1,1.8646840199613308,1.8646840199613308,1.8646840199613308,2.864684019961331,0.0,1.0,1.052458054367532,372936.8039922662,1.5786870815512979,
TERRENO,baseline,tile,-3349|-4923,1,1.5614577858016605,1.5614577858016605,1.5614577858016605,2.5614577858016605,0.0,1.0,0.9405765439964977,171760.35643818264,1.4108648159947466,
TERRENO,baseline,tile,-3350|-4936,1,0.5779737562877696,0.5779737562877696,0.5779737562877696,1.5779737562877696,0.0,1.0,0.4561415912890422,124401.68416636446,0.6842123869335632,
TERRENO,baseline,tile,-3351|-4930,4,3.2556665608013553,4.023890368254643,6.836836722097383,4.255666560801355,44.88635467030492,1.0601942750956743,1.4943818524379813,1492385.3402594277,2.3599495256219813,0.7956518642836556
TERRENO,baseline,tile,-3352|-4931,2,1.2959802752498952,1.2959802752498952,1.5376367482146711,2.295980275249895,13.15649766081254,1.0161604660148884,0.8224294368966458,230745.5944091319,1.2789162626375048,
TERRENO,baseline,tile,-3353|-4931,1,1.816204650777184,1.816204650777184,1.816204650777184,2.816204650777184,0.0,1.0,1.0353901099368188,158917.9069430036,1.5530851649052282,
TERRENO,baseline,tile,-3353|-4932,2,2.614393968342906,2.614393968342906,4.609621545185505,3.614393968342906,69.00283956031198,1.3277807437772995,0.9616595711989192,538885.7127475289,1.9183832364952103,
TERRENO,baseline,tile,-3353|-4933,1,1.0631409870008932,1.0631409870008932,1.0631409870008932,2.063140987000893,0.0,1.0,0.7242295725202988,244841.3693063057,1.0863443587804482,
TERRENO,baseline,tile,-3354|-4928,2,0.0855840992972059,0.0855840992972059,0.11791499361402683,1.0404136178960262,8.225968770985343,1.006801575430298,0.08244598567460261,18377.711474497504,0.12620935393744181,
TERRENO,baseline,tile,-3354|-4929,1,1.1713201942123175,1.1713201942123175,1.1713201942123175,2.1713201942123175,0.0,1.0,0.775335366991227,115492.17114933449,1.1630030504868405,
TERRENO,baseline,tile,-3354|-4930,2,0.8796116416248326,0.8796116416248326,0.9962952638046948,1.8796116416248325,7.759822534337121,0.9998416254429962,0.6280453384881961,196687.98584321808,0.9630566793232179,
TERRENO,baseline,tile,-3354|-4932,1,0.30566892291328496,0.30566892291328496,0.30566892291328496,1.305668922913285,0.0,1.0,0.2667154940559232,20785.486758103376,0.4000732410838848,
TERRENO,baseline,tile,-3354|-4933,2,2.960466946549175,2.960466946549175,5.124265799894596,3.960466946549175,68.29367857844318,1.6881718098716798,1.0623050556152478,287628.9661964521,2.1830433061631895,
TERRENO,baseline,tile,-3355|-4926,1,1.0362782282643077,1.0362782282643077,1.0362782282643077,2.0362782282643077,0.0,1.0,0.7111237437057064,259069.5570660769,1.0666856155585596,
TERRENO,baseline,tile,-3355|-4927,1,0.21710565922997738,0.21710565922997738,0.21710565922997738,0.7828943407700226,0.0,1.0,0.24475753364207298,119408.11257648753,0.36713630046310947,
TERRENO,baseline,tile,-3355|-4930,3,0.24739078675246307,1.7219954042698884,3.8271883714623343,1.1964576584174007,138.45116093133475,2.0361661277236456,0.7359722900169681,97210.39042769637,1.527317157536335,
TERRENO,baseline,tile,-3355|-4931,3,1.0943213016330993,1.0078420372476915,1.0958441753840065,2.0943213016330993,4.189821579720034,1.0114883783619177,0.6951035364267341,136653.9685204513,1.0809043043280318,
TERRENO,baseline,tile,-3356|-4929,1,3.2708282483834115,3.2708282483834115,3.2708282483834115,4.2708282483834115,0.0,1.0,1.4518077776073877,196249.69490300468,2.1777116664110814,
TERRENO,f0_w0.1_k8-8_e6.4,decil_valor,1,8,1.2999345190565619,1.6054733535368841,3.7345319645310977,2.2999345190565617,53.10993367681775,1.058468394576698,0.7998699309181929,116078.2242307422,1.377496567615978,1.151590850030357
TERRENO,f0_w0.1_k8-8_e6.4,decil_valor,2,8,0.8441972310297823,1.146117300599411,2.2179722624460148,1.3019758383310032,88.02907602867758,1.0074749972541654,0.9210923034792764,113059.65065789902,1.276830085638128,1.4062353397881935
TERRENO,f0_w0.1_k8-8_e6.4,decil_valor,3,7,1.415411987961821,1.1735515683585773,1.7578978172303827,2.415411987961821,29.81475032827232,1.0163912303569758,0.9386775780426169,141582.65867098366,1.4622785599979284,1.1368754202718532
TERRENO,f0_w0.1_k8-8_e6.4,decil_valor,4,8,0.655130741156916,0.7393937309803518,1.2329791961155594,1.655130741156916,33.18961757604779,1.030173433131454,0.5668411426662248,127013.83544269427,0.9166187731737103,0.9881703743263922
TERRENO,f0_w0.1_k8-8_e6.4,decil_valor,5,8,0.6140761998467628,0.55140102860414,0.7840890179557585,1.3151274303728684,40.172292689195615,0.9971193923501533,0.5623061295087041,130260.81907758045,0.8011460266048016,1.1470659012306046
TERRENO,f0_w0.1_k8-8_e6.4,decil_valor,6,7,0.41396760069259997,0.5042364854780599,0.9217177206224261,0.798809460977886,59.52545671171458,1.007292109525653,0.6556947998975663,139657.59342503,0.9204576837602398,1.4759843799927441
TERRENO,f0_w0.1_k8-8_e6.4,decil_valor,7,8,0.3436012443480002,0.549704284392484,1.159625509028975,1.2426326423796303,38.73342625208734,1.000190909767285,0.5852712147673187,243081.89962199054,0.7908163400312463,1.3405429577426575
TERRENO,f0_w0.1_k8-8_e6.4,decil_valor,8,7,0.5990923180927119,0.8968800726840159,1.851035007718702,1.282066421779742,66.81283083473383,0.9722079505442289,0.7272572957139625,485247.83778126707,1.0326187351666145,1.3463100317851402
TERRENO,f0_w0.1_k8-8_e6.4,decil_valor,9,8,0.3912807908560242,0.5092016641215884,0.9469246561635236,0.8641897536409131,55.15876970166372,1.0100428899350575,0.6406302686108056,361871.5805379687,0.8565050464928273,1.2797087379604253
TERRENO,f0_w0.1_k8-8_e6.4,decil_valor,10,8,0.8854661010566007,0.892820476981879,1.313654155816086,0.8805833598230134,101.38966027717413,0.6572231890291691,1.262950058345519,4106580.255050138,1.7898753545903496,0.6523870911982341
TERRENO,f0_w0.1_k8-8_e6.4,bairro,aberta dos morr,5,0.40519843728903093,0.6737906484524177,1.228249270323281,1.405198437289031,36.95675174297337,1.0601683744594128,0.5058879812361532,98177.94583626778,0.7975829949219299,0.5399028984149813
TERRENO,f0_w0.1_k8-8_e6.4,bairro,azenha,4,0.7719522548609922,0.7639407622130536,0.8335989552096782,0.22804774513900786,25.40193570081024,1.0612970948409857,1.4876160009693737,855556.8397437125,2.3199668891559773,-0.13084724615261517
TERRENO,f0_w0.1_k8-8_e6.4,bairro,bela vista,1,0.4468733191333212,0.4468733191333212,0.4468733191333212,0.5531266808666788,0.0,1.0,0.5921682243695479,605960.2207447835,0.8882523365543218,
TERRENO,f0_w0.1_k8-8_e6.4,bairro,bom jesus,2,0.5096978520525475,0.5096978520525475,0.5105372700773432,0.49030214794745264,0.2140052894704358,1.0,0.7127357393689293,35678.925245348146,1.0696374773178503,
TERRENO,f0_w0.1_k8-8_e6.4,bairro,campo novo,2,0.9470917546308149,0.9470917546308149,1.1526976762667018,1.9470917546308149,13.199552688444799,1.0162142091160113,0.6575486600790428,168722.41199232158,1.0317580488581222,
TERRENO,f0_w0.1_k8-8_e6.4,bairro,cristal,3,0.14151958021648547,0.1845623048326386,0.25395705346709063,0.8698990874983116,16.231231418439272,1.010792848988722,0.18014754667933966,82083.3468870328,0.2957821688972468,
TERRENO,f0_w0.1_k8-8_e6.4,bairro,espirito santo,2,0.5258642811756145,0.5258642811756145,0.8878669997271117,1.5258642811756145,29.655546942925792,1.048287446025682,0.3765334191372305,160159.68067696664,0.6855316965575909,
TERRENO,f0_w0.1_k8-8_e6.4,bairro,farrapos,3,1.2402069328511316,1.3217863071281413,1.4360661940910102,2.2402069328511316,3.644157848057484,0.9788242782147745,0.8411277511299646,6616025.770163364,1.2642238387489058,
TERRENO,f0_w0.1_k8-8_e6.4,bairro,floresta,1,2.5523309503439426,2.5523309503439426,2.5523309503439426,3.5523309503439426,0.0,1.0,1.2676039937467842,1071978.999144456,1.9014059906201763,
TERRENO,f0_w0.1_k8-8_e6.4,bairro,guaruja,3,0.20019946210177952,1.113598113658874,2.493001594282007,1.2001994621017795,83.09200457230817,1.2705008231591959,0.5523176022176121,129273.6707348527,0.9709970801878791,
TERRENO,f0_w0.1_k8-8_e6.4,bairro,hipica,8,0.6140761998467628,0.903665635403109,1.7370805525377642,0.7698377655442117,110.85036858958458,1.3468553228331936,0.7252824319305426,127105.03144714916,1.2820823359734106,-0.2650749987662915
TERRENO,f0_w0.1_k8-8_e6.4,bairro,jar leopoldina,3,1.415411987961821,1.418526656852558,1.5149240198221459,2.415411987961821,3.304282032381041,0.9999999999999998,0.8823414084085242,170627.07400928903,1.331537047481535,
TERRENO,f0_w0.1_k8-8_e6.4,bairro,jardim carvalho,1,0.8604019519282557,0.8604019519282557,0.8604019519282557,0.13959804807174425,0.0,1.0,1.9689880710457137,279630.6343766831,2.9534821065685706,
TERRENO,f0_w0.1_k8-8_e6.4,bairro,jardim floresta,1,0.20804003877934796,0.20804003877934796,0.20804003877934796,1.208040038779348,0.0,1.0,0.18899924364824097,171633.031992962,0.28349886547236147,
TERRENO,f0_w0.1_k8-8_e6.4,bairro,lomba pinheiro,2,0.2903654140923867,0.2903654140923867,0.43727657909860795,1.1836389562577767,24.53158647383603,0.9327038111809914,0.25042259275965795,37145.89926311306,0.4308821296658006,
TERRENO,f0_w0.1_k8-8_e6.4,bairro,mario quintana,12,0.9537057867257113,1.1813882430963554,1.7731711161320767,1.9432730492710861,48.445613799977544,1.2601830458321788,1.105556397146935,127835.33378954449,1.6744857692153354,0.10799426333817318
TERRENO,f0_w0.1_k8-8_e6.4,bairro,medianeira,1,0.5990923180927119,0.5990923180927119,0.5990923180927119,0.40090768190728815,0.0,1.0,0.9140240978627602,245627.85041801186,1.3710361467941403,
TERRENO,f0_w0.1_k8-8_e6.4,bairro,navegantes,1,0.4071924225657808,0.4071924225657808,0.4071924225657808,1.4071924225657808,0.0,1.0,0.341596529666751,244315.45353946846,0.5123947945001266,
TERRENO,f0_w0.1_k8-8_e6.4,bairro,nonoai,1,0.4839596804422184,0.4839596804422184,0.4839596804422184,1.4839596804422184,0.0,1.0,0.3947139748627609,120989.92011055461,0.5920709622941414,
TERRENO,f0_w0.1_k8-8_e6.4,bairro,parque sta fe,3,0.32941004517070316,0.3841313254728351,0.49621649590639716,1.3294100451707032,6.339962272522463,1.014039015201279,0.3219916113115759,90445.76808491006,0.4871798418549679,
TERRENO,f0_w0.1_k8-8_e6.4,bairro,ponta grossa,1,0.4380653798843468,0.4380653798843468,0.4380653798843468,1.4380653798843468,0.0,1.0,0.36329872410978403,26283.922793060803,0.544948086164676,
TERRENO,f0_w0.1_k8-8_e6.4,bairro,restinga,2,0.31728324970343436,0.31728324970343436,0.3637519772577009,0.9419140905571668,33.68494567437175,1.1445819248433047,0.3505344724091541,153006.22623023196,0.5321871599635494,
TERRENO,f0_w0.1_k8-8_e6.4,bairro,rubem berta,1,0.7336009694606751,0.7336009694606751,0.7336009694606751,1.733600969460675,0.0,1.0,0.550200730458058,135716.1793502249,0.825301095687087,
TERRENO,f0_w0.1_k8-8_e6.4,bairro,santa m goretti,1,0.3515041119511595,0.3515041119511595,0.3515041119511595,1.3515041119511595,0.0,1.0,0.30121812923891883,228477.67276825372,0.4518271938583782,
TERRENO,f0_w0.1_k8-8_e6.4,bairro,santa tereza,1,1.3835043793018742,1.3835043793018742,1.3835043793018742,2.383504379301874,0.0,1.0,0.8685718330018879,553401.7517207497,1.3028577495028317,
TERRENO,f0_w0.1_k8-8_e6.4,bairro,santana,1,1.1702975117900647,1.1702975117900647,1.1702975117900647,2.1702975117900647,0.0,1.0,0.7748642603621225,631960.6563666349,1.1622963905431838,
TERRENO,f0_w0.1_k8-8_e6.4,bairro,sao joao,1,0.5726197590844919,0.5726197590844919,0.5726197590844919,1.572619759084492,0.0,1.0,0.45274286509286765,246226.49640633154,0.6791142976393014,
TERRENO,f0_w0.1_k8-8_e6.4,bairro,sarandi,4,1.4181004178833043,1.866258071140094,3.6380090554697473,1.8149661177759793,102.8260556966742,2.353403640082925,1.7074276611283645,533286.3750623154,2.690457519085385,-1.2322984539773796
TERRENO,f0_w0.1_k8-8_e6.4,bairro,setimo ceu,1,0.18476029031869734,0.18476029031869734,0.18476029031869734,0.8152397096813027,0.0,1.0,0.20427308667841423,39767.36146349966,0.30640963001762134,
TERRENO,f0_w0.1_k8-8_e6.4,bairro,vila nova,5,0.35779244352529727,0.36783534262020706,0.5612976526223935,0.6909785228968198,44.289516541930055,1.0815365935484393,0.47439080705487635,165825.40807435388,0.8091292677338151,0.4581310459964103
TERRENO,f0_w0.1_k8-8_e6.4,tile,-3334|-4931,3,1.2402069328511316,1.3217863071281413,1.4360661940910102,2.2402069328511316,3.644157848057484,0.9788242782147745,0.8411277511299646,6616025.770163364,1.2642238387489058,
TERRENO,f0_w0.1_k8-8_e6.4,tile,-3335|-4924,1,1.8578138089306537,1.8578138089306537,1.8578138089306537,2.8578138089306537,0.0,1.0,1.050056930055424,588926.9774310172,1.575085395083136,
TERRENO,f0_w0.1_k8-8_e6.4,tile,-3335|-4925,1,4.400949875415073,4.400949875415073,4.400949875415073,5.400949875415073,0.0,1.0,1.6865748409557786,275059.36721344205,2.529862261433668,
TERRENO,f0_w0.1_k8-8_e6.4,tile,-3336|-4924,1,0.22788157337869508,0.22788157337869508,0.22788157337869508,0.7721184266213049,0.0,1.0,0.25861733836309636,84316.18215011718,0.38792600754464457,
TERRENO,f0_w0.1_k8-8_e6.4,tile,-3337|-4921,1,0.7336009694606751,0.7336009694606751,0.7336009694606751,1.733600969460675,0.0,1.0,0.550200730458058,135716.1793502249,0.825301095687087,
TERRENO,f0_w0.1_k8-8_e6.4,tile,-3337|-4922,3,0.32941004517070316,0.3841313254728351,0.49621649590639716,1.3294100451707032,6.339962272522463,1.014039015201279,0.3219916113115759,90445.76808491006,0.4871798418549679,
TERRENO,f0_w0.1_k8-8_e6.4,tile,-3337|-4923,1,0.978387026835955,0.978387026835955,0.978387026835955,0.02161297316404496,0.0,1.0,3.8344615351391584,841412.8430789213,5.751692302708737,
TERRENO,f0_w0.1_k8-8_e6.4,tile,-3337|-4927,1,0.20804003877934796,0.20804003877934796,0.20804003877934796,1.208040038779348,0.0,1.0,0.18899924364824097,171633.031992962,0.28349886547236147,
TERRENO,f0_w0.1_k8-8_e6.4,tile,-3337|-4929,1,0.3515041119511595,0.3515041119511595,0.3515041119511595,1.3515041119511595,0.0,1.0,0.30121812923891883,228477.67276825372,0.4518271938583782,
TERRENO,f0_w0.1_k8-8_e6.4,tile,-3337|-4930,1,0.5726197590844919,0.5726197590844919,0.5726197590844919,1.572619759084492,0.0,1.0,0.45274286509286765,246226.49640633154,0.6791142976393014,
TERRENO,f0_w0.1_k8-8_e6.4,tile,-3337|-4932,1,0.4071924225657808,0.4071924225657808,0.4071924225657808,1.4071924225657808,0.0,1.0,0.341596529666751,244315.45353946846,0.5123947945001266,
TERRENO,f0_w0.1_k8-8_e6.4,tile,-3338|-4923,1,1.539802027787227,1.539802027787227,1.539802027787227,2.539802027787227,0.0,1.0,0.9320861361767717,184776.24333446723,1.3981292042651576,
TERRENO,f0_w0.1_k8-8_e6.4,tile,-3338|-4932,1,2.5523309503439426,2.5523309503439426,2.5523309503439426,3.5523309503439426,0.0,1.0,1.2676039937467842,1071978.999144456,1.9014059906201763,
TERRENO,f0_w0.1_k8-8_e6.4,tile,-3339|-4922,1,1.8544451774969941,1.8544451774969941,1.8544451774969941,2.854445177496994,0.0,1.0,1.048877490596476,174317.84668471746,1.573316235894714,
TERRENO,f0_w0.1_k8-8_e6.4,tile,-3339|-4923,5,1.415411987961821,1.3616522853855941,1.757925154073984,2.415411987961821,13.569498800289026,1.0397687773184314,0.8398388939155514,157869.51593389755,1.3341967543747846,-1.2301876527785998
TERRENO,f0_w0.1_k8-8_e6.4,tile,-3340|-4921,1,1.7748590370621757,1.7748590370621757,1.7748590370621757,2.7748590370621757,0.0,1.0,1.0205999484530917,85832.99946748387,1.5308999226796374,
TERRENO,f0_w0.1_k8-8_e6.4,tile,-3340|-4922,3,1.0234604919907033,1.1543182148881976,1.465818935296077,2.0234604919907033,11.750875005046039,1.0158354858708292,0.7578131982645447,73204.7810636737,1.1474506723982965,
TERRENO,f0_w0.1_k8-8_e6.4,tile,-3341|-4921,4,0.844965019662764,0.7479791434437449,0.8781521121677333,0.155034980337236,81.4699940107611,0.9628950491542608,1.6098758378477656,133094.1867128204,2.764508505013573,1.1256009523803778
TERRENO,f0_w0.1_k8-8_e6.4,tile,-3341|-4928,2,0.5096978520525475,0.5096978520525475,0.5105372700773432,0.49030214794745264,0.2140052894704358,1.0,0.7127357393689293,35678.925245348146,1.0696374773178503,
TERRENO,f0_w0.1_k8-8_e6.4,tile,-3341|-4930,1,0.4468733191333212,0.4468733191333212,0.4468733191333212,0.5531266808666788,0.0,1.0,0.5921682243695479,605960.2207447835,0.8882523365543218,
TERRENO,f0_w0.1_k8-8_e6.4,tile,-3342|-4926,1,0.8604019519282557,0.8604019519282557,0.8604019519282557,0.13959804807174425,0.0,1.0,1.9689880710457137,279630.6343766831,2.9534821065685706,
TERRENO,f0_w0.1_k8-8_e6.4,tile,-3342|-4931,1,1.1702975117900647,1.1702975117900647,1.1702975117900647,2.1702975117900647,0.0,1.0,0.7748642603621225,631960.6563666349,1.1622963905431838,
TERRENO,f0_w0.1_k8-8_e6.4,tile,-3342|-4932,3,0.7513593344447378,0.734856538842879,0.7843080071107448,0.24864066555526226,17.68014203362917,1.1091988950813612,1.34845199464356,920880.9349606463,2.140344636548905,
TERRENO,f0_w0.1_k8-8_e6.4,tile,-3342|-4933,1,0.8511934323235775,0.8511934323235775,0.8511934323235775,0.14880656767642247,0.0,1.0,1.9051080199468151,619552.2052313361,2.8576620299202227,
TERRENO,f0_w0.1_k8-8_e6.4,tile,-3343|-4932,1,0.5990923180927119,0.5990923180927119,0.5990923180927119,0.40090768190728815,0.0,1.0,0.9140240978627602,245627.85041801186,1.3710361467941403,
TERRENO,f0_w0.1_k8-8_e6.4,tile,-3344|-4934,1,1.3835043793018742,1.3835043793018742,1.3835043793018742,2.383504379301874,0.0,1.0,0.8685718330018879,553401.7517207497,1.3028577495028317,
TERRENO,f0_w0.1_k8-8_e6.4,tile,-3345|-4935,1,0.28206642177974195,0.28206642177974195,0.28206642177974195,1.282066421779742,0.0,1.0,0.2484731682169728,112826.56871189678,0.3727097523254592,
TERRENO,f0_w0.1_k8-8_e6.4,tile,-3346|-4933,1,0.4839596804422184,0.4839596804422184,0.4839596804422184,1.4839596804422184,0.0,1.0,0.3947139748627609,120989.92011055461,0.5920709622941414,
TERRENO,f0_w0.1_k8-8_e6.4,tile,-3346|-4934,2,0.13581024635908695,0.13581024635908695,0.14037771344500577,0.8641897536409131,0.6606574347062738,1.0000000000000002,0.1459847359105231,61168.590392580205,0.220617835508262,
TERRENO,f0_w0.1_k8-8_e6.4,tile,-3347|-4924,1,0.1067264578346101,0.1067264578346101,0.1067264578346101,0.8932735421653899,0.0,1.0,0.11286242679716132,6403.587470076607,0.169293640195742,
TERRENO,f0_w0.1_k8-8_e6.4,tile,-3348|-4932,1,0.09233675215541592,0.09233675215541592,0.09233675215541592,1.092336752155416,0.0,1.0,0.08831921087774004,18467.350431083207,0.13247881631661007,
TERRENO,f0_w0.1_k8-8_e6.4,tile,-3349|-4923,1,0.4740043703501633,0.4740043703501633,0.4740043703501633,1.4740043703501633,0.0,1.0,0.3879827587221546,52140.480738517974,0.581974138083232,
TERRENO,f0_w0.1_k8-8_e6.4,tile,-3350|-4936,1,0.18476029031869734,0.18476029031869734,0.18476029031869734,0.8152397096813027,0.0,1.0,0.20427308667841423,39767.36146349966,0.30640963001762134,
TERRENO,f0_w0.1_k8-8_e6.4,tile,-3351|-4930,4,0.3956911506823777,0.4367099902364048,0.582582285086216,0.6286943325286809,44.88655887031411,1.0601942089825258,0.5709087060991604,185168.36040694528,0.9444062060673084,0.7956587876826818
TERRENO,f0_w0.1_k8-8_e6.4,tile,-3352|-4931,2,0.9470917546308149,0.9470917546308149,1.1526976762667018,1.9470917546308149,13.199552688444799,1.0162142091160113,0.6575486600790428,168722.41199232158,1.0317580488581222,
TERRENO,f0_w0.1_k8-8_e6.4,tile,-3353|-4931,1,1.2813670039171074,1.2813670039171074,1.2813670039171074,2.2813670039171074,0.0,1.0,0.82477482642173,112119.6128427469,1.237162239632595,
TERRENO,f0_w0.1_k8-8_e6.4,tile,-3353|-4932,2,0.6109667764593922,0.6109667764593922,1.0410514912379116,1.6109667764593922,33.37163132902765,1.1355763308982119,0.41779924258233136,122110.5973672259,0.8032157127226335,
TERRENO,f0_w0.1_k8-8_e6.4,tile,-3353|-4933,1,0.978367679364986,0.978367679364986,0.978367679364986,1.978367679364986,0.0,1.0,0.6822721003371681,225318.07655775629,1.0234081505057522,
TERRENO,f0_w0.1_k8-8_e6.4,tile,-3354|-4928,2,0.6449183230919542,0.6449183230919542,0.6686021352881826,0.3550816769080458,8.33745224565676,1.006894390154768,1.0388952321269116,135087.0007054415,1.5808779490881255,
TERRENO,f0_w0.1_k8-8_e6.4,tile,-3354|-4929,1,0.2591339298894625,0.2591339298894625,0.2591339298894625,0.7408660701105375,0.0,1.0,0.2999354121129128,25550.605487101,0.44990311816936923,
TERRENO,f0_w0.1_k8-8_e6.4,tile,-3354|-4930,2,0.8081360394994105,0.8081360394994105,0.9643737976214534,1.8081360394994106,10.801023451013252,1.0002205276669984,0.5864291047607807,183111.43649209198,0.9096901661781487,
TERRENO,f0_w0.1_k8-8_e6.4,tile,-3354|-4932,1,0.07439275154777825,0.07439275154777825,0.07439275154777825,1.0743927515477782,0.0,1.0,0.07175561969238523,5058.707105248919,0.10763342953857784,
TERRENO,f0_w0.1_k8-8_e6.4,tile,-3354|-4933,2,1.6332007947144218,1.6332007947144218,2.7796018608045356,2.633200794714422,54.420511169869044,1.481118655501734,0.7925985934802254,158286.85245182656,1.6091487659027164,
TERRENO,f0_w0.1_k8-8_e6.4,tile,-3355|-4926,1,0.25919734026060115,0.25919734026060115,0.25919734026060115,1.2591973402606012,0.0,1.0,0.23047448643337795,64799.335065150284,0.3457117296500669,
TERRENO,f0_w0.1_k8-8_e6.4,tile,-3355|-4927,1,0.37536915914626756,0.37536915914626756,0.37536915914626756,0.6246308408537324,0.0,1.0,0.47059445838493025,206453.03753044718,0.7058916875773954,
TERRENO,f0_w0.1_k8-8_e6.4,tile,-3355|-4930,3,0.41396760069259997,1.3546941427175598,2.841932950888893,0.798809460977886,161.19371297053718,2.1252555173989625,0.7505584565186814,91352.95442241218,1.642805175020951,
TERRENO,f0_w0.1_k8-8_e6.4,tile,-3355|-4931,3,0.3502269735495005,0.3130045228041461,0.39420414454112485,1.183588157573907,21.27500758335247,1.059731978354195,0.31328711084388877,45955.60424941155,0.479757960605873,
TERRENO,f0_w0.1_k8-8_e6.4,tile,-3356|-4929,1,0.4380653798843468,0.4380653798843468,0.4380653798843468,1.4380653798843468,0.0,1.0,0.36329872410978403,26283.922793060803,0.544948086164676,
TERRENO,baseline,periodo_ou_espaco,teste_espacial,60,1.0952730977274163,1.5733075417961055,3.339723174355209,2.095273097727416,52.397436191458254,1.2860048528086168,0.8127268035699101,1098741.518089919,1.4393325446311944,-0.03706762631069228
TERRENO,f0_w0.1_k8-8_e6.4,periodo_ou_espaco,teste_espacial,60,0.6823037204615979,0.8009718533971675,1.5877875088206896,1.3546482777382285,55.91700766383798,0.9414967570944546,0.7760547091596954,1441472.3457529116,1.0977603394721236,0.044340451023379024
